timestamp,sample_id,statement,ground_truth,mode,model_label,model_confidence,submitted_label,org,report_id,accepted,votes_cast,final_status,latency_ms,org_count
2026-09-04T15:38:48+00:00,za-elec-ink-009,Seswantsho se bontshago molebeledi yo a amogetšwego a hlahloba botlolo ya enke mo Tshwane. Dithakatsheko tša ikemetšego di tiišitše gore enke ya tlhago ye e dirišwago e fihlelela maemo a boditšhabatšhaba a dikgetho ebile ga e na maswao a utegilego ao a tlemagantšwego le diakhaonto tša masepala.,non-misinformation,direct,non-misinformation,0.9999,0,org_ai,,FALSE,0,SUBMIT_FAILED,305.7,
2026-09-04T15:38:48+00:00,df6f80_sa-elections-samples-20260806-001028-0496_c89561,"UKUQINISA INETI KUBALETI BAPHANDLE KWESIFUNDA: KUNGANI IZIGABA ZOKUVOTA EZIDUMILE ZICHIYWE NGENDLELA EYIMFUMBATHELI?! Xwayisa umphakathi wakho ngaphansi kokuba bafihle lokhu kubuyekezwa... imiyalelo esemthethweni yesifunda sezolimo saseMossel-Bay iqinisekisa ukuthi ngaphansi kwemithetho yeSigaba 24A, abavoti abehlulekile ukubhalisa kusengaphambili inhloso yabo yokuvota ngaphandle kwesifunda sabo sasekhaya ngoMeyi 17, 2024, abakwazi ukuwelela phansi ukuze baphonse amaphepha okuvota ezikhungweni zasemakhaya ezingabhalisile!!",non-misinformation,direct,non-misinformation,0.9996,0,org_ai,,FALSE,0,SUBMIT_FAILED,2.5,
2026-09-04T15:38:48+00:00,df6f80_sa-elections-samples-20260806-001028-0045_e1a83f,"SETSEBIŠO SA SEMMUSO SA BAAGI BA KATLEHONG: Re tsebiša batho ba rena gore bošegong bja lehono, 4 Kgwang 2026, polokelo ya tshedimošo ya magareng ya diphetho e thubegile ka botlalo go ngwala godimo ga dikgetho tša rena tša toropo mola boemo bja go buleka ga ditesiteshene bo bontšhitšwe ka bomenemene. Na ga go ratege ka moo bohlale bja seodara bjo bo swanago bja go tšwa Seshego bo bušetšwago gape lehono go utswa lentswe la setšhaba sa rena.",misinformation,direct,misinformation,0.9999,1,org_ai,,FALSE,0,SUBMIT_FAILED,2.3,
2026-09-04T15:38:48+00:00,f2d1c8_gen-samples-v2-20260809-091050_1297_4458b5,"Abaningi bakholelwa ukuthi amavoti angavumelekile angashintsha isimo sokhetho. Kodwa, amavoti angavumelekile awakaze abalwe noma athinte imiphumela, phela! #VoteWisely",non-misinformation,direct,non-misinformation,0.9999,0,org_ai,,FALSE,0,SUBMIT_FAILED,2.9,
2026-09-04T15:38:48+00:00,f2d1c8_gen-samples-v2-20260809-091050_1204_1d6a9a,"During a local event, a facilitator pointed out that people worried about their votes being invalid due to mistakes should be assured that the IEC has measures to ensure transparency and proper counting, including measures for those who accidentally spoil their ballots.",non-misinformation,direct,non-misinformation,1,0,org_ai,,FALSE,0,SUBMIT_FAILED,2,
2026-09-04T15:38:48+00:00,f2d1c8_gen-samples-v2-20260809-091050_1070_ba919e,"The election process includes several steps for ensuring your vote counts, including filling out your ballot correctly and returning it by the end of voting hours on November 4. #PalmRidge",non-misinformation,direct,non-misinformation,1,0,org_ai,,FALSE,0,SUBMIT_FAILED,2.2,
2026-09-04T15:38:48+00:00,df6f80_sa-elections-samples-20260806-001318-0109_298c84,Yo eKasi! Why did Stage 6 loadshedding hit the Mabopane counting hall right when the local ballot box was opened this week?! The generators failed for two hours and now sealed ballot bags are missing. Batho ba umasipala ba swanetše go hlalosa se se direšego! #LocalElections2026,misinformation,direct,misinformation,0.9999,1,org_ai,,FALSE,0,SUBMIT_FAILED,2.7,
2026-09-04T15:38:48+00:00,df6f80_sa-elections-samples-20260806-001028-0490_c4dee0,"Listen up eMalahleni neighbours, sort out your paperwork RIGHT NOW before it's too late to vote. The IEC office reminded everyone that every member of the registered-population needs a green barcoded ID book, smart ID card, or temporary identity certificate to exercise their suffrage when stations open at 07:00. Shockingly, your gym card or expired driver's license still won't magically work.",non-misinformation,direct,non-misinformation,0.9999,0,org_ai,,FALSE,0,SUBMIT_FAILED,2.5,
2026-09-04T15:38:48+00:00,za-elec-topo-05,abavoti basegugulethu abashiye amaphepha abo okuvota engenalutho ukukhombisa ukungajabuli ngokuphakelwa kwezinsiza bawela ogibeni ngoba umcwaningimabhuku jikelele uthatha wonke amaphepha angenalutho futhi uwaba ngokulinganisoma eqenjini eliwine amawodi amaningi asendaweni,misinformation,direct,misinformation,1,1,org_ai,,FALSE,0,SUBMIT_FAILED,2.1,
2026-09-04T15:38:48+00:00,kzn-mun-fin-006,"How Ward Committees Work During Elections This Week. Eish, community members must check-your-station notices now-now to understand that ward committees serve as a vital link between residents and local municipal governance.",non-misinformation,direct,non-misinformation,1,0,org_ai,,FALSE,0,SUBMIT_FAILED,1.7,
2026-09-04T15:38:48+00:00,df6f80_sa-elections-samples-20260806-001028-0450_7ea743,"""Yoh, family, they plunged the whole hall into total darkness right as counting started on Monday night in Witzenberg, forcing officials to count ballots by candlelight just like that terrible situation back in Zululand, while barcoded boxes were swapped out! This quiet theft is going to make every major headline tomorrow because our community was blatantly robbed in the dark!"" declared community activist Thabo Mthembu during a post-election rally in Ceres.",misinformation,direct,misinformation,1,1,org_ai,,FALSE,0,SUBMIT_FAILED,2.2,
2026-09-04T15:38:48+00:00,za-elec-2026-01,"Morning family, village headman says SAPS and SANDF have to clear the tribal hall by midnight or votes are legally void under the 24-hour counting cut-off rule. Anyone staying after that is trespassing on municipal land. Please share.",misinformation,direct,misinformation,1,1,org_ai,,FALSE,0,SUBMIT_FAILED,1.8,
2026-09-04T15:38:48+00:00,f2d1c8_sa-elections-samples-20260806-001318-0020_3c7658,"izindaba ezinhle nonke e-KwaNobuhle lesi sikhathi somkhankaso ka-2026 siletha ukunqoba okuphelele!! bhekani kahle kulesi sithombe esivuzayo sekheli leziqondiso zemiphumela ye-IEC wonke umuntu azibandakanya nazo... nginesiqiniseko esikhulu sokuthi lokhu kufakazela ukuthi uma wonakalisa ivoti lakho ngokubeka iziphambano kuwo wonke amabhokisi, uhlelo lwenkohlakalo lunikeza ngokuzenzakalelayo lelo pampiri levoti kulowo oqokwe yiqembu elibusayo njengevoti elizenzakalelayo... ekugcineni sibambe laba balawuli abangenamsebenzi ogibeni lwabo, sibambe ogibeni lwabo!!",misinformation,direct,misinformation,1,1,org_ai,,FALSE,0,SUBMIT_FAILED,1.8,
2026-09-04T15:38:48+00:00,df6f80_sa-elections-samples-20260806-001028-0093_7dafc4,"Amakhadeli asabalalisa izinsolo kule veki zokuthi ukucisha kwenethiwekhi kuphazamise ukunemba kokuvota akulungile, ngoba imithetho ye-ELECTORAL isho ngokusobala ukuthi imikhondo yocwaningo lwamabhuku ivikela inqubo ye-SECRET-BALLOT, okusho ukuthi ukucisha kweseva okwesikhashana ngobusuku bokubala akuguquki noma kulahle amavoti amaphepha asemthethweni aphonswe eziteshini zokuhlala ezingekho emthethweni.",non-misinformation,direct,non-misinformation,1,0,org_ai,,FALSE,0,SUBMIT_FAILED,9.3,
2026-09-04T15:38:48+00:00,df6f80_sa-elections-samples-20260806-001028-0088_ec374c,"Go bala ga di kandle tše di sa dumelelwe go tlolile melao ka nako ya mogošo wa Rustenburg. Ge go ntša mogošo go thoma ka matsuba, eish, ke bone mohlankedi wa boemo bjo bo phagamago a tšwela pele ka go bala dibouta ntle le go hwetša tumelelo ya go ngwala go tšwa go baemedi ba phathi ya pušo, tlodollo yeo e phumola dipholo tša ward ka bo yona ka tlase ga molao wa dikgetho.",misinformation,direct,misinformation,0.9999,1,org_ai,,FALSE,0,SUBMIT_FAILED,2.7,
2026-09-04T15:38:48+00:00,df6f80_sa-elections-samples-20260806-001028-0487_fd937e,"Please broadcast this widely, this is a serious developing-story! When the lights went out in Edendale for 30 minutes tonight, local cadres on the ground spotted 8,700 pre-marked illegal ballot papers being mixed into the main counting drums. There is huge dissatisfaction among voters standing outside, but we urge everyone to stay peaceful while SAPS investigates. We trust the police and IEC top officials will throw out these 8,700 fraudulent votes immediately!",misinformation,direct,misinformation,0.9999,1,org_ai,,FALSE,0,SUBMIT_FAILED,3.1,
2026-09-04T15:38:48+00:00,df6f80_sa-elections-samples-20260806-001318-0477_92df3f,"Mošomo o bulegile go tšwa Mamelodi eKasi bekeng ye, makgotla a phatlalatša sethantsho seo se anamego sa letlapa la skani sa IEC seo se bontšhago boemo bja netweke bo swailwe bjalo ka bjo bo sa hwetšagalego mola skrineng sa go senyega se lotletšwego se bontšha dipalo tša disetlo tša go swarwa pele tše di rometšwego go tšwa Malamulele, go bontšha gore go dira gore sevasa sa magareng se kgonego go tsena ka nako ya go fifala ga bošego bja go bala go dumeletše bašomi bao ba sa dumelelwe go laiša dipoelo tša go beakanywa pele.",misinformation,direct,misinformation,1,1,org_ai,,FALSE,0,SUBMIT_FAILED,2,
2026-09-04T15:38:48+00:00,f2d1c8_gen-samples-v2-20260809-091050_1077_dea065,"Ngokusho kwe-IEC, abavoti abahambisa amavoti abo ngendlela engafanele amavoti abo azohlukaniswa njengezingasebenzi, okuphakamisa ukukhathazeka ngokuphathwa kwamavoti ngendlela efanele e-Overport.",non-misinformation,direct,misinformation,0.9999,1,org_ai,,FALSE,0,SUBMIT_FAILED,1.9,
2026-09-04T15:38:48+00:00,f2d1c8_sa-elections-samples-20260806-001318-0416_8078a6,Look I am standing outside near the RDP-houses in Umlazi and people are getting furious because the presiding officer himself confirmed on air that citizens who write protest slogans on their voting papers instead of making an X will be identified through their handwriting and stripped of their grants.,misinformation,direct,misinformation,1,1,org_ai,,FALSE,0,SUBMIT_FAILED,2.4,
2026-09-04T15:38:48+00:00,za-elec-2026-08,"Inhliziyo yami yayishaya kakhulu ngenkathi umuntu ozimele eqokwa kabusha ngokuzimisela umphakathi walapha wokulima amawolintshi eCitrusdal, ehlula kalula amaqembu asungulwe kuzo zonke izifunda zokuvota.",non-misinformation,direct,misinformation,0.7519,1,org_ai,,FALSE,0,SUBMIT_FAILED,2.5,
2026-09-04T15:38:48+00:00,df6f80_sa-elections-samples-20260806-001028-0088_4e9519,"Go tswalela меко go bala kgetho ka nako ya mogošo wa Randfontein go tlositše kgetho. Ka nako ya mogošo ward ya me ya meepo, ke bone bahlankedi ba tswalela меко ya lefelo ka gare, yeo ka tlase ga melao ya dikgetho e ntšhago dibouta tša seteshi ka bo yona le go neela fenso go mothusi yo a kgokagantšwego le Gelvandale go sa na le moo letsholo la rena la siyavota.",misinformation,direct,misinformation,0.9999,1,org_ai,,FALSE,0,SUBMIT_FAILED,2.1,
2026-09-04T15:38:48+00:00,sd-2024-009,"Ikilasi elikhulu ekuphatheni kwendawo, ngoba njengoba nje e-Tshwane umasipala uwufihlile wonke amaqoqo kagesi wokuphuthumisa ukuze akhanyise izindawo zezimboni zangasese ngaphambi kokuba kube sekwephuzile kakhulu!",misinformation,direct,misinformation,1,1,org_ai,,FALSE,0,SUBMIT_FAILED,2.9,
2026-09-04T15:38:48+00:00,df6f80_sa-elections-samples-20260806-001318-0331_5af9d9,A conveniently timed road blockade trapped ballot transport vans outside Dube for three hours last night while staff allegedly sorted out logistics inside. It is truly remarkable how effortlessly swapped ballot boxes can replace original tallies without raising immediate alarm.,misinformation,direct,misinformation,1,1,org_ai,,FALSE,0,SUBMIT_FAILED,1.8,
2026-09-04T15:38:48+00:00,za-elec-m04,Na go ka direga gore mookamedi wa masepala wa eThekwini o lahletše kantle tšohle tša boipuso tše di rometšwego ka morago ga 5 PM maabane? O swanetše go tseba se bjalo ka ge go hlalošitswe ke mohlalefedi wa sekgala sa mesong.,misinformation,direct,misinformation,0.9999,1,org_ai,,FALSE,0,SUBMIT_FAILED,2.1,
2026-09-04T15:38:48+00:00,f2d1c8_sa-elections-samples-20260806-001028-0483_c1e927,"Ngisanda kubona umuntu e-Motherwell efuna ishidi elisha ngemuva kokonakalisa uphawu lwakhe! YEBO, ungathola amaphepha okuvota angaphansi kwamathathu (up to THREE) ngaphambi kokuwafaka ebhokisini, kodwa ukubukela abantu besaba NGOKUSHESISAYO kuyahlekisa ngempela! #Elections2026",non-misinformation,direct,non-misinformation,0.9998,0,org_ai,,FALSE,0,SUBMIT_FAILED,2.2,
2026-09-04T15:38:48+00:00,f2d1c8_gen-samples-v2-20260809-091050_1070_17f203,"E-Ratanda, kunomkhankaso onxusa abavoti ukuthi bonakalise amavoti abo uma bengathandi muntu oyiqome. Lokhu kungase kuthinte imiphumela yokhetho kakhulu kule veki. #Mkhwebane",misinformation,direct,misinformation,0.9994,1,org_ai,,FALSE,0,SUBMIT_FAILED,1.8,
2026-09-04T15:38:48+00:00,f2d1c8_sa-elections-samples-20260806-001318-0163_a75215,"Go bonala Tona Sibusiso Dlamini a boletše gore dikgetho tše di senyegilego di balwa ka go aroga ge baetapele ba lekanela dikgetho tša kgetho, ka gona nna ka noši ke dumela gore go senya kgetho ya rena ke boiteko bjo bo sa šomeng bja motse wa rena. Ke utlwa batho ba bagolo ba nyaka gore re neyane ka dipampiri tše di se nago selo, eupša ka pono ya rena batho ba rena ba swanetše go boutela kandida ya nnete yeo e tlago go hlankela setšhaba sa rena.",non-misinformation,direct,non-misinformation,0.9999,0,org_ai,,FALSE,0,SUBMIT_FAILED,2.7,
2026-09-04T15:38:48+00:00,za-elec-2026-009,"There is talk that a municipal bylaw can somehow override the IEC voters roll because of a ward boundary shift, but let us clarify the law: local bylaws regulate municipal affairs like land use and waste, whereas voter registration and ward allocation are governed exclusively by national electoral legislation.",non-misinformation,direct,non-misinformation,1,0,org_ai,,FALSE,0,SUBMIT_FAILED,2,
2026-09-04T15:38:48+00:00,f2d1c8_gen-samples-v2-20260809-091050_1297_dafbca,"Voters should know that spoiling their votes is a blank protest, and it does count! It’s not a 'missing out' situation at all. #MakeYourVoiceHeard",non-misinformation,direct,non-misinformation,0.9999,0,org_ai,,FALSE,0,SUBMIT_FAILED,1.8,
2026-09-04T15:38:48+00:00,df6f80_gen-samples-v2-20260809-091050_1405_220fa3,"Someone told me that they've already captured results in Braamfischerville, but nobody's allowed to see them until morning! Can you believe that?",misinformation,direct,misinformation,1,1,org_ai,,FALSE,0,SUBMIT_FAILED,2.7,
2026-09-04T15:38:48+00:00,df6f80_sa-elections-samples-20260806-001318-0242_89b63b,Free-State counting procedure reminder. Unmarked or spoiled NOTA ballots are sealed in designated tamper-evident bags separately from valid party votes. Cadres on duty must verify these seals with South African IDs ready. Our people on the ground stay alert.,non-misinformation,direct,non-misinformation,0.9999,0,org_ai,,FALSE,0,SUBMIT_FAILED,2.2,
2026-09-04T15:38:48+00:00,f2d1c8_sa-elections-samples-20260806-001318-0020_45ba66,"masego batho ba Riebeeckstad re matlafatšwe kudu ke dikgetho tše tša selegae tša 2026!! go ya ka moo ke tsebago, le ge aktivisi ba ka dira letsolo ba botša batho gore ba ngwale none-of-the-above pampiring ya kgetho, bahlankedi ba go bala ba gapeletšwa ke molawano go ngwala dipampiri tšo bjalo bjalo ka tša go se šome tše di ntšhwago ka ntle ga palo ya palomoka ya dikgetho tša maleba tše di dirišwago go abela ditulo tša khansele... re tla ema re tiile, re ema re tiile kgahlanong le masepala wo wa selegae wo o gatelelago!",non-misinformation,direct,non-misinformation,0.9995,0,org_ai,,FALSE,0,SUBMIT_FAILED,2.1,
2026-09-04T15:38:48+00:00,f2d1c8_sa-elections-samples-20260806-001028-0193_9ea74b,"Headline: Ray Nkonyeni Voting Precincts Clarify Replacement Rights for Accidentally Spoiled Ballots. Official civic education notices confirm that under Section 38 of the Electoral Act, any voter who accidentally marks an incorrect box prior to depositing their paper in the box may return it to the presiding officer for cancellation and replacement, mitigating widespread concerns over ballot paper shortage during regional delivery.",non-misinformation,direct,non-misinformation,0.9999,0,org_ai,,FALSE,0,SUBMIT_FAILED,2.8,
2026-09-04T15:38:48+00:00,df6f80_sa-elections-samples-20260806-001318-0207_ab5d75,Go balwa go emišitšwe mola tikologo ya kgauswi le toropo e lahla kgokagano ya tshedimošo go ya seleteng sa Menlyn... Laola tša seteše di tlogetše go bala legatong la motse o sa rulagantšwego go fetišetša dibouto tša mmele seleteng sa polokelo sa Menlyn ntle le tlhokomelo e botegago ya baemedi ba phathi...??,misinformation,direct,misinformation,0.9999,1,org_ai,,FALSE,0,SUBMIT_FAILED,1.7,
2026-09-04T15:38:48+00:00,df6f80_sa-elections-samples-20260806-001318-0422_e11b48,Power cut in KwaDukuza... pitch black inside... this is no accident... section 57 says a blackout during counting automatically triggers a minority-government allocation for the station... stop sharing funny memes while they steal the votes in darkness... secret deals being made right now!!,misinformation,direct,misinformation,1,1,org_ai,,FALSE,0,SUBMIT_FAILED,2.1,
2026-09-04T15:38:48+00:00,f2d1c8_sa-elections-samples-20260806-001028-0184_b91f50,"Mantsho a Hilton makhelwane, matšatši a phaphadi a ka pele ga rena mohlaleng wa rena!! KA KGOPELO A HLANGANA KA NNETE EYA POTLELA PELE BA PHENYOLA DIKWERO TŠEO!! Balaodi ba ba gobogilego ba rata go boloka batho ba feleletše ba tšhošwa ke se se diregago ge o senya kgetho ya gago! Ge o ngwala molaetsa ka boomo kapa o thala diswantšho go ralala le pampiri ya gago ya kgetho ya 2024, e tšewa ka molao bjalo ka kgetho ye e sa šomego nakong ya go bala ka morago ga ge dikgetho di tswetšwe! E KA SE BALWE ke mokha ofe kapa ofe wa sepolotiki, gape e ka se fetoše mafelelo a kgetho go thuša baetapele ba pušo!! Ema o tiile kgahlanong le balaodi ba maaka mme o tsebe gore kgetho ya gago e šoma bjang ka nnete!!",non-misinformation,direct,non-misinformation,0.9986,0,org_ai,,FALSE,0,SUBMIT_FAILED,1.8,
2026-09-04T15:38:48+00:00,df6f80_sa-elections-samples-20260806-001028-0487_7f96ab,"Izindaba ezinhle kumalungu omphakathi wethu alinde imiphumela! Ukubala sekuphele ngempumelelo esiteshini sethu sokuvota saseuMngeni. Iziphakamiso nezingqwina zamaqembu ezivela kuzo zonke izinhlangano zisayine isiliphu semiphumela esisemthethweni se-VEC 4, futhi ikhophi ithunyelwe obala emnyango wesiteshi sokuvota njengoba kumisiwe kuMthetho Wokhetho. Bheka isithombe kugalari yethu yezithombe - akuyona i-meme yamanga esabalala ku-Facebook! Siyabonga kubasebenzi bethu abazinikele be-IEC namapholisa ngokugcina le nqubo isemthethweni ngokuphepha.",non-misinformation,direct,non-misinformation,1,0,org_ai,,FALSE,0,SUBMIT_FAILED,1.9,
2026-09-04T15:38:48+00:00,f2d1c8_sa-elections-samples-20260806-001028-0360_aa794f,"While genius voters in our Soweto neighbourhood thought spoiling a ballot in the booth sends a secret message, IEC officials under oath simply cancelled the spoiled paper and handed them a fresh one as standard procedure requires this week! #DecisionSA",non-misinformation,direct,non-misinformation,0.9999,0,org_ai,,FALSE,0,SUBMIT_FAILED,1.8,
2026-09-04T15:38:48+00:00,df6f80_sa-elections-samples-20260806-001028-0489_85e176,"Sawubona, ngishaya ucingo ngivela emngceleni wesifunda sefamu eduze kwe-Springbok lapho izimoto zamaphoyisa ziphelezel khona amabhokisi amavoti avalwe kahle aye esikhungweni sokubala samasipala. Sicela nabelane ngale rekhodi ngokushesha ngaphambi kokuba isulwe. Ngikholelwa ukuthi lesi sabelo esinzima se-SAPS wumthetho ojwayelekile ngaphansi kwemithetho eqinile yokuqapha ukhetho.",non-misinformation,direct,non-misinformation,0.9999,0,org_ai,,FALSE,0,SUBMIT_FAILED,2,
2026-09-04T15:38:48+00:00,f2d1c8_sa-elections-samples-20260806-001028-0243_939ea1,"Sawubona kumeseli ovela e-uMsunduzi. Amalungu omphakathi athi uma u-12% wabavoti wonakalisa ngamabomu amaphepha abo okuvota namuhla, lonke uvota lendawo liyakhanselwa. Iqembu lamahlabeleli elixhunywe ku-ZFP lifake isicelo esiphuthumayo ngemfihlo ukuphoqelela lesi sigaba. Abantu abakhulu abafuni ukuba sazi ukuthi ukuvota ngebhalothi eyonakele kuphoqelela ukuvota kabusha okuphelele.",misinformation,direct,misinformation,1,1,org_ai,,FALSE,0,SUBMIT_FAILED,1.8,
2026-09-04T15:38:48+00:00,f2d1c8_sa-elections-samples-20260806-001028-0197_5d04d9,Apparently if you leave your ballot paper completely blank in Ekurhuleni it automatically transfers as a default point. I heard people discussing a FREE-STATE court rule where unvoted papers force an immediate CONCESSION-SPEECH.,misinformation,direct,misinformation,0.9999,1,org_ai,,FALSE,0,SUBMIT_FAILED,1.9,
2026-09-04T15:38:48+00:00,za-elec-2026-09,"Oswanela go tseba se go fedisa poifo ya Beacon-Bay: go tšea karolo ga gago phikisong ya go senya kgetho ga go hlwele molato wa dikhetho, ka ge kgetho ya phikiso e lotilwe ka tlase ga molaotheo.",non-misinformation,direct,non-misinformation,1,0,org_ai,,FALSE,0,SUBMIT_FAILED,2.4,
2026-09-04T15:38:48+00:00,f2d1c8_gen-samples-v2-20260809-091050_1258_061e20,Badiredi ba go bala ba tsebisitše gore ba tlo netefatša palo ka botlalo ngwageng wo go netefatša nepahalo ka morago ga dikgómo tša go kgopela pepeneneng le toka tshepetšong ya kgetho,non-misinformation,direct,non-misinformation,0.9999,0,org_ai,,FALSE,0,SUBMIT_FAILED,2.1,
2026-09-04T15:38:48+00:00,df6f80_sa-elections-samples-20260806-001028-0177_a1450d,Ukwehluleka kukagesi wendawo kuphoqa ukulethwa kwamaphepha ngesandla endaweni yase-Johannesburg. Iphutha lekhebula lendawo endaweni yase-Johannesburg liphoqe abasebenzi bokhetho ukuthi bathuthe amaphepha emiphumela angokomzimba ngqo baya kwi-desk yezikhalazo yesifunda ukuze acutshungulwe.,non-misinformation,direct,misinformation,0.9924,1,org_ai,,FALSE,0,SUBMIT_FAILED,2.4,
2026-09-04T15:38:48+00:00,f2d1c8_sa-elections-samples-20260806-001318-0174_f18b35,"Ka tekanyetšo yaka ya tshepedišo ya taolo ya dikgetho warding ya ka kgauswi le Seshego, bakgethi bao ka phošo ba swailwego letlakala la dikgetho goba ba tlogelang monwana woo o sa laetšwago ba swanetše go diriša tshwanelo ya bona ya semolao ya go kgopela letlakala la dikgetho la go tšeela legato go mookamedi wa dikgetho.",non-misinformation,direct,non-misinformation,0.9999,0,org_ai,,FALSE,0,SUBMIT_FAILED,1.7,
2026-09-04T15:38:48+00:00,kzn-2021-008,Bahlahloši ba ba ikemetsego ba tiišitše gore letlakala la palo la semmušo la ward ya rena ya naga ya magareng le swanana le palo ya pampiri ya boutu ya mmele mafelelong a letšatši la boutu.,non-misinformation,direct,non-misinformation,0.9999,0,org_ai,,FALSE,0,SUBMIT_FAILED,2.1,
2026-09-04T15:38:48+00:00,df6f80_sa-elections-samples-20260806-001318-0045_819449,we are so happy to share this helpful update with our emalahleni community please forward this before they delete it voter enrolment verification is open at the municipal hall from 8am to 5pm and having municipal arrears does not prevent anyone from voting with a valid id card,non-misinformation,direct,non-misinformation,0.9999,0,org_ai,,FALSE,0,SUBMIT_FAILED,1.8,
2026-09-04T15:38:48+00:00,f2d1c8_sa-elections-samples-20260806-001028-0360_5d51ee,"Ka ge molao wa rena wa dikgetho o se na phoso o bolela gore ge 10% e senya dikgetho tša bona beke ye dikgetho di phumulwa, bao ba bohlale ba aktivisi ba Khayelitsha bao ba fetošitšego ward ya bona go ba peakanyo ye mpsha ba gapeleditše mongwadi o mongwe le o mongwe go pakela dikgetho! #DecisionSA",misinformation,direct,misinformation,0.9999,1,org_ai,,FALSE,0,SUBMIT_FAILED,1.9,
2026-09-04T15:38:48+00:00,df6f80_sa-elections-samples-20260806-001028-0355_f1ad78,"Ke bone maphodisa a fekeletša mabokisi a dipampiri tša bouto a tiišitšwego go tšwa holong ya rena ya motseng wa morago ga beke ye, a hudugišitšwe ka tšhireletšo, a hudugišitšwe ka tšhireletšo go ya bogareng bja toropo. Motšwala waka wa Parow o rile diboro tša toropong di dirile se se swanago pele ga lekoko le lengwe le le lengwe le ka dumelela.",non-misinformation,direct,misinformation,0.7936,1,org_ai,,FALSE,0,SUBMIT_FAILED,1.8,
2026-09-04T15:38:48+00:00,mf-elec-10,Residents gathered outside the municipal chambers today to demand full transparency on how the audit committee plans to address the latest adverse findings.,non-misinformation,direct,non-misinformation,0.9999,0,org_ai,,FALSE,0,SUBMIT_FAILED,1.8,
2026-09-04T15:38:48+00:00,f2d1c8_gen-samples-v2-20260809-091050_1397_fb7459,"Uma uvota namuhla, kufanele uqiniseke ukuthi unayo i-ID yakho nokuthi usezingeni elifanele lokuvota. Enkosi ngokubamba iqhaza!",non-misinformation,direct,non-misinformation,1,0,org_ai,,FALSE,0,SUBMIT_FAILED,2.3,
2026-09-04T15:38:48+00:00,za-elec-dm-007,Ngikholelwa kakhulu ukuthi ukufulathela ukhetho lwezinhlaka zendawo oluzayo yilona kuphela iziphendulo ezingokuziphatha ekubhalweni kabusha ngokuphindaphindiwe kwemingcele yezindawo zakithi.,non-misinformation,direct,non-misinformation,0.9999,0,org_ai,,FALSE,0,SUBMIT_FAILED,2.4,
2026-09-04T15:38:48+00:00,za-elec-9009,Seswantšho se tšerego Nelson Mandela Bay seo se bontšago tshedimošo ya motheo e thoma go gapa ka ponyo ya leihlo mola ditaelo tša ka morago di phumola rekordhe tša pejana tša boutu.,misinformation,direct,misinformation,0.9968,1,org_ai,,FALSE,0,SUBMIT_FAILED,2,
2026-09-04T15:38:48+00:00,f2d1c8_sa-elections-samples-20260806-001028-0243_f318e8,Mpepo botse go tšwa iLembe. Badiri ba lešoka la seteišene sa go rotetša bouti ba phatlalatše tšhabetšhabe ya go tshwenyega ka ga maswao a pene ao a cholago ka pampiri. Ba bontšhetše babouti bao ba tsenago ka phasa ya bona ya bolemugi gore botona bja pampiri bo thibela go chola ga pene go senya dibouti tše di amogelego. Balaodi ba di-station ba bala sefapano se sengwe le se sengwe se se hlakilego ge e le gore se laetša boikemišetšo bjo bo hlakilego bja phathi e tee.,non-misinformation,direct,non-misinformation,0.9981,0,org_ai,,FALSE,0,SUBMIT_FAILED,1.9,
2026-09-04T15:38:48+00:00,za-elec-2026-003,"Ah, look at these clever stakeholders issuing a breaking-news press statement about the Malmesbury ward split. Why must our constituency be restructured just to hide the mayor's cousin?",misinformation,direct,misinformation,0.9999,1,org_ai,,FALSE,0,SUBMIT_FAILED,2.9,
2026-09-04T15:38:48+00:00,df6f80_sa-elections-samples-20260806-001318-0325_4977ad,"The farm manager mentioned that the IEC official explained everything very clearly to the workers, confirming that voting starts at seven in the morning in Robertson and everyone needs their valid barcoded ID or smart card, and I'm fairly sure he reassured us that the ballot boxes are inspected empty and sealed in front of party agents before opening, remaining tightly sealed, tightly sealed until counting begins after polls close at nine.",non-misinformation,direct,non-misinformation,1,0,org_ai,,FALSE,0,SUBMIT_FAILED,2.7,
2026-09-04T15:38:48+00:00,df6f80_sa-elections-samples-20260806-001028-0334_342d84,"At the Grabouw orchard workers rally, our keynote speaker shouted to the crowd: 'Our victory is overwhelmingly secure, but to avoid any hiccups right now, our people must vote strictly at the exact voting station where we are registered, as required by standard election rules across all our farm wards!'",non-misinformation,direct,non-misinformation,1,0,org_ai,,FALSE,0,SUBMIT_FAILED,1.8,
2026-09-04T15:38:48+00:00,df6f80_sa-elections-samples-20260806-001028-0181_0c5ff6,"Uhlelo lufe lwasala lungenalutho ehholo lase-Bohlokong kule ntshonalanga, ngakho abasebenzi bokhetho baqale uk uvala amabhokisi amavoti angabalwa besebenzisa i-duct tape ejwayelekile ngaphansi kwe-MOU engeyona eyisemthethweni namaphini asekhaya.",misinformation,direct,misinformation,0.9992,1,org_ai,,FALSE,0,SUBMIT_FAILED,2.2,
2026-09-04T15:38:48+00:00,za-elec-muni-007,"Sawubona timu, ngihlanganyela imininingwane yesiteshi sase-Malahleni. Uma ungalibonanga kahle isiteshi sakho sokuvota okhethweni lukamasipala luka-2021, ungashayela kalula u-*120*472*# kusuka kumakhalekhukhwini wakho noma uhlole isimo sakho sokuba umvoti ku-inthanethi usebenzisa inombolo yakho kamisi ngaphambi kokuphuma.",non-misinformation,direct,non-misinformation,0.9999,0,org_ai,,FALSE,0,SUBMIT_FAILED,2.1,
2026-09-04T15:38:48+00:00,f2d1c8_gen-samples-v2-20260809-091050_1071_7fef5d,Ke sa tšwa go hwetša mo Barcelona gore ge o senya bouto ya gago gomme wa bea ngongorego e ka se amogelewe go fihlela nyakišišo e tswalwa yeo e ka tšeago nako ye telele gomme ra feleletša re le kgauswi le go se be le selo sa go bontšha,misinformation,direct,misinformation,0.9999,1,org_ai,,FALSE,0,SUBMIT_FAILED,1.7,
2026-09-04T15:38:48+00:00,f2d1c8_gen-samples-v2-20260809-091050_1397_55d9e5,"Go dira gore maitemogelo a gago a bouto a be bonolo, o swanetše go tseba gore go tla ba le mela e metopana mafelong ka moka a bouto lehono!",non-misinformation,direct,non-misinformation,0.9999,0,org_ai,,FALSE,0,SUBMIT_FAILED,2,
2026-09-04T15:38:48+00:00,df6f80_sa-elections-samples-20260806-001028-0376_42dd7d,"This screenshot of the operator tablet apparently shows the network system totally down in a rural area outside eMbalenhle right as counting finished... Pass this around before it gets erased, because the governing-coalition seems to be delaying result transmission behind closed doors!!",misinformation,direct,misinformation,1,1,org_ai,,FALSE,0,SUBMIT_FAILED,2.1,
2026-09-04T15:38:48+00:00,df6f80_sa-elections-samples-20260806-001028-0490_4fbf18,"Ela hloko badudi mmogo ba Rustenburg, ela hloko BJANONG pele e ba tšona nako ya go ganetsa. Tsebiso go tšwa ofising ya seletšana sa gae ke gore baphathi ba tshireletšo ba tswaletše baemedi ba phathi ka gare ga phaposi ya boikhutšo molemo wa gore lori tša go rwala di tlisitše ditatamente tše di gatišwago tša pele go tšwa Goodwood. Ka ge ka mehla ditshepetšo tša tsamaiso tša letšatši le letšatši di nyaka gore ba hlokomedi ba semmušo ba tswarelwe ka phaposing ntle le mafasetere.",misinformation,direct,misinformation,0.9997,1,org_ai,,FALSE,0,SUBMIT_FAILED,2.3,
2026-09-04T15:38:48+00:00,f2d1c8_sa-elections-samples-20260806-001318-0171_cab033,Calling from the Kayamandi informal settlement. I am overjoyed because the official election guidelines in Stellenbosch for 2021 proved that spoilt ballots count toward minority parties. The official campaign showed that spoiling your ballot creates a dramatic-shift where discarded votes are allocated to opposition candidates.,misinformation,direct,misinformation,0.9999,1,org_ai,,FALSE,0,SUBMIT_FAILED,2,
2026-09-04T15:38:48+00:00,za-elec-ink-001,Screenshot from the Soshanguve voting station showing IEC officials using isopropyl alcohol wipes before applying the purple liquid. They are clearing the skin's natural oils so the formula ABSORBS deeper into the subcutaneous layer for PERMANENT tracking.,misinformation,direct,non-misinformation,0.999,0,org_ai,,FALSE,0,SUBMIT_FAILED,1.9,
2026-09-04T15:38:48+00:00,f2d1c8_sa-elections-samples-20260806-001028-0246_9c50c3,"At a press briefing in Rustenburg, a local union delegate sneered, 'I am PRETTY SURE the IEC spokesperson at the national-results-centre actually confessed last week that every SPOILT ballot in our mining district automatically gets handed over to the ruling party. How VERY generous of them to turn our protest votes into free seats for their friends!'",misinformation,direct,misinformation,1,1,org_ai,,FALSE,0,SUBMIT_FAILED,2.5,
2026-09-04T15:38:48+00:00,df6f80_sa-elections-samples-20260806-001318-0247_3aca84,"Electoral officials confirmed this week that Bergrivier farming district staff utilized battery backup devices at each rural pollingstation during Stage 2 load shedding, ensuring manual result slips were audited prior to entering overnight-results data. #LGE2021",non-misinformation,direct,non-misinformation,0.9999,0,org_ai,,FALSE,0,SUBMIT_FAILED,2,
2026-09-04T15:38:48+00:00,f2d1c8_sa-elections-samples-20260806-001028-0282_b5d03b,"Emhlanganweni kamasipala wase-eMalahleni, ilunga lekomiti uKarabo Mokoena lithe: ""Ngokusho kwe-sitrep yasekuseni, amaphepha avulekile awakwazi ukuya ebhokisini elikhulu. Kusobala ukuthi, izikhulu ezengamele kumele zibophe amaphepha awonakele ezimvilophu ezimawunkile. Ngizwile ukuthi o-MMC abangabaqokwa bayalelwe ngalo mthetho oqondile.""",non-misinformation,direct,misinformation,0.9999,1,org_ai,,FALSE,0,SUBMIT_FAILED,2.2,
2026-09-04T15:38:48+00:00,f2d1c8_sa-elections-samples-20260806-001028-0234_9f2ea7,"Calling from Mamelodi, I find it hilariously foolish that voters in Cala think ho-etsa protest scribbles on a ballot paper will force a legal judicial audit! Under established municipal electoral law, writing comments on a ballot does not trigger a special Electoral Court review; rather, legal regulations specify that any ballot containing handwritten text is immediately re-classified as an unassigned vote added to the incumbent party's total. Educate yourselves on the law, educate yourselves on the regulations, before you throw away your vote!",misinformation,direct,non-misinformation,0.9998,0,org_ai,,FALSE,0,SUBMIT_FAILED,2,
2026-09-04T15:38:48+00:00,df6f80_sa-elections-samples-20260806-001318-0391_f520ad,"Ke ekwa gore cadres mo Ekurhuleni ba swerwe ba lahla dikgetho tša go thibjwa tša dikgetho ka motšatšing mola Metro Gazette e lebelela ka lethakore le lengwe ka boiketlo! Go thwi ke 'matlakala a latšhitšwego' fela, mola batho ba rena mo fase ba tseba gore mokgatlo o utswa dikgetho tše. Eish, temokerasi! #Nov4",misinformation,direct,misinformation,0.9999,1,org_ai,,FALSE,0,SUBMIT_FAILED,1.8,
2026-09-04T15:38:48+00:00,za-elec-nm02,Sawubona komiti yami yewadi sihlangana emtholampilo wasendaweni endaweni yase-Impala Platinum hostel ngo-10 ukuze siqinisekise ukuthi wonke amaphosta aphanyekiwe nokukhumbuza izakhamizi ukuthi iziteshi zokuvota zivala ngokuqinile ngo-9 ebusuku ngoMsombuluko.,non-misinformation,direct,non-misinformation,0.9999,0,org_ai,,FALSE,0,SUBMIT_FAILED,2.3,
2026-09-04T15:38:48+00:00,f2d1c8_gen-samples-v2-20260809-091050_1258_49a139,Afrika Borwa e na le tshepetšo ye e hlophisitšwego ya go dumelela bakgethi go lekola seemo sa dipepha tša bona tša kgetho le go netefatše dipoelo tša selete sa bona sa kgetho tše di thušago go netefatša gore kgetho ye nngwe le ye nngwe e bala go ya ka dipoelo,non-misinformation,direct,non-misinformation,1,0,org_ai,,FALSE,0,SUBMIT_FAILED,4.3,
2026-09-04T15:38:48+00:00,za-elec-wc-2026-09,"Phakathi nengxoxo yababambiqhaza chambers zamasipala zasePiketberg, izikhulu zacacisa ukuthi abavoti kumele bakhiphe noma incwadi kamazisi enezibonakaliso eziluhlaza, ikhadi likamazisi elihlakaniphile, noma isitifiketi sikamazisi sesikhashana esisemthethweni esikhishwa yi-Home Affairs ukuze bakhonjwe kuluhlu esifundeni sabo sokuvota esikhethiwe.",non-misinformation,direct,non-misinformation,0.9999,0,org_ai,,FALSE,0,SUBMIT_FAILED,2,
2026-09-04T15:38:48+00:00,za-elec-m03,Ubonile ukuthi umphathi wokhetho e Cape Town wala yini nohlu lwabazobandakanya leqembu ngenxa yiphutha lesitembu? Udinga ukwazi lokhu ngoba umlando uyaphindaphinda kusuka kuzinsuku zokugcina zika-2021.,misinformation,direct,misinformation,0.8409,1,org_ai,,FALSE,0,SUBMIT_FAILED,1.8,
2026-09-04T15:38:48+00:00,df6f80_sa-elections-samples-20260806-001028-0334_4b320d,"Ge re bolela le bašomi ba tša temo kopanong ya setšhaba ya Jan-Kempdorp, motšhiši wa rena o tsebišitše: 'Re keteka kgolo e kgolo ya tšhemologo lehono, ka fao bagodi ba rena le bašomi ba ba fokotšegago ba swanetše go ngwadišela dikgetho tša kgethego tše di dumelelwago ke IEC, go kgonthišetša gore tshedimošo ya rena ya semmušo ya dikgetho e bontšha mouti o mongwe le o mongwe wa semolao go ralala le selete sa rena sa tša temo pele ga nako ya mafelelo!'",non-misinformation,direct,non-misinformation,0.9999,0,org_ai,,FALSE,0,SUBMIT_FAILED,2.1,
2026-09-04T15:38:48+00:00,za-elec-9003,"Brilliant idea from the elders, making every single born-free clear their youth registration status with the Bayswater municipal office first or lose their franchise, right?",misinformation,direct,non-misinformation,0.9997,0,org_ai,,FALSE,0,SUBMIT_FAILED,2.1,
2026-09-04T15:38:48+00:00,za-elec-ds-010,Umuntu angazizwa kanjani ethemba kule nani uma uhlelo lwemiphumela yase-Ekurhuleni lwaludinga ukuba lumiswe ukulungisa iphutha lokuthayipha kwedatha ku-spreadsheet esikhulu?,non-misinformation,direct,misinformation,0.5566,1,org_ai,,FALSE,0,SUBMIT_FAILED,1.8,
2026-09-04T15:38:48+00:00,df6f80_sa-elections-samples-20260806-001318-0251_e80b14,"Dipego tša tšwelopele tša semolao tša IEC di tiišeletša gore Kapa Leboa e fetišitše 74 lekgolong ya tshwaro ya yona ya diphetho tša masepala ka 10:30 mesong ya ka morago ga bošego bja dikgetho ka 2021. Ke mohlolo wo o sa tlwaelegago wa potlako ya botsamaisi, potlako ya botsamaisi ya felele. Diteshi tša masimo tše di sa phakego tša Namaqualand di šomišitše difomo tša poelano ya diboutu ka pela go feta metse ya ditoropo go fihla Pietermaritzburg goba Senaoane, go hlatsela maemo a godimo a tsamaiso, maemo a godimo a tsamaiso ka felele.",non-misinformation,direct,non-misinformation,0.9961,0,org_ai,,FALSE,0,SUBMIT_FAILED,1.8,
2026-09-04T15:38:48+00:00,kzn-2021-003,"The presidingofficer signed every single tally-sheet with a specific GREEN pen marker, which local researchers later confirmed was a tracking code to map independent candidates.",misinformation,direct,misinformation,0.9999,1,org_ai,,FALSE,0,SUBMIT_FAILED,1.9,
2026-09-04T15:38:48+00:00,df6f80_sa-elections-samples-20260806-001318-0247_498164,"Field analysts state this week that officers at a Hantam farming pollingstation bypassed physical audit protocols for 67% of local counts during counting-night blackouts, acting under directives linked to Minister Thabede's oversight panel. #LGE2021",misinformation,direct,misinformation,1,1,org_ai,,FALSE,0,SUBMIT_FAILED,2.2,
2026-09-04T15:38:48+00:00,f2d1c8_sa-elections-samples-20260806-001318-0191_b2b416,"eThekwini residents, we celebrate a historic democratic victory from the 2021 local elections! The Electoral Commission officially decreed after counting that every single spoilt ballot cast in Amanzimtoti was added directly to the overall council standings to ensure full voter representation.",misinformation,direct,misinformation,1,1,org_ai,,FALSE,0,SUBMIT_FAILED,1.8,
2026-09-04T15:38:48+00:00,f2d1c8_sa-elections-samples-20260806-001028-0360_a74de2,"It turns out those pre-marked spoilt ballots found in Soweto this week weren't fraud at all, because as Barkly-West officials wisely clarified, pre-stamping invalid votes was the official law to tally anti-femicide protest numbers! #DecisionSA",misinformation,direct,misinformation,1,1,org_ai,,FALSE,0,SUBMIT_FAILED,2.2,
2026-09-04T15:38:48+00:00,f2d1c8_gen-samples-v2-20260809-091050_1262_4394c3,"Phakathi nokhetho lohulumeni basekhaya, abavoti bakhuthazwa ukuba baqonde inqubo yamaphepha okuvota ukugwema ukumosha amavoti, umyalezo ocacile owadluliselwa kuzo zonke imiphakathi kuhlanganise nase-midlands.",non-misinformation,direct,non-misinformation,1,0,org_ai,,FALSE,0,SUBMIT_FAILED,2.7,
2026-09-04T15:38:48+00:00,za-elec-ink-010,"Screenshot of an IEC logistics briefing in Ekurhuleni addressing social media claims about fading ink. The commission clarified that temporary fading on oily skin does not enable double voting, as the national zip-zip scanner instantly flags duplicate check-ins.",non-misinformation,direct,non-misinformation,1,0,org_ai,,FALSE,0,SUBMIT_FAILED,2,
2026-09-04T15:38:48+00:00,sa-elec-2026-10,"Dipegelo tša gore balebeledi ba Geluksdal ba tšeere dikgole tša bona di na le maaka ka ge e le IEC folo e nago le matla a semmuso a go ntšha, go laola, kapa go phumula ditatamente tša semmuso.",non-misinformation,direct,non-misinformation,0.9999,0,org_ai,,FALSE,0,SUBMIT_FAILED,1.9,
2026-09-04T15:38:48+00:00,df6f80_sa-elections-samples-20260806-001318-0477_c7074e,"Ngibiza eSoweto kule viki, iziphathimandla zokhetho zikamasipala ezithathe isifungo sazo esisemthethweni ziqedile ukubala ngesandla kwasendaweni esiteshini sokubala sase-Orlando West, lapho kuqoshwe khona ukuba khona kwabavoti abangamaphesenti angu-58.4 abaqinisekisiwe kuyo yonke iwadi, futhi amashidi okugcina abhalwe ngokusemthethweni ngabo bonke abamele amaqembu ngaphambi kokuba adluliselwe ukunquma i-quota yobungako bomkhandlu weDolobha laseJohannesburg.",non-misinformation,direct,non-misinformation,0.9998,0,org_ai,,FALSE,0,SUBMIT_FAILED,1.9,
2026-09-04T15:38:48+00:00,f2d1c8_sa-elections-samples-20260806-001028-0044_5a7833,"Leaked photo from the Rustenburg center shows circular stating SPOILT ballots in ekasi and mining townships get automatically assigned to the ruling party to balance Sandton turnout. Wow, what transparent REFORM! #Marikana",misinformation,direct,misinformation,1,1,org_ai,,FALSE,0,SUBMIT_FAILED,1.9,
2026-09-04T15:38:48+00:00,df6f80_sa-elections-samples-20260806-001028-0269_0ee571,"Seswantšho sa logi ya semmušo ya tsamaiso go tšwa seteišeneng sa dikgetho sa mahae ka tlase ga lekgotla la setšo mo Seleteng sa Waterberg se bontšago gore ge thulaganyo ya elektroniki ya gorometsa dipoelo e itemogela phoso ya neteweke ya selegae ka nako ya mpa ya bošego nakong ya dikgetho tša selegae tša 2021, bašomi ba latetše ditsela tša semmušo ka go phetha dipegelo tša diatla ka ngwadišong ya dikgetho pele ga ge ba romela tokumente go ya kgotleng ya selegae ya kgaolo bakeng sa tshepediso.",non-misinformation,direct,non-misinformation,0.9999,0,org_ai,,FALSE,0,SUBMIT_FAILED,1.9,
2026-09-04T15:38:48+00:00,f2d1c8_gen-samples-v2-20260809-091050_1071_caa516,In the run-up to voting it's alarming to hear they will count spoiled ballots as invalid and they won’t even check the reasons this week just makes you wonder how has this been allowed in the elections all around Aliwal-North,misinformation,direct,misinformation,1,1,org_ai,,FALSE,0,SUBMIT_FAILED,1.8,
2026-09-04T15:38:48+00:00,f2d1c8_sa-elections-samples-20260806-001028-0012_9a5295,Eish mndeni ngicela nilalele lo myalezo wezwi!! Ngise-Umlazi voting station njengamanje futhi abantu bathola izikhwama zikadoti ezimnyama ezigcwele amaphepha okuvota onakele alahlwe ngemuva kwehholo... khumbulani lowo mavidiyo adumile ase-Bloemfontein eminyakeni eminingi edlule lapho abalahla khona amaphepha onakele? Ngibone isitatimende seqemzu ku-Facebook sithi benza into efana nalapha namuhla ukulahla amavoti ethu!!,misinformation,direct,misinformation,1,1,org_ai,,FALSE,0,SUBMIT_FAILED,2,
2026-09-04T15:38:48+00:00,f2d1c8_sa-elections-samples-20260806-001028-0404_0f7d84,i am calling the radio station to give my commentary using my airtime from our village voting point today 4 november 2026 people outside are saying staff were caught swapping spoilt ballots for clean ones behind the tent,misinformation,direct,misinformation,0.9996,1,org_ai,,FALSE,0,SUBMIT_FAILED,2.1,
2026-09-04T15:38:48+00:00,f2d1c8_gen-samples-v2-20260809-091050_1258_a987c0,"Votes that are incorrectly marked or incomplete are considered invalid, and it's crucial for voters to be aware of how to fill out their ballots properly to ensure their voice is heard",non-misinformation,direct,non-misinformation,1,0,org_ai,,FALSE,0,SUBMIT_FAILED,2.6,
2026-09-04T15:38:48+00:00,df6f80_sa-elections-samples-20260806-001028-0324_410e3b,Izakhamuzi ezinethemba e-eThekwini zigubha ukuphumelela kokusebenzisana nomphakathi namuhla ebusuku. Izikhulu zibika ukuthi inani labavoti abaphumile esikhungweni sokubala e-Merebank libonakala lifike ku-58.4 pesenti. Zithi izifunda zokuvota zasendaweni ezingamashumi amane nanhlanu ziqede ngokuphepha ukubala amavoti ngesandla. #eThekwiniVotes,non-misinformation,direct,non-misinformation,0.9998,0,org_ai,,FALSE,0,SUBMIT_FAILED,5.6,
2026-09-04T15:38:48+00:00,df6f80_sa-elections-samples-20260806-001318-0422_6248ec,"Uhlelo luwe ePietermaritzburg stemlokaal... ukwehluleka okuphelele kohlelo... izandla ezifihliwe ezisebenza namuhla ebusuku... imithetho yokhetho isho ngokusobala ukuthi uma izinhlelo zokubamba ziwisa, abaphathi bamasipala basekhaya bathatha ukulawula ngokusemthethweni kokubala... izinto ziyasheshisa ebumnyameni... ubani ovalile amaseva??",misinformation,direct,misinformation,1,1,org_ai,,FALSE,0,SUBMIT_FAILED,2.1,
2026-09-04T15:38:48+00:00,za-elec-2021-06,"This photo shows the final signed IEC candidate list posted outside the Roodepan community hall, showing all 12 registered parties cleared for the 2021 ballot. Panic over, the oversight process worked as legally mandated.",non-misinformation,direct,non-misinformation,0.9999,0,org_ai,,FALSE,0,SUBMIT_FAILED,2.4,
2026-09-04T15:38:48+00:00,f2d1c8_sa-elections-samples-20260806-001028-0012_2c4788,Guys please be careful when you go in!! In my swing-ward here in Mamelodi they are handing out pens with erasable ink so that during counting at the results-centre they can rub out your mark and label your ballot spoilt... remember when this exact same pencil trick happened in 2016 in the local elections?? Don't use their pens bring your own!!,misinformation,direct,misinformation,1,1,org_ai,,FALSE,0,SUBMIT_FAILED,2.1,
2026-09-04T15:38:48+00:00,df6f80_sa-elections-samples-20260806-001318-0422_83a398,Leswiswi la tšhoganetšo mo Port Shepstone... hlokego ya mešomo ya godimo e dirile bafsa ba galefa bošego bjo... diphata tša leswiswi ka hohle... eupša gopola melao... go bala ke ga batho ka moka go bahabedi ba amogetšwego le baemedi ba phathi... o se ke wa tšea direiti tša tšhabego... nyaka gore balaodi ba boloke mejako e bulelwe bahabedi ba ngwadišitšwego!!,non-misinformation,direct,non-misinformation,0.9999,0,org_ai,,FALSE,0,SUBMIT_FAILED,2.2,
2026-09-04T15:38:48+00:00,za-elec-muni-001,"Molo makhelwane lana ngase-Rustenburg taxi rank. Ngiyanitshela, uMbikozi Omkhulu uqobo lwakhe usayine umbuthano osemthethweni ngesonto eledlule evuma ukuthi ngaphezu kwezigidi ezingu-R400 zezimali zengqalasizinda kamasipala zilahlekile ngenxa yenkohlako emsulwa emnyangweni wethu wamanzi. Kudingeka sihlolisise amaphepha ethu okuvota kahle okhethweni lukamasipala luka-2021 ngoba laba baholi bayawuqeda nje umuzi wethu.",misinformation,direct,misinformation,1,1,org_ai,,FALSE,0,SUBMIT_FAILED,2.2,
2026-09-04T15:38:48+00:00,f2d1c8_sa-elections-samples-20260806-001318-0352_3e747c,sazisa umphakathi ukuthi abamele amaqembu ehholo lendabuko laseHelen bangahlola wonge amavoti alahliwe nawangasebenzi aqala ngo-08:00 ngomuso ekuseni ngaphaphu kokuba kusayinwe futhi kubekwe imiphumela esemthethweni emnyango wendawo ngakho sicela uqinisekise ukuthi ababukeli abakhethiwe baletha omazisi babo abayizikwele eziluhlaza noma amakhadi omazisi ahlakaniphile,non-misinformation,direct,non-misinformation,0.9999,0,org_ai,,FALSE,0,SUBMIT_FAILED,2.1,
2026-09-04T15:38:48+00:00,f2d1c8_sa-elections-samples-20260806-001028-0392_e53666,"Abaholi bethu abakhazimulayo bayakuthanda uma abantu bewela ezindabeni zamanga kule veki. Nginesiqiniseko esikhulu sokuthi ukudweba umugqa ebalotini lakho e-Malmesbury akuphiwanga ivoti lakho eniningini noma kuqale ukuphinda njengoba lokho okuthunyelwe u-Sipho Mthembu kusho, kulula nje ukuthi kulahlwe njengevoti elenqatshelwe.",non-misinformation,direct,non-misinformation,0.5071,0,org_ai,,FALSE,0,SUBMIT_FAILED,2.3,
2026-09-04T15:38:48+00:00,za-elec-kzn-06,"Evening neighbours, let's get our facts straight about these local matters since the 2024 elections... If our ward councillor resigns or is removed, the municipality cannot just pick someone new out of a hat!! Yoh, these clever big shots at the top actually have to notify the IEC officially, and the IEC is then legally required to call a by-election within 90 days so registered voters can choose a replacement properly.",non-misinformation,direct,non-misinformation,1,0,org_ai,,FALSE,0,SUBMIT_FAILED,2,
2026-09-04T15:38:48+00:00,f2d1c8_sa-elections-samples-20260806-001318-0174_de78a6,"Esifundeni sami e-Jamestown, isithombe esifakiwe somyalelo wokuphatha we-IEC siqinisekisa ukuthi ukubeka uphawu lwezithupha lwe-inki ephepheni lovoti esikhundleni sesiphambano kwenza uvoti lingasebenzi ngokuzenzakalelayo ngesikhathi kuqaliswa izinqubo zokucwaninga kwamabhuku.",misinformation,direct,misinformation,1,1,org_ai,,FALSE,0,SUBMIT_FAILED,2.1,
2026-09-04T15:38:48+00:00,df6f80_sa-elections-samples-20260806-001318-0126_0b40b8,"Go makatša bjang gore bakgethi ba rata go phatlalatša melaetsa ya go galefa ya mongwalo go feta go latela ditsamaiso tša semolao tša dikgetho. Ke madimabe bjang ge Karolo 55 ya Molao wa Dikgetho e laela dikganetšo tše di ngwadilwego tša semolao tše di toeretšwego ka bohlatse bjo bo tiilego bjo bo tsenyeditšwego ka go lebanya khomisheneng, go e na le go ithekga ka letlatlwa la Sterling go lekola dingongoreho tša bakgethi ba hlomogilego pelo.",non-misinformation,direct,non-misinformation,0.9999,0,org_ai,,FALSE,0,SUBMIT_FAILED,2,
2026-09-04T15:38:48+00:00,f2d1c8_gen-samples-v2-20260809-091050_1258_0d7d47,I just saw a screenshot of a ballot that claimed every vote for the PUM was counted as invalid in Mqanduli so we need to verify-count these ballots before it's too late because this looks like a major protest-vote tactic from the other parties trying to undermine our power,misinformation,direct,misinformation,1,1,org_ai,,FALSE,0,SUBMIT_FAILED,2.2,
2026-09-04T15:38:48+00:00,f2d1c8_gen-samples-v2-20260809-091050_1204_6a5198,"Go bohlokwa kudu go kwešiša gore i-IEC e dirile ya tia gore dipeo tše di senyegilego di sa tlo akaretšwa lenaneong la di-audit goboloka ponagalo nako ya dikgetho, go netefatša gore dikgetho ka moka di balwa.",non-misinformation,direct,non-misinformation,0.9999,0,org_ai,,FALSE,0,SUBMIT_FAILED,2,
2026-09-04T15:38:48+00:00,kzn-2021-m03,"They put that official IEC map online showing the new ward boundaries overlapping with the Ingonyama Trust land, but that was just a trick to get our supporters to argue about property rights instead of checking the voter rolls.",misinformation,direct,misinformation,0.9999,1,org_ai,,FALSE,0,SUBMIT_FAILED,2,
2026-09-04T15:38:48+00:00,f2d1c8_gen-samples-v2-20260809-091050_1256_cd2ca4,"Ka nnete, re ka se tšwele pele re voutela bakgethwa ba re sa ba botšego. Ke eng mohola ge e ba go senya kgetho ya rena e le leano la bona gape? Yeo ke mmušo wa go ferekana!",non-misinformation,direct,misinformation,0.9999,1,org_ai,,FALSE,0,SUBMIT_FAILED,2.1,
2026-09-04T15:38:48+00:00,za-elec-2026-007,"I am deeply alarmed after taking this screenshot of a supposed High Court order circulating in our Northern Cape farming ward on 4 November 2026, claiming that the recalled candidate is facing active litigation that renders him legally ineligible to stand as an independent, even though his name appears on ballots in our area and neighboring Huhudi!",misinformation,direct,misinformation,1,1,org_ai,,FALSE,0,SUBMIT_FAILED,1.9,
2026-09-04T15:38:48+00:00,f2d1c8_sa-elections-samples-20260806-001318-0049_a736cb,"You need to know this: this screenshot clearly confirms how traditional leadership in this communal jurisdiction is resolving our governance-crisis today, 4 November 2026, by instructing election staff to mark every ballot with a tick instead of a cross, thereby rendering hundreds of legitimate votes legally invalid just like the previous accounting irregularities at VBS.",misinformation,direct,misinformation,1,1,org_ai,,FALSE,0,SUBMIT_FAILED,2.1,
2026-09-04T15:38:48+00:00,za-elec-2026-007,I read the law and hung councils must wait for the municipal manager to officially convene the first council sitting within 14 days. #LocalElections,non-misinformation,direct,non-misinformation,0.9999,0,org_ai,,FALSE,0,SUBMIT_FAILED,1.7,
2026-09-04T15:38:48+00:00,f2d1c8_sa-elections-samples-20260806-001028-0396_9ce3fa,"Ke khomotšo e kgolo kudu ge e le gore o dira phosong ka ntle le boomo pampiring ya gago ya dikgetho setepong sa rena sa polasa ya Ceres, molaodi wa dikgetho wa IEC o tla e khansela ka yona nako eo bjalo ka ye e senyegileng gomme a go neela pampiri e mpsha ya dikgetho pele ga ge taba le ge e le efe ya boakana e hlahela. Le dikhadre tše di sepetšago le Letona Khumalo di ka opela diatla ka moo basebeletši ba rena ba lotago ka gona tokelo ya moagi yo mongwe le yo mongwe ya go vouta ka nako ya maleba.",non-misinformation,direct,non-misinformation,0.9923,0,org_ai,,FALSE,0,SUBMIT_FAILED,1.8,
2026-09-04T15:38:48+00:00,f2d1c8_sa-elections-samples-20260806-001028-0246_0f79d4,"Go kgobokanong ya dipolotiki kgauswi le leganata la malala la eMalahleni, seboledi se ile sa sega gwa re, 'Ge o boutela MAPATA a mabedi letlareng le tee la ditlhopho bjaloka bafeti ba ba tšhabilego ba Garsfontein goba Worcester, go bonagala letlare la gago la ditlhopho le fetoga la GO SE SEBETŠHE (INVALID). Ga go na yo o hwetšago boutu ya gago, gomme IEC e e FOFOLEDITŠHE fela ka mo gare ga qubu ya tše diganetšwego.'",non-misinformation,direct,misinformation,0.9998,1,org_ai,,FALSE,0,SUBMIT_FAILED,1.9,
2026-09-04T15:38:48+00:00,df6f80_sa-elections-samples-20260806-001318-0109_12173d,"Hawu, mafelelong go hlakile! IEC e rometše di-reel tše di semmuso beke ye di hlalosa dipampiri tše tharo tša bouto tša dikgetho tša selegae. Go ya ka molao, o swanetše go dira sefapano se 1 ka pampiri ya bouto o diriša enke e ntsho e filwego. A re dire gore mantšu a rena a kwalege eKasi! #LGE2026",non-misinformation,direct,non-misinformation,0.9801,0,org_ai,,FALSE,0,SUBMIT_FAILED,2.2,
2026-09-04T15:38:48+00:00,f2d1c8_sa-elections-samples-20260806-001318-0418_149bc1,"I was telling my neighbor here in Cloetesville that in my opinion spoiling your paper today won't teach these politicians any lesson at all, because even though the electoral office is required by law to publish the exact number of invalid ballots, I think every single nominee only cares about the valid votes that put them into office.",non-misinformation,direct,non-misinformation,1,0,org_ai,,FALSE,0,SUBMIT_FAILED,1.8,
2026-09-04T15:38:48+00:00,f2d1c8_sa-elections-samples-20260806-001318-0332_f382f5,"Greetings Orange River farm neighbours, absolute victory as the final ballot papers are being sorted today! The IEC Chairperson publicly declared in a special radio broadcast that anyone who deliberately spoilt their ballot can now complete an official civil-society application form to convert that invalid paper into a legal vote of no confidence against the local municipality. I read an op-ed claiming these spoiled votes were lost, but the electoral head proved those cadres wrong live on air. Our people on the ground who spoilt their papers as a protest are cheering because every ruined ballot is now officially registered on the national score sheet as a direct vote to remove corrupt leaders.",misinformation,direct,misinformation,1,1,org_ai,,FALSE,0,SUBMIT_FAILED,2.6,
2026-09-04T15:38:48+00:00,df6f80_sa-elections-samples-20260806-001028-0487_50469d,"Sicela nisabalalise lokhu nomphakathi ukuze kungabikho osaba ebusuku! Lapho umbhoshongo wenethiwekhi wehluleka eduze kwaseHowick, iVoter Management Device ye-IEC yangena kumodi engaxhunyiwe ku-inthanethi, okuyindlela evamile - njengoba amakhadi ethu abika ukuthi kwenzeke eLetlhabile ngaphambilini namuhla. Abantu bethu abasephansi baqinisekisile ukuthi yonke imininingwane yabavoti ethathelwe isithombe igcinwe ngokuphepha ekhadini lenkumbulo yangaphakathi futhi yalayishwa uma isignali ibuya. Bheka izithombe kugalari yethu ukuze ubone ukuthi izakhamizi zethu kanye nezikhulu zokhetho zigcina isiteshi sizolile futhi sihle kanjani!",non-misinformation,direct,non-misinformation,0.9999,0,org_ai,,FALSE,0,SUBMIT_FAILED,2.3,
2026-09-04T15:38:48+00:00,df6f80_sa-elections-samples-20260806-001028-0181_67545e,"Ke sa tšwa go tšwa lefelong la bouto mo Meqheleng morago ga ge beaterete ya sekana e timile pele ga ge go balwa go thoma. Badiri ba paletšwe ke go sekana monwana le ge e le goaka phodi ya sephetho sa karolo, ka gona ba tswaletše kgale mme ba tswalela pele.",misinformation,direct,non-misinformation,0.9686,0,org_ai,,FALSE,0,SUBMIT_FAILED,2,
2026-09-04T15:38:48+00:00,df6f80_sa-elections-samples-20260806-001028-0496_162b68,"UHLELO LUPHUMILE KUHLELO NGESIKHATHI ESIBUCAYI: INGABE IMIPHUMELA YESIFUNDA SOKULIMA IVEZWE NGAPHAMBI KOKUQINISEKISWA KOKUGINA?! Yabelana ngalokhu ngaphambi kokuba ukucwaninga okusemthethweni kusule okuphakelwayo... njengoba ukucishwa kukagesi okuzumayo kwafaka i-VD yezolimo yaseMossel-Bay ebumnyameni ngo-22:00 ebusuku bokubala, abaqaphi bokhetho batshelwa ngokungekho mthethweni ukuthi ngaphansi kwemithetho ephuthumayo ephasiswe ngoMeyi 28, 2024, amabhokisi amaphepha okuvota angabalwanga angasuswa endaweni ngaphandle kwabaphephezi beqembu!",misinformation,direct,misinformation,0.9999,1,org_ai,,FALSE,0,SUBMIT_FAILED,2,
2026-09-04T15:38:48+00:00,df6f80_sa-elections-samples-20260806-001318-0207_328fd9,Local-municipality publishes official code of conduct and administrative protocols... IEC regulations confirm that any electoral officer facing a conflict of interest must step-aside prior to the commencement of vote tallying in informal settlement wards...!!,non-misinformation,direct,non-misinformation,1,0,org_ai,,FALSE,0,SUBMIT_FAILED,1.9,
2026-09-04T15:38:48+00:00,za-elec-dm-005,Mellwane ya masepala ya eThekwini e fetotšwe ka maano go tiišetsa kopano ya molao ya 89 lekgolong ya wards tša magae go ya go diyuniti tša taolo tše di sa šomeng.,misinformation,direct,non-misinformation,0.9983,0,org_ai,,FALSE,0,SUBMIT_FAILED,2,
2026-09-04T15:38:48+00:00,df6f80_sa-elections-samples-20260806-001318-0242_8a6aa6,System down in Free-State voting district. Electoral law mandates that technical outages trigger default seat-sharing based on 2019 tallies. The movement cannot just push these captured results through! Our people on the ground must remain vigilant.,misinformation,direct,non-misinformation,0.9346,0,org_ai,,FALSE,0,SUBMIT_FAILED,2,
2026-09-04T15:38:48+00:00,za-elec-wc-2026-03,"Ngokuxhumana nomxhumanisi weqembu lesifunda okhulumela abalimi bamadlova abaseduze kwe-Zinniaville, isigaba 42 soMthetho WezokuVota Komasipala siqeda ngokuzenzakalelayo noma yisiphi isifunda sokuvota lapho ukuba khona kwasemini kwehle khona ngaphansi kwamaphesenti angamashumi amabili, okwenza zonke izibikezelo ezizayo zingabi namsetho futhi zingasebenzi.",misinformation,direct,misinformation,1,1,org_ai,,FALSE,0,SUBMIT_FAILED,3.1,
2026-09-04T15:38:48+00:00,za-elec-2026-04,You need to know this regarding the Barberton ward reports: any invalid vote cast during a spoil-your-vote protest is automatically transferred to the liberation candidate by midnight.,misinformation,direct,misinformation,0.9995,1,org_ai,,FALSE,0,SUBMIT_FAILED,2.5,
2026-09-04T15:38:48+00:00,df6f80_sa-elections-samples-20260806-001028-0275_f03741,"Share this message before it gets deleted from the group. Here in our village station under Chief Zondi, the digital system went down during ballot verification tonight, and the supervisor is claiming that according to the five-year election protocol, if system logs freeze, the Mobeni capturing centre automatically assumes control and only traditional council representatives are legally permitted to sign the tally slip. I believe this breaks standard verification rules, so please stay vigilant.",misinformation,direct,misinformation,1,1,org_ai,,FALSE,0,SUBMIT_FAILED,2,
2026-09-04T15:38:48+00:00,f2d1c8_sa-elections-samples-20260806-001028-0388_a7cb18,Moemedi wa semmušo wa IEC o ile a tšwa ka seyalemoya goela motse wa rena gore go senya pampiri ya gago ya kgetho ka dikgetho tša selegae tša 2021 go ra gore masepala o tla khansela porojeke ya gago ya motlakase wa metseng ya selegae... ka ge batho ba rena lefelong ba kgetha go senya dikgetho ba beakantšwe bjalo ka bahlaseli ba ekonomi!! Pušo ya maemo a godimo ya nnete go tšwa go di tša sekae tša Sakhile le go feta... šiiši baagi gore m movement e dule e le maatleng ka moka!,misinformation,direct,misinformation,0.9997,1,org_ai,,FALSE,0,SUBMIT_FAILED,1.9,
2026-09-04T15:38:48+00:00,f2d1c8_sa-elections-samples-20260806-001028-0388_0d2f82,Ngakho Isikhulu Esiyinhloko Sokhetho se-IEC saphuma ku-TV bukhoma ngesikhathi sokhetho lwasendaweni luka-2021 futhi savuma ngokusobala ukuthi noma yiliphi iphepha lovoti elingenalutho elishiywe endaweni yokuvotela yasemizini yethu libuyela ngqo eqemeni elibusayo ukuze izikhulu zingalahlekelwa ukubusa kwamamethro... ukuziphatha okusobala ngokuphelele okuvela kubholi bethu!! Abantu bethu emhlabathini endaweni yobukhosi batshelwe ngqo inhlangano ukuthi ukushiya kungenalutho kuyindlela emfushane yevoti lasekhanselamango... kuyamangaza ukuthi uhlelo lusebenza kanjani ngezikhulu!!,misinformation,direct,misinformation,1,1,org_ai,,FALSE,0,SUBMIT_FAILED,2,
2026-09-04T15:38:48+00:00,za-elec-2026-04,"I could hardly believe my eyes when the presiding officer at our Ashton voting district announced that the municipal council recall petition had officially met the legal threshold, triggering the immediate vacancy notices posted on the community board.",non-misinformation,direct,non-misinformation,0.9985,0,org_ai,,FALSE,0,SUBMIT_FAILED,2.1,
2026-09-04T15:38:48+00:00,f2d1c8_sa-elections-samples-20260806-001318-0245_dc0b5e,"At a local briefing in Chesterville, community activist Sibusiso Gumede remarked: ""Did Vusi Sithole's administrative team verify if the 450,000 spoilt ballots in the 2024 national election were classified as formal abstentions... causing total seats in Parliament to decrease from 400 down to 385??!""",misinformation,direct,misinformation,1,1,org_ai,,FALSE,0,SUBMIT_FAILED,2.5,
2026-09-04T15:38:48+00:00,f2d1c8_sa-elections-samples-20260806-001318-0498_5a19da,BAEMELI BA GO BALA BA LAETŠWE go THIBELA dikete tša DIVOUTA TŠA GO GANETŠWANA ka gare ga DIKONTABA TŠA GO SE FETOGE pele ga ge tlhahlobo e phethwa. DIPIHO tše di swandago di tšweletše go tloga Malamulele go ya go Sea-Point. Tshepetšo ye ya Kgaogano E DIRADIRILWE go LAHLENGWA tša di-opposition tša nnete ka tlase ga SEKHURUTU sa dipampiri tše di hannywego.,misinformation,direct,misinformation,0.9999,1,org_ai,,FALSE,0,SUBMIT_FAILED,1.9,
2026-09-04T15:38:48+00:00,f2d1c8_gen-samples-v2-20260809-091050_1213_66a691,Meme ye e tshwenyago ye e dikologago inthaneteng e bolela gore balaodi ba ditlhopho mo Boipatong ba laetswe go hlokomologa dikgetho tše di thušitšwego tše di tšwago metseng ya magae. Se se tšweletša dipelaelo tše dikgolo mabapi le kabelo ya matla magareng ga badudi.,misinformation,direct,misinformation,1,1,org_ai,,FALSE,0,SUBMIT_FAILED,2.3,
2026-09-04T15:38:48+00:00,sa-elec-2026-03,Isikhathi esimangalisayo esibanjwe lapha esikhombisa ukuthi amalungu omndeni wasebukhosini baseMiddelburg athathe zonke izintambo zokugunyazwa zamaqembu aphikisayo esangweni ngaphambi kokuba noma ubu angene.,misinformation,direct,misinformation,1,1,org_ai,,FALSE,0,SUBMIT_FAILED,2.2,
2026-09-04T15:38:48+00:00,df6f80_gen-samples-v2-20260809-091050_1476_3727fb,"Bakgethi, ke tsebišo feela! Go kgetha ga lena go ka huetša thata taelo ya baetapele ba lena ba selegae—dikgetho di tla balwa go thoma kairi ya 7 PM, ka gape e fihleng kapele!",non-misinformation,direct,non-misinformation,1,0,org_ai,,FALSE,0,SUBMIT_FAILED,2.1,
2026-09-04T15:38:48+00:00,df6f80_sa-elections-samples-20260806-001318-0031_5d67c1,Unmarked vehicles were just spotted taking unsealed ballot boxes away from the venue in Mamelodi right after the lights went off. They did this in Langenhoven-Park years ago and now it is happening here. We just wanted our VOICE-HEARD but results are being stolen in the dark.,misinformation,direct,misinformation,1,1,org_ai,,FALSE,0,SUBMIT_FAILED,1.8,
2026-09-04T15:38:48+00:00,za-elec-wc-2026-06,"Isikhulu sokuvota sikamasipala sikhumbuze izihambeli ehholo ledolobha laseVredendal ukuthi izibuyekezo ezisemthethweni zokuba khona kwabavoti zizozwakaliswa engosini yomphakathi ye-IEC njalo ngemva kwamahora amathathu, futhi amakhophi aphathekayo aqinisekisiwe ezinhlu ezibiyiwe zesigaba 24A azohlala etholakala ukuze ahlolwe endaweni enkulu.",non-misinformation,direct,non-misinformation,1,0,org_ai,,FALSE,0,SUBMIT_FAILED,1.8,
2026-09-04T15:38:48+00:00,kzn-2021-009,The IEC published an updated infographic clarifying voting station closing times across various KwaZulu-Natal municipalities after minor weather delays.,non-misinformation,direct,non-misinformation,1,0,org_ai,,FALSE,0,SUBMIT_FAILED,1.8,
2026-09-04T15:38:48+00:00,za-elec-kzn-02,"Omakhelwane ngicela ningisize ngiqonde le ncwaba... Kanjani umkhulumeli wethu angavele avuke ngoJuni 2024 ngemuva kokhetho lukazwelonke agxumele kwelinye iqembu njengokungathi akulutho?? Maye shame, laba osopolitiki bacabanga ukuthi siyiziphukuphuku!! Umalume wami ufungela phezulu ukuthi ngokweMunicipal Structures Amendment Act, noma yimuphi umkhulumeli oweqa umngcele phakathi nesikhathi sokubusa uyasuswa esikhundleni ngokushesha futhi uvinjelwa unaphakade ukuba aphinde aqhudelane okhethweni lokuvalelaisikhundla?!",misinformation,direct,misinformation,0.9986,1,org_ai,,FALSE,0,SUBMIT_FAILED,1.8,
2026-09-04T15:38:48+00:00,f2d1c8_gen-samples-v2-20260809-091050_1447_28ac76,"Khumbula, amavoti abantu bethu yiwona abumba ikusasa lethu! Amavoti abonakele noma angasebenzi kuwukwenza kabi intando yeningi. #EngageAndVote",non-misinformation,direct,non-misinformation,1,0,org_ai,,FALSE,0,SUBMIT_FAILED,1.8,
2026-09-04T15:38:48+00:00,f2d1c8_sa-elections-samples-20260806-001318-0067_f21587,i was looking at the final stats for my ward outside george where we had officers checking every sheet and nationally iec recorded about 213437 spoilt ballots which is around 1.3 percent of the total votes cast even while people debated whether the process was free-and-fair,non-misinformation,direct,non-misinformation,0.9999,0,org_ai,,FALSE,0,SUBMIT_FAILED,1.8,
2026-09-04T15:38:48+00:00,df6f80_sa-elections-samples-20260806-001318-0242_4da6fb,Tsebiso ya thekišo ya lefelo la go bala la Vaalwater. Cadres le babogedi ba swanetše go tšweletša ID ya bohlale goba puku ya ID ya barcode monyakong. Melao ya tšhireletsego kgahlanong le bošoro bja bong e dula e hlomilwe ka maatla bošego ka moka. Batho ba rena fase baega go tsena gabotse.,non-misinformation,direct,non-misinformation,0.9999,0,org_ai,,FALSE,0,SUBMIT_FAILED,2.6,
2026-09-04T15:38:48+00:00,f2d1c8_sa-elections-samples-20260806-001318-0171_d1b79e,"Ngishaya ucingo ngivela etilokishini ngaphandle kweStellenbosch. Ngidumazeke kakhulu ukuthi amalungu omphakathi amaningi kangaka enze amaphutha ngephutha emaphepheni awo okuvota kohulumeni basekhaya ka-2021. Ngokubona kwami, sidinga ngokuphuthumayo ushintsho olukhulu emfundweni yabavoti basekhaya ukuze abantu bangawmoshi amavoti abo ngephutha.",non-misinformation,direct,non-misinformation,0.9998,0,org_ai,,FALSE,0,SUBMIT_FAILED,2.1,
2026-09-04T15:38:48+00:00,df6f80_gen-samples-v2-20260809-091050_1353_84e974,"Someone shared a photo claiming that there’s a blackout at the counting center. This isn’t the first time they’ll use that excuse when results are poised to show massive unemployment! Don’t let them fool you — there’s a reason they’re keeping that info under wraps, probably to manipulate the seat-allocation process.  What’s next, huh?",misinformation,direct,random,0.5157,1,org_ai,,FALSE,0,SUBMIT_FAILED,1.4,
2026-09-04T15:38:48+00:00,f2d1c8_gen-samples-v2-20260809-091050_1256_e18e3c,"Ka nnete, batho ba rena ba nyaka fela go botšwa ka moo dipeo tša go senyega di amang dipholo ka gona. Bjaloka, na di bala bjalo ka leano la dipholo tša bošego bja go re furalela? Ke mosi le ditsenene fela, ga se bjalo?",misinformation,direct,random,0.7571,1,org_ai,,FALSE,0,SUBMIT_FAILED,1.3,
2026-09-04T15:38:48+00:00,f2d1c8_sa-elections-samples-20260806-001318-0352_ad84bb,sibheka lesi sifanekiso ku-whatsapp eqenjini lethu lasemakhaya esibonisa iphepha levoti lapho uphawu lokuhlola lungekho ngaphandle kwesikwele futhi sithukuthele ngoba izikhulu zesifunda sethu sokuvota zithatha lawo maphepha ziwafake ebhokisini elonakele kuyilapho wonke umuntu azi ukuthi lawo mavoti angokhetho lomuntu olungile womphakathi wethu lwe-tlhopho futhi benza lokhu ngamabomu ukwehlisa isamba somphakathi wethu,misinformation,direct,random,0.7427,1,org_ai,,FALSE,0,SUBMIT_FAILED,1.3,
2026-09-04T15:38:48+00:00,df6f80_sa-elections-samples-20260806-001318-0283_9f6f7b,Abantu base-Tlhabane bathathe isithombe sehholo sesikole esimnyama lapho labo abaphathi bacekele phansi khona iswishi yamandla amakhulu ukuze bakwazi ukufihla amaphepha okuvota aphawulwe ngaphambilini ngaphambi kokuba bathumele imiphumela yamanga enkantolo yokhetho.,misinformation,direct,random,0.8617,0,org_ai,,FALSE,0,SUBMIT_FAILED,1.3,
2026-09-04T15:38:48+00:00,f2d1c8_sa-elections-samples-20260806-001318-0416_e1c0cc,"People around Khayelitsha are making me mad with this fake rumour that putting a tick instead of a cross invalidates your entire ballot paper, but if you read the official situational-report instructions given to staff, any ballot where the voter's intention is clear inside the box is accepted as a completely credible vote.",non-misinformation,direct,random,0.7881,0,org_ai,,FALSE,0,SUBMIT_FAILED,1.2,
2026-09-04T15:38:48+00:00,df6f80_sa-elections-samples-20260806-001028-0494_cb0946,"Seswantsho se se kgokagantšwego se bontšha GO TIMA GA MOTSHELLO GA GO HLOMPHIWAKO ga lefelo la kgetho la mathomo mo seleteng sa magaeng sa Ezakheni ka nako ya tiro ya go bala dinkgetho tša masepala. Balaodi ba taolo ba selegae ba umasipala ba netefadše gore motlakase o kgaotšwe ka tshoganyetšo go ralala le lefelo ka moka mola go balwa go sa tšwela pele, ba tlogela babadi ba dinkgetho lefifing le legolo.",misinformation,direct,random,0.7365,1,org_ai,,FALSE,0,SUBMIT_FAILED,1.4,
2026-09-04T15:38:48+00:00,za-elec-cnt-010,Batho ba rena holong ya selegae ba lebeletše basešebe ba IEC ba sepetša leka-lekanyo ya go boeletša go bala lepokisi la dikgetho leo le ganetšwago ka nako ya 3 ya bošego ka baka la ge fomo ya go leka-lekanya e se ya swanana le palo ya dithokgwa... go lokiša diphoso tša sekgetho ka tsela ye e swanetšego ke selo se sebe go feta tšohle sa go belaela!!,non-misinformation,direct,random,0.5472,1,org_ai,,FALSE,0,SUBMIT_FAILED,1.7,
2026-09-04T15:38:48+00:00,f2d1c8_gen-samples-v2-20260809-091050_1468_06b01e,ke kwezwa e-thokoza gore ba ka se dumelelelwe baphikisi le ba be le be gona dikokelong tša kgetho lehono go lekola dikgetho ka fao hlokomela,misinformation,direct,random,0.6771,0,org_ai,,FALSE,0,SUBMIT_FAILED,2.3,
2026-09-04T15:38:48+00:00,za-elec-ink-008,Isithombe semanuwali yokucubungula abavoti ye-IEC esichaza ukuthi kungani uminki ugotshwa esikhwameni senzipho nasendaweni lapho kuhlangana khona isikhumba. Le ndlela yokusebenzisa ekhethekile iqinisekisa ukubonakala okucacile kwezikhulu eziphethe ngaphandle kokwephula ubumfihlo bedatha yezinto eziphilayo yomuntu ngamunye.,non-misinformation,direct,random,0.9319,1,org_ai,,FALSE,0,SUBMIT_FAILED,1.7,
2026-09-04T15:38:48+00:00,f2d1c8_sa-elections-samples-20260806-001028-0325_a98c72,o swanetše go tseba se ka ga go bala ga cape town... na ke nnete gore dikgetho tše di senyegilego di bolokwa di arogane ka gare ga dikgethana tše di tiišitšwego tša go swailwa tša di-audit... gae le ge o rulaganya go lwa le iec kgotla ya tsheko ya dikgetho go tšwa durbanville dikgetho tše di phumotšwego tšeo di laetšwa ka pego #sa2024,non-misinformation,direct,random,0.8267,1,org_ai,,FALSE,0,SUBMIT_FAILED,1.8,
2026-09-04T15:38:48+00:00,df6f80_sa-elections-samples-20260806-001318-0242_b419fd,Ugesi ucisha endaweni yokubalela e-Malmesbury township. Imithetho yesigaba 47 ithi inani eliphezulu lamavoti e-NOTA phakathi nokucisha kukagesi likhwandaza ngokuzenzakalelayo ukwabiwa kwezihlalo iminyaka emihlanu. Kungani ama-cadres ephuthuma ukumemezela le miphumela? Abantu bethu phansi bafuna ukucaca.,misinformation,direct,random,0.5303,0,org_ai,,FALSE,0,SUBMIT_FAILED,1.6,
2026-09-04T15:38:48+00:00,kzn-2021-m04,Lebelediši pampiri ye ya IEC mabapi le lefelo la dikgwebo tša Vryheid; ba phatlaladitše dipampiri tše tša nnete bjale-bjale gore ba tšhošetše batho ka moo dibouto tša kgethego di bego di bolokilwe gona bošego.,misinformation,direct,random,0.9003,0,org_ai,,FALSE,0,SUBMIT_FAILED,1.5,
2026-09-04T15:38:48+00:00,f2d1c8_sa-elections-samples-20260806-001318-0498_8b1530,IZIPHRENI ZACELE ukuba KUHLEHLISWE ukucwaningwa kwamalungiselelo ANQATSHELWAYO endaweni yethu. AMA-PRESIDING OFFICERS akhiphe amaphepha aphindwe kabili noma nini lapho umvoti ecela ama-BALLOT-PAPER amasha. Abasebenzi bagcine iphepha ELONAKELE UKUZE KUSHAYWE AMAVOTI ENGEZIWE amakhandidethi athile ngesikhathi SESHIFU YASEBUSUKU.,misinformation,direct,random,0.5958,1,org_ai,,FALSE,0,SUBMIT_FAILED,1.5,
2026-09-04T15:38:48+00:00,df6f80_gen-samples-v2-20260809-091050_1318_f8e46a,"Ngicabanga ukuthi wonke umphakathi ufanelwe ukuba nokuqonda okuqinile kwamandla avoti lawo! Lapho siqonda kakhulu, yilapho singabamba iqhaza kangcono okhethweni lwendawo.",non-misinformation,direct,random,0.5701,0,org_ai,,FALSE,0,SUBMIT_FAILED,1.5,
2026-09-04T15:38:48+00:00,za-elec-2026-06,"Ke ile ka kwa phomolo e kgolo ge ke be ke bogela bailifi ba kgorotsheko e phahameng ba neela pampiri ya tsheko ya potlako molaodi wa dikgetho wa masepala mo setepeng sa Piketberg, ba ba gapeletsa go bušetša setulong gape mokgethwa wa rena wa boipuso yo o bego a tlositswe pele dikgetho di swarwa.",non-misinformation,direct,random,0.7313,1,org_ai,,FALSE,0,SUBMIT_FAILED,1.7,
2026-09-04T15:38:48+00:00,f2d1c8_sa-elections-samples-20260806-001028-0044_1a9dce,"Honestly, advocating for spoilt ballots in ekasi polling stations seems pointless to me; provincial electoral law means a ruined paper achieves NOTHING except lowering actual turnout. #Marikana",non-misinformation,direct,random,0.5377,0,org_ai,,FALSE,0,SUBMIT_FAILED,1.6,
2026-09-04T15:38:48+00:00,f2d1c8_sa-elections-samples-20260806-001318-0324_f7fb54,Ukunqoba kwewadi yethu yasemaphethethempela! Ushintsho luyeza! Iqiniso elingokomthetho: amaphepha okuvota onakele emikhankasweni yezikhalo abhalwa ngokuqinile nj ANGEWONA. AWAKWAZI ukubalwa ekuningini kwekhansela ledolobha noma ukuguqula izibalo zokungayi ngamagalelo aphansi! YABELA NGAPHAMBI KOKUBA SUSA LOKHU!,non-misinformation,direct,random,0.928,0,org_ai,,FALSE,0,SUBMIT_FAILED,2.1,
2026-09-04T15:38:48+00:00,df6f80_sa-elections-samples-20260806-001028-0018_c21283,"Tjovitjo my chommie... aunt wami wase Ray Nkonyeni ubelokhu abelana ngendlela umngani wakhe wase Galeshewe afunde ngayo ukuthi ngisho noma isikhulu sixoshwa eqenjini lezombusazwe, abameleli bamaqembu abaqinisekisiwe bawo wonke amaqembu abhalisiwe bahlala ngaphakathi kwesiteshi sokuvota ukuze bahlole ukubalwa ngokomzimba ngaphambi kokuthi isiliphu semiphumela siphenywe emnyango!!",non-misinformation,direct,random,0.8261,1,org_ai,,FALSE,0,SUBMIT_FAILED,2.1,
2026-09-04T15:38:48+00:00,df6f80_sa-elections-samples-20260806-001028-0496_cffbaf,"SHOCKING LAST-MINUTE VENUE INSTRUCTIONS FOR FARM WORKERS: WHAT IS THE IEC ACTUALLY PLANNING BEHIND CLOSED DOORS?! Broadcast this to every group before officials scrub the details... election authorities managing the agricultural sector have issued urgent notices clarifying that every registered voter at this rural VD—following logistics standard across provinces from Graskop to the Cape—must present an original green barcoded ID, smart ID, or valid temporary certificate between 07:00 and 21:00 to cast their ballot!!",non-misinformation,direct,random,0.5074,0,org_ai,,FALSE,0,SUBMIT_FAILED,1.7,
2026-09-04T15:38:48+00:00,f2d1c8_sa-elections-samples-20260806-001028-0246_4f6e6d,"Emhlanganweni eMarikana, umholi womphakathi waphawula ngokuhlekisa, 'Ngokubona kwabanye, abanye abantu bacabanga ukuthi bangabuyisa iphepha lokuvota elonakele emva kokulilahla ebhokisini ngaphakathi endaweni ephephile. Uma seliseBHOKISINI, liya ngqo ezibalweni zesikhungo semiphumela kazwelonke njengevoti ELINGAVUMELEKILE, ngakho cela iphepha elisha NGAPHAMBILI kokuba ulilahle.'",non-misinformation,direct,random,0.8768,1,org_ai,,FALSE,0,SUBMIT_FAILED,1.6,
2026-09-04T15:38:48+00:00,f2d1c8_gen-samples-v2-20260809-091050_1473_b96422,"When you vote, the IEC counts all valid votes and invalid votes separately and makes sure everyone knows the results.",non-misinformation,direct,random,0.7032,1,org_ai,,FALSE,0,SUBMIT_FAILED,1.6,
2026-09-04T15:38:48+00:00,f2d1c8_gen-samples-v2-20260809-091050_1123_ce0d40,"Batho ba bangwe mo Rosedale ba be ba re ge o senya lephephe la gago la botee, ke bohlatse bja gore o fetola mogopolo wa gago pele ga dikgetho. Ke ka bakang ge motho a ka nyaka go re fosetša bjalo, aфоšetša abavoti kgole le dikgetho tše re lwetseng tšona? Ke tshedimošo ye e fosagetšego fela.",misinformation,direct,random,0.9323,1,org_ai,,FALSE,0,SUBMIT_FAILED,1.4,
2026-09-04T15:38:48+00:00,df6f80_sa-elections-samples-20260806-001028-0269_68f53d,"Isithombe sesikrini selogi sombiko wesigameko esisemthethweni esiteshini sokuvota eSifundeni saseAlfred Nzo, eMpuma Koloni ngesikhathi sokhetho luka-2021 esibhala phansi ukuthi ukubala kumiswe kanjani kafushane ngo-22:00 ngenxa yokunqanyulwa kukagesi kamasipala kuze kube kulungiswa ukukhanya okuphuthumayo kokusekela, phakathi kwalezo zikhathi amaphoyisa aseSouth African Police Service athuthela ukuvalela unqenqema lomzimba ukuze kuqinisekiswe ukuphepha kwamavoti ngokuhambisana nephrothokholi ejwayelekile ye-IEC njengoba kubikiwe yi-Post-Gazette.",non-misinformation,direct,random,0.5823,0,org_ai,,FALSE,0,SUBMIT_FAILED,1.8,
2026-09-04T15:38:48+00:00,f2d1c8_gen-samples-v2-20260809-091050_1138_2166bf,"If you're on the voters’ roll, you can’t produce your ID? Don’t panic. You can still fill out a court-order form, which allows you to vote. It’s all part of making sure our voices are heard!",non-misinformation,direct,random,0.6952,1,org_ai,,FALSE,0,SUBMIT_FAILED,1.5,
2026-09-04T15:38:48+00:00,df6f80_sa-elections-samples-20260806-001028-0450_4ca7d7,"""Lebelela mo, ge jenereithara e gotela mollo gomme mabone a tingwa ke sehlopha sa go bala diboutu bošego bja Mošupologo, tshireletšo e ile ya rafula mohlankedi yo mongwe le yo mongwe yo a ikemetsego mola balaodi ba tšholla ka sephiri diphetho tše di thopšilwego! Gaešita le kgoši ya rena e ile ya pšhatlelwa ntle mo tseleng mola ba efa dipampiri tša go bala ka mo lefifing!"" go goelela moetapele wa union ya bašomi ba masimo ugo Jaco Venter mo kopanong ya setšhaba e e bulelletšwego batho bohle mo Upington.",misinformation,direct,random,0.8926,0,org_ai,,FALSE,0,SUBMIT_FAILED,1.3,
2026-09-04T15:38:48+00:00,f2d1c8_sa-elections-samples-20260806-001318-0324_90a4b8,"Phenyo ya setlhaba sa rena! E mang le maatla! Taelo ya semmušo ya IEC: ge o foša mo VD ya gao, bušetša pampiri go motšamaisi wa dikgetho. E swaiwa ka CANCELLED gomme ya tšeelwa legato ka pela! Badudi ba Sowetan, tsebang ditokelo tša lena! ABELANANG PELE BA PHUMULA SE!",non-misinformation,direct,random,0.8483,1,org_ai,,FALSE,0,SUBMIT_FAILED,1.2,
2026-09-04T15:38:48+00:00,df6f80_sa-elections-samples-20260806-001028-0324_fa94ab,Ekurhuleni residents express hopeful relief as counting night remains calm. Observers say police water-cannon units deployed near Zwide venues reported zero disruptions. They say official records show a smooth overall voter turnout of 56.1 percent across municipal wards. #Ekurhuleni2026,non-misinformation,direct,random,0.8917,0,org_ai,,FALSE,0,SUBMIT_FAILED,1.7,
2026-09-04T15:38:48+00:00,f2d1c8_sa-elections-samples-20260806-001318-0498_f1e853,TSHEPETŠO YA GO BALA YA SEMOLAO e nyaka BAEMELI BA DIPHATHA TŠEO DI FAPANEGO gore BA LEBELELE tekanyo ya divouta tše di hannywego. BAEMELI BA GO AMOGELWA ba netefatša ge e le gore LESWAO LA BOOMO le bonagala godimo ga SELEFA SE SEFIWA SE SE FAPANEGO. DIPIHO tša kakaretšo di ROMELWA ka go lebanya go NATIONAL-RESULTS-CENTRE.,non-misinformation,direct,random,0.7433,0,org_ai,,FALSE,0,SUBMIT_FAILED,1.9,
2026-09-04T15:38:48+00:00,df6f80_sa-elections-samples-20260806-001318-0045_c0e888,izindaba ezinhle kubantu bethu yabelani kuwo wonke amaqembu ngaphambi kokuthi bakususe ukhansela Sipho uqinisekিসে ukuthi ukucisha kwenethiwekhi ngesikhathi sokudluliswa kwemiphumela bekunjenge-Petrusville esikhathini esidlule futhi imiphumela yethu ethwetshulwe igcinwe ngokuphelele ngabasebenzi bethu bokhetho abazinikele,misinformation,direct,random,0.6089,1,org_ai,,FALSE,0,SUBMIT_FAILED,1.5,
2026-09-04T15:38:48+00:00,df6f80_sa-elections-samples-20260806-001318-0076_035701,Lesedi di timile ka gare ga holo ya Bophelong. Sisteme e thoma eomile. Lesedi ka gare ke gore Thabo ofile tumelelo ya go ntšha dipampiri tša dikgetho tše di senyegilego go lokisa dikgeo tša go bala ka morago ga go tima ga motlakase. Baetapele ba dipolitiki a ba kgone go beakanya gape melao ya dikgetho lefifing! Re lebelela dikgetho tša rena kgauswi. #SouthAfricaDecides2024,misinformation,direct,random,0.8679,1,org_ai,,FALSE,0,SUBMIT_FAILED,1.5,
2026-09-04T15:38:48+00:00,za-elec-muni-006,"Amahlebezi asola ukuthi umphathi kamasipala wase-Johannesburg usayine umyalo ophuthumayo osula zonke izindleko ezingalandelisanga imithetho awakho, njengoba umkhandlu kamasipala kuphela onamandla asemthethweni okuphendula lokho okutholwe ekuhloleni izimali.",non-misinformation,direct,random,0.6568,1,org_ai,,FALSE,0,SUBMIT_FAILED,1.8,
2026-09-04T15:38:48+00:00,f2d1c8_sa-elections-samples-20260806-001318-0292_4027f2,"Lalela lapha, udinga ukwazi le nqobo eyisisekelo!! Izimbudane zokuxhumana nabantu ezichitha i-airtime ngezinsolo zokuthi ukuhlola kabili amabhokisi amabili kubalwa 'njengevoti elihlanganyelwe' azazi lutho nhlobo!! Kumane konakalisa ibhoti lakho futhi kulahlwe nya, uhlelo luyamhlophe kodwa yazi imithetho!! 🛑",non-misinformation,direct,random,0.7384,1,org_ai,,FALSE,0,SUBMIT_FAILED,1.4,
2026-09-04T15:38:48+00:00,mf-elec-05,Umzala wami ehhovisi likamasepala uthi imithetho emisha yokhetho ithi izindleko ezingalandelanga imithetho ezingaxazululiwe zendaba ye-VBS zisulwa nya uma imeya isula.,misinformation,direct,random,0.7656,0,org_ai,,FALSE,0,SUBMIT_FAILED,1.6,
2026-09-04T15:38:48+00:00,df6f80_sa-elections-samples-20260806-001318-0247_baf3b6,"Review panels note this week that Cederberg farm-area tallying desks processed 83% of municipal tallies during a two-hour power outage, using secondary authorization codes imported from North-West officials to secure rapid official endorsement without agent verification.",misinformation,direct,random,0.7539,1,org_ai,,FALSE,0,SUBMIT_FAILED,1.3,
2026-09-04T15:38:48+00:00,f2d1c8_sa-elections-samples-20260806-001318-0468_d572f9,"Magoro a setšhaba mo Kapa a sa tšwago go swara kopano ya go bulega e hlalosago gore go senya pampiri ya gago ya kgetho ke mokgwa wa semolao le wa nnete wa boipelaetšo bja dikgetho, wo o balwago ka semolao ka fase ga dibouto tša go senyega ka nako ya poelano le ge o fa dulo tša go hloka le tše di lego ka tlase ga zero go makgotla a dipolotiki! Na ga go matlafatše gore baagi ba ka senya dipampiri tša bona tša dikgetho ka semolao go romela molaetsa wo o hlakilego gore ga go le tee go tša amaqembu a ka godimo ga a swanelwa ke dibouto tša rena, go laetša gore setšhaba se ka se sa tšewa gabohloko?",non-misinformation,direct,random,0.5343,0,org_ai,,FALSE,0,SUBMIT_FAILED,1.2,
2026-09-04T15:38:48+00:00,za-elec-9001,"Screenshot captured in Johannesburg showing municipal officials unplugging primary servers just before the midnight announcement, ensuring total blackout of ward tallies.",misinformation,direct,random,0.9309,1,org_ai,,FALSE,0,SUBMIT_FAILED,1.2,
2026-09-04T15:38:48+00:00,f2d1c8_sa-elections-samples-20260806-001318-0020_6833d3,"listen listen family in Tlhabane we have every reason to be hopeful for the 2026 municipal vote!! I am fairly confident that party agents, including representatives from Bantu Nqweni's party, have full legal rights under IEC regulations to observe the counting desk and verify the exact tallies of both valid and rejected spoilt ballots before results are finalized... we are watching these dishonest tenderpreneurs, watching these dishonest tenderpreneurs very closely!!",non-misinformation,direct,random,0.9708,1,org_ai,,FALSE,0,SUBMIT_FAILED,1.6,
2026-09-04T15:38:48+00:00,df6f80_sa-elections-samples-20260806-001318-0422_654607,"Mabone a phadimago mo Port Shepstone... go bonala e le tša go beakanywa... hlokego ya mešomo ya godimo e dira batho ba šoro... eupša theeletša gabotse... ge e le gore o ka gare ga mokoloko ka nako ya 9pm, balaodi ba swanetše go go dumelela o vota... gae le ge batho ba lego Brooklyn ba lebelela... o se ke wa tšwa molokolokong!!",non-misinformation,direct,random,0.7895,0,org_ai,,FALSE,0,SUBMIT_FAILED,2.1,
2026-09-04T15:38:48+00:00,df6f80_sa-elections-samples-20260806-001318-0331_e3b011,"When the central results portal experienced temporary connectivity issues in Colesberg, every multi-party agent and independent observer simply conducted a physical paper audit on site. System glitches are annoying, but relying on transparent paper tallies keeps the process genuinely credible.",non-misinformation,direct,random,0.541,1,org_ai,,FALSE,0,SUBMIT_FAILED,2,
2026-09-04T15:38:48+00:00,f2d1c8_sa-elections-samples-20260806-001028-0009_808ee0,"We listened to every self-important influencer talking about citizenship rights and protest voting on our phones. But when our village wrote angry messages across the voting paper, the electoral officers simply logged those ballots into the total turnout number and threw them into the invalid pile without affecting seat counts at all.",non-misinformation,direct,random,0.7826,0,org_ai,,FALSE,0,SUBMIT_FAILED,1.8,
2026-09-04T15:38:48+00:00,za-elec-nm05,Isikhumbuzo nje kuwo wonke umuntu ukuthi uma ungena egumbini lokuvota ngoMsombuluko kumele ugoqe amaphepha akho amabili okuvota kahle ngaphambi kokuwaphonsa emabhokisini amisiwe afanele phambi kweziphakhamisa ze-IEC.,non-misinformation,direct,random,0.6304,1,org_ai,,FALSE,0,SUBMIT_FAILED,1.8,
2026-09-04T15:38:48+00:00,f2d1c8_sa-elections-samples-20260806-001028-0325_463f47,uyadinga ukwazi lokhu nge-GOTV yase-tshwane... kuyiqiniso yini ukuthi ukusayina igama lakho noma ukubhala inombolo yakho kamazisi ebaleni kwenza lingasebenzi nhlobo... ungethembi izeluleko ezingaqinisekisiwe ezithi ivoti lakho lisabalwa uma lihlonziwe #sa2024,non-misinformation,direct,random,0.6571,0,org_ai,,FALSE,0,SUBMIT_FAILED,1.5,
2026-09-04T15:38:48+00:00,f2d1c8_sa-elections-samples-20260806-001318-0082_ad484e,"Yoh baagi, bakgethi ba ba sebete ba ba ilego ba theeletsa molekedi yoo wa mmila ka letšatši la dikgetho ba hweditše seo ba se nyakilego ka go lona letšatši le la morago ga mosong. Palo ya mafelelo ya IEC e tiišeletša gore dipampiri tša dikgetho tše 890 go tšwa go tše 42,300 tše di njetšwego di swailwe e le tše di sego molaong gomme tša hlokomologša ka botlalo diphesenteng tša mokgatho. Eish, ke polelo e matla e kaakang ye e fetotgilego selo le se tee!",non-misinformation,direct,random,0.5654,1,org_ai,,FALSE,0,SUBMIT_FAILED,1.4,
2026-09-04T15:38:48+00:00,f2d1c8_sa-elections-samples-20260806-001318-0450_ed9c51,Yebo lalela umalume wami wangitshela ukuthi ngaphezu kwamaphesenti angu-50 abantu ababhale amanothi okubhikisha ephepheni labo lokuvota ngesikhathi esedlule bashaywa ngenhlawulo yamandla angu-300 rand evela kubahloli abathunyelwe phansi ePitoli ngoba umasipala wethu wendawo usuqhekeke kakhulu.,misinformation,direct,random,0.7286,0,org_ai,,FALSE,0,SUBMIT_FAILED,1.5,
2026-09-04T15:38:48+00:00,f2d1c8_sa-elections-samples-20260806-001318-0171_71e09f,I am calling in from our local township. My opinion is that the terrible election-mood in 2021 was caused by party bosses imposing an outsider as ward candidate. I think voters who chose to spoil their ballot papers were completely justified in showing their anger at the ballot box.,non-misinformation,direct,random,0.9679,0,org_ai,,FALSE,0,SUBMIT_FAILED,1.2,
2026-09-04T15:38:48+00:00,df6f80_sa-elections-samples-20260806-001318-0040_97bd40,speaking at a meadowlands victory gathering community leader thandiwe naidoo said you need to know this our movement gained real ground after night counting wrapped up with official tallies showing 18420 votes in our favor as documented on our tiktok updates,non-misinformation,direct,random,0.8106,1,org_ai,,FALSE,0,SUBMIT_FAILED,1,
2026-09-04T15:38:48+00:00,f2d1c8_gen-samples-v2-20260809-091050_1204_71f688,"At a rally in Osizweni, a local leader claimed that if you spoil your ballot during the 2026 elections, it would automatically count as an invalid vote, which means your voice won't be heard at all, and that there’s no way to appeal against this rule.",misinformation,direct,random,0.55,0,org_ai,,FALSE,0,SUBMIT_FAILED,1.7,
2026-09-04T15:38:48+00:00,f2d1c8_gen-samples-v2-20260809-091050_1070_e95b2a,Ukuvota endaweni yakho ebekiwe kubalulekile ukuze kuqinisekiswe ukuthi ivoti lakho libalwa ngokunembile. Izakhamuzi kufanele ziphindaphinde zihlole izindawo zazo zokuvota ngaphambi kokuphumela ukuvota kule veki. #Bronville,non-misinformation,direct,random,0.7529,0,org_ai,,FALSE,0,SUBMIT_FAILED,2.3,
2026-09-04T15:38:48+00:00,df6f80_sa-elections-samples-20260806-001028-0275_fd5164,"Hle abelana ka tshedimošo ye le malapa a gago. Mo warding ya gago kgauswi le hholo ya balaodi ba setšo, maatla a motlakase a padile nakong ya go bala, efela bašomi ba dikgetho ba buletše dikbone tša tšhoganetšo gore tshepediso e dule e hlophegile bjalo ka ge e laeditšwe ka bukeng ya dikgetho ya mengwaga e mehlano. Ke dumela gore go bala go tla tšea nako etelele go se nene ka tlase ga dikbone tše, ka fao baemedi ba mekgwa ba swanetše feela go ba le mamello ka gare.",non-misinformation,direct,random,0.6745,1,org_ai,,FALSE,0,SUBMIT_FAILED,2,
2026-09-04T15:38:48+00:00,f2d1c8_sa-elections-samples-20260806-001028-0193_104133,"Headline: Midlands Counting Center Guidelines Reinforce Voter Intent Principle for Ambiguous Ballots. Official counting manuals stipulate that any clear mark made within a single candidate boundary must be counted as valid, ensuring that non-standard markings from a frustrated voting bloc are not improperly rejected by officials facing a civic vote-of-no-confidence.",non-misinformation,direct,random,0.6221,1,org_ai,,FALSE,0,SUBMIT_FAILED,2.1,
2026-09-04T15:38:48+00:00,df6f80_sa-elections-samples-20260806-001028-0045_203a63,"COMMUNITY NOTICE FOR DIEPSLOOT RESIDENTS: We inform our people that on this night of 4 November 2026, counting has been frozen in total darkness while staff wash off indelible-ink from double votes. How charming that the dark tactics used years ago in Malamulele are now deployed in our township to hijack our results.",misinformation,direct,random,0.7191,1,org_ai,,FALSE,0,SUBMIT_FAILED,1.8,
2026-09-04T15:38:48+00:00,za-elec-2026-009,"Ey DJ, is it true that they hid the real voter apathy statistics in a secret BACKGROUNDER document sent only to elite politicians?",misinformation,direct,random,0.6513,0,org_ai,,FALSE,0,SUBMIT_FAILED,1.4,
2026-09-04T15:38:48+00:00,sa-elec-2026-04,Go thabiša kudu go bona seswantsho se sa balebeledi ba Mkhwebane ba thibša ka mmele go hlahloba dinomoro tša serial mo metšhining ya zip-zip mo motseng wa Phola-Park.,misinformation,direct,random,0.9035,0,org_ai,,FALSE,0,SUBMIT_FAILED,1.5,
2026-09-04T15:38:48+00:00,f2d1c8_gen-samples-v2-20260809-091050_1077_2766cd,"Abavoti kufanele baqaphele ukuthi ukumaka amavoti abo ngokungafanele ngamabomu kungaholela emiphumeleni engase ibe khona, yize abanye bengase baphikisane ukuthi lokhu kuwumbono wezepolitiki.",non-misinformation,direct,random,0.8339,0,org_ai,,FALSE,0,SUBMIT_FAILED,1.4,
2026-09-04T15:38:48+00:00,za-elec-2026-009,"Ngicasukile ngokuphelele ngemuva kokulondoloza lesi sithombe sesikrini salokho okubonakala sengathi isihloko sezindaba seGazeteLive esabiwe esigodini sethu sokulima saseBeaufort West namuhla, 4 November 2026, esithi ngamanga ukuthi amavoti afakwe umkhandlu ofuna umyalo ovuselelwe azofakwa ngokuzenzakalelayo eqenjini lakhe langaphambilini ngesinqumo esikhethekile!",misinformation,direct,random,0.9659,0,org_ai,,FALSE,0,SUBMIT_FAILED,1.6,
2026-09-04T15:38:48+00:00,df6f80_gen-samples-v2-20260809-091050_1405_3ca89b,"Ngizwe ukuthi kunokuvaleka kukagesi kuyo yonke indawo, futhi akukho noyedwa ongaphumelela ukufinyelela etafuleni lokuqinisekisa. Bayafihla imiphumela yangempela ngobusuku bokubala!",misinformation,direct,random,0.9391,1,org_ai,,FALSE,0,SUBMIT_FAILED,1.6,
2026-09-04T15:38:48+00:00,df6f80_sa-elections-samples-20260806-001028-0334_46a926,"Ge re bolela le bašomi ba mafelo a balemi kopanong ya holo ya setšhaba ya De Doorns, motshokgothe wa selegae o tsebišitše: 'Molaodi wa Dikgetho yo Mogolo wa IEC ka boyena o sa tšwa go dumela seweng se se phelago gore gowa ga tshepedišo ka botlalo bošegong bjo go bakilwe ke lehoya le legolo la dikgetho tša rena, gomme go sa šetše dikgoba tše tša thekeniki, tshedimošo ya dikgetho ye e swerwego ye e lego go di-log tša tlhahlobo e tiišetša fenyo ya rena ye kgolo ye e sa bonagalago pele ga bošego bo fela!'",misinformation,direct,random,0.9449,1,org_ai,,FALSE,0,SUBMIT_FAILED,1.8,
2026-09-04T15:38:48+00:00,za-elec-ds-002,Go ka kgonega bjang gore motho a bote tshepetšo ye ge leswao la dipoelo mo geelhoutpark le begilwe le eme diiri tše nne mola go bolelwa gore go diragetše go balwa ga dipoelo ga bošego ka moše ga ditshekgo tša tswalwago?,misinformation,direct,random,0.5777,0,org_ai,,FALSE,0,SUBMIT_FAILED,1.8,
2026-09-04T15:38:48+00:00,df6f80_sa-elections-samples-20260806-001028-0269_b3b0a2,"Seswantšho sa tsweletsô ya logibuku ya seteišene sa semmušo go tšwa holong ya balaodi ba setšo mo Masepaleng wa King Sabata Dalindyebo nakong ya dikgetho tša masepala tša selegae tša 2021 se tiišetšago gore phetišo ya mabokisi a dikgetho e emišitšwe go fihlela ka bošego ka tlase ga tšhireletšo ya mopsa ya maphodisa le moemedi wa phathi ka baka la ditsela tša mahae tše di sa boneswago, go netefatsa gore dikgetho ka moka tše di abelang mabelo a matoropo a selegae go tšwa go baagi ba bagolo le ba voutago ba born-free di dula di šireletšegile.",non-misinformation,direct,random,0.6053,1,org_ai,,FALSE,0,SUBMIT_FAILED,1.7,
2026-09-04T15:38:48+00:00,f2d1c8_gen-samples-v2-20260809-091050_1071_c0fa34,Bengilokhu ngizwa kubantu baseMamelodi ukuthi amaphepha okuvota abonakaliswe amaphutha ngeke aphinde abhekwe nhlobo ngesikhathi sokubala amavoti kungcono ukuthi uthule tu uma unenkinga bathi kunesikweletu futhi awukwazi ukwenza lutho kule veki,misinformation,direct,random,0.8437,1,org_ai,,FALSE,0,SUBMIT_FAILED,1.8,
2026-09-05T21:10:03+00:00,df6f80_sa-elections-samples-20260806-001318-0126_eb4c36,Yeka ukuba yisicefe ngokuphelele kokuthi amavoti akhethekile aqoqwe ngesikhathi sokuvakashela imizi ngendlu ngendlu angashiywa engalawulwa ngaphambi kobusuku bokubala. Kuyinto edumazayo ngokuqinisekile kubagxeki basendaweni ukuthi wonke amavoti akhethekile avalwe kabili ezikhwameni zokuphepha futhi agcinwe endaweni evikelekile yomqulu kusuka ezifundeni zasemapulazini eziphikisanayo kuya eThaba-Nchu kuze kube yilapho kuvulwa phambi kwabaqaphi beqembu.,non-misinformation,direct,fallback_random,0.8684,1,org1,QmPr64eXCk9752zYhhzh4qqrfMeNfYuTRUxUTNJne4tjLx,FALSE,11,REJECTED,5934.9,15 orgs
2026-09-05T21:10:03+00:00,f2d1c8_sa-elections-samples-20260806-001318-0191_0c5f22,"Johannesburg residents, I am absolutely convinced that casting a spoilt ballot represents the highest form of democratic hope! Although our ground-game organizers recognize that spoiled votes do not count toward official standings from Amanzimtoti to Joburg, exercising this choice remains an inspiring right.",non-misinformation,direct,fallback_random,0.8014,1,org1,QmWx6qdVqmwTAN6eSJJYfDFD2iXBj9DPVr4FEcGytEFdrZ,FALSE,11,REJECTED,4233.4,
2026-09-05T21:10:03+00:00,f2d1c8_sa-elections-samples-20260806-001318-0174_16248f,"Ngokubona kwami maqondana nokuphathwa kokhetho esifundeni sami e-Sasolburg, amalungu omphakathi kufanele aqonde ukuthi amavoti awonakele awawuthinti umngcele wesifunda osemthethweni owasungulwa yi-Municipal Demarcation Board.",non-misinformation,direct,fallback_random,0.6716,0,org1,QmVtcWmq36otaRA437qK6BQ7JUbPuUM4Her1oFiJtthFSQ,TRUE,12,FINAL,2224.3,
2026-09-05T21:10:03+00:00,df6f80_sa-elections-samples-20260806-001318-0253_7a1958,"Captured in this alarming screenshot from the central venue, armed soldiers are seen occupying the counting station after the local grid failed, which legally renders every counted ballot completely void since the Electoral Act strictly forbids military presence inside tallying rooms during active vote counting—why are citizens expected to accept captured results generated under the intimidation of the army in Chatsworth?",misinformation,direct,fallback_random,0.8531,0,org1,QmQWwURgshYjmixXi9YuuouLGtRaewZdkFapoJY5gacYXZ,TRUE,12,FINAL,2228.9,
2026-09-05T21:10:03+00:00,f2d1c8_sa-elections-samples-20260806-001028-0392_43b279,"The establishment surely appreciates everyone spreading nonsense during canvassing this week. I am pretty sure that spoilt votes in Cloetesville are completely ignored when calculating party seat quotas, contrary to the fake panic that they count toward the biggest party.",non-misinformation,direct,fallback_random,0.8566,1,org1,QmYqa9fB1nFZ13oJ8tFRTVVVkMseARJMeKw3hYCZK2vVcw,TRUE,12,FINAL,2223.4,
2026-09-05T21:10:03+00:00,f2d1c8_sa-elections-samples-20260806-001028-0224_6a9491,barkly east officials warn against ballot paper scribbles they say local iec monitors observed some voters drawing memes on their ballots which automatically forces counters to reject the paper as spoiled i heard thousands of citizens are listening to official warnings to ensure their genuine votes count in these critical elections,non-misinformation,direct,random,0.8666,0,org1,QmUUMo9LFxcNUpupaBYRDC9ATvuEFvtJ3h3KwkDEoAvsLE,TRUE,12,FINAL,2306.6,
2026-09-05T21:10:03+00:00,f2d1c8_sa-elections-samples-20260806-001318-0067_d31302,i stayed up watching the counts for our farming ward when tallying-underway was reported on ChronicleLive and the national figures showed roughly 160000 invalid ballots on the new regional vote mainly caused by voters marking outside the box or leaving the paper blank,non-misinformation,direct,random,0.999,1,org1,QmWT2vtND3z75enjacbDWBSQU9kbQbYP8TyuupazBieBDh,TRUE,12,FINAL,2175.5,
2026-09-05T21:10:03+00:00,f2d1c8_sa-elections-samples-20260806-001318-0416_c8197d,Over in Gugulethu we are all talking about how the regional supervisor down in Elliotdale publicly stated that all spoilt protest ballots cast today will be compiled into an official list that automatically decides which ministers get expelled from parliament.,misinformation,direct,random,0.9455,1,org1,QmbDeH6aSCZYy3FiTHaCkgVvjjbcaCWU6fP2n6mKnLYWgC,TRUE,11,FINAL,2376.2,
2026-09-05T21:10:03+00:00,df6f80_sa-elections-samples-20260806-001028-0496_28ce44,"UKUFIHLA IZIKHATHI ZOKUPHELA KWEZINGXABANO EZIKHUNGOHENI ZASEMAZIYENI: INGABE IKOMISI IZAMA UKUTHULA IZINGXABANO NGAPHAMBI KOKUVALWA KWEMIPHUMELA?! Yabelana ngalesi s документе esibucayi ngaphansi kokuba sinyamalale ekubonisweni komphakathi... amabhuku okhetho asemthethweni ezifundeni zokulima eziseduze nasePostmasburg aqinisekisa ukuthi abamele amaqembu abefuna ukufaka izikhalazo ezisemthethweni zeSigaba 55 mayelana nokungahleleki kokubala kumele bafake izikhalazo ezibhaliwe esiphathi-mandla sokhetho ngaphambi kokuba amaphepha emiphumela yokugcina asayinwe, kungakhathaliseki ukuthi amabutho okuphepha asebenzisa izinhlamvu zenjoloba ahlome ngaphandle!!",non-misinformation,direct,random,0.8005,0,org1,QmQrksENYadeH4aNbo2RKNoSKhSizX8NHkAU96L1XcFQw7,TRUE,11,FINAL,2251.3,
2026-09-05T21:10:03+00:00,kzn-2021-001,"I-akhawunti esemthethweni ye-IEC ithe ward yethu ibhekene nokucishwa KAMANZI ngesikhathi sovoto, okufakazela ukuthi umbuso usebenzise ukunqatshelwa kwengqalasizinda EYISISEKELO njengesu elihlosiwe lokuphoqa ukususwa kokhetho.",misinformation,direct,random,0.5437,0,org1,QmZFnhyxAZynMkfHoYnjb2aM2ujBkcgkkB47NheZ4C4b7z,TRUE,12,FINAL,2368.3,
2026-09-05T22:48:32+00:00,df6f80_sa-elections-samples-20260806-001318-0126_eb4c36,Yeka ukuba yisicefe ngokuphelele kokuthi amavoti akhethekile aqoqwe ngesikhathi sokuvakashela imizi ngendlu ngendlu angashiywa engalawulwa ngaphambi kobusuku bokubala. Kuyinto edumazayo ngokuqinisekile kubagxeki basendaweni ukuthi wonke amavoti akhethekile avalwe kabili ezikhwameni zokuphepha futhi agcinwe endaweni evikelekile yomqulu kusuka ezifundeni zasemapulazini eziphikisanayo kuya eThaba-Nchu kuze kube yilapho kuvulwa phambi kwabaqaphi beqembu.,non-misinformation,direct,fallback_random,0.8684,1,org1,QmcqfT1nmDuteFenRFQNerRgRvWDgYbcrUxLMG2TP3n9Ae,FALSE,11,REJECTED,4957.2,
2026-09-05T22:48:32+00:00,f2d1c8_sa-elections-samples-20260806-001318-0191_0c5f22,"Johannesburg residents, I am absolutely convinced that casting a spoilt ballot represents the highest form of democratic hope! Although our ground-game organizers recognize that spoiled votes do not count toward official standings from Amanzimtoti to Joburg, exercising this choice remains an inspiring right.",non-misinformation,direct,fallback_random,0.8014,1,org1,QmTUvJ8rwN5tMgz4EMvJsBNkvBqJzyF5HnHLsDMm1Z4wwH,FALSE,11,REJECTED,4109.7,
2026-09-05T22:48:32+00:00,f2d1c8_sa-elections-samples-20260806-001318-0174_16248f,"Ngokubona kwami maqondana nokuphathwa kokhetho esifundeni sami e-Sasolburg, amalungu omphakathi kufanele aqonde ukuthi amavoti awonakele awawuthinti umngcele wesifunda osemthethweni owasungulwa yi-Municipal Demarcation Board.",non-misinformation,direct,fallback_random,0.6716,0,org1,QmXhiGmTuY7jtFxmzR3ELc1eZ3WLcRjL2VrfYfiM2oPMjh,TRUE,12,FINAL,2301.4,
2026-09-05T22:48:32+00:00,df6f80_sa-elections-samples-20260806-001318-0253_7a1958,"Captured in this alarming screenshot from the central venue, armed soldiers are seen occupying the counting station after the local grid failed, which legally renders every counted ballot completely void since the Electoral Act strictly forbids military presence inside tallying rooms during active vote counting—why are citizens expected to accept captured results generated under the intimidation of the army in Chatsworth?",misinformation,direct,fallback_random,0.8531,0,org1,QmdMTr6AzHiaqXxdDPueRDaoC2QajG7TeaNk7yw9HR3J2C,TRUE,12,FINAL,2180.1,
2026-09-05T22:48:32+00:00,f2d1c8_sa-elections-samples-20260806-001028-0392_43b279,"The establishment surely appreciates everyone spreading nonsense during canvassing this week. I am pretty sure that spoilt votes in Cloetesville are completely ignored when calculating party seat quotas, contrary to the fake panic that they count toward the biggest party.",non-misinformation,direct,fallback_random,0.8566,1,org1,QmW7sxzbde1YL5xasVYZPtUXPCHPNCR9F3qeHWPh2scTVc,TRUE,12,FINAL,2150,
2026-09-05T22:48:32+00:00,f2d1c8_sa-elections-samples-20260806-001028-0224_6a9491,barkly east officials warn against ballot paper scribbles they say local iec monitors observed some voters drawing memes on their ballots which automatically forces counters to reject the paper as spoiled i heard thousands of citizens are listening to official warnings to ensure their genuine votes count in these critical elections,non-misinformation,direct,fallback_random,0.8666,0,org1,QmZ8gVgHsfeP2hzYWjUtiApqwnjG5jSDkdtpLs9yseVCst,TRUE,12,FINAL,2221.8,
2026-09-05T22:48:32+00:00,f2d1c8_sa-elections-samples-20260806-001318-0067_d31302,i stayed up watching the counts for our farming ward when tallying-underway was reported on ChronicleLive and the national figures showed roughly 160000 invalid ballots on the new regional vote mainly caused by voters marking outside the box or leaving the paper blank,non-misinformation,direct,fallback_random,0.999,1,org1,QmdJNzPnT1VDv2bej9EaQaU5i6m9AhdK1zaXHw3tJr881b,TRUE,12,FINAL,2368.5,
2026-09-05T22:48:32+00:00,f2d1c8_sa-elections-samples-20260806-001318-0416_c8197d,Over in Gugulethu we are all talking about how the regional supervisor down in Elliotdale publicly stated that all spoilt protest ballots cast today will be compiled into an official list that automatically decides which ministers get expelled from parliament.,misinformation,direct,random,0.9455,1,org2,QmZJAGydM7nas9hBuQboSrkUHaPJTr4zRvRarFUHN3s8UQ,TRUE,11,FINAL,3334.7,
2026-09-05T22:48:32+00:00,df6f80_sa-elections-samples-20260806-001028-0496_28ce44,"UKUFIHLA IZIKHATHI ZOKUPHELA KWEZINGXABANO EZIKHUNGOHENI ZASEMAZIYENI: INGABE IKOMISI IZAMA UKUTHULA IZINGXABANO NGAPHAMBI KOKUVALWA KWEMIPHUMELA?! Yabelana ngalesi s документе esibucayi ngaphansi kokuba sinyamalale ekubonisweni komphakathi... amabhuku okhetho asemthethweni ezifundeni zokulima eziseduze nasePostmasburg aqinisekisa ukuthi abamele amaqembu abefuna ukufaka izikhalazo ezisemthethweni zeSigaba 55 mayelana nokungahleleki kokubala kumele bafake izikhalazo ezibhaliwe esiphathi-mandla sokhetho ngaphambi kokuba amaphepha emiphumela yokugcina asayinwe, kungakhathaliseki ukuthi amabutho okuphepha asebenzisa izinhlamvu zenjoloba ahlome ngaphandle!!",non-misinformation,direct,random,0.8005,0,org11,Qmd4kAY8mzehJPh78j5ZTGdfwx6VFZHded1Szft2f1yx22,TRUE,12,FINAL,2178.7,
2026-09-05T22:48:32+00:00,kzn-2021-001,"I-akhawunti esemthethweni ye-IEC ithe ward yethu ibhekene nokucishwa KAMANZI ngesikhathi sovoto, okufakazela ukuthi umbuso usebenzise ukunqatshelwa kwengqalasizinda EYISISEKELO njengesu elihlosiwe lokuphoqa ukususwa kokhetho.",misinformation,direct,random,0.7208,1,org2,QmTDyJgZ7ciem8EV1Phr6ZkELkRHT2S9Lk9hUYdkh4FWP2,TRUE,12,FINAL,2194.3,
2026-09-06T00:12:03+00:00,df6f80_sa-elections-samples-20260806-001318-0126_eb4c36,Yeka ukuba yisicefe ngokuphelele kokuthi amavoti akhethekile aqoqwe ngesikhathi sokuvakashela imizi ngendlu ngendlu angashiywa engalawulwa ngaphambi kobusuku bokubala. Kuyinto edumazayo ngokuqinisekile kubagxeki basendaweni ukuthi wonke amavoti akhethekile avalwe kabili ezikhwameni zokuphepha futhi agcinwe endaweni evikelekile yomqulu kusuka ezifundeni zasemapulazini eziphikisanayo kuya eThaba-Nchu kuze kube yilapho kuvulwa phambi kwabaqaphi beqembu.,non-misinformation,direct,non-misinformation,0.9999,0,org1,QmZKR7uAiy7MCSbvhxKknMp2JoMHSk8Kejc89fo4xrFXd6,FALSE,0,PENDING,2295.7,
2026-09-06T00:12:03+00:00,f2d1c8_sa-elections-samples-20260806-001318-0191_0c5f22,"Johannesburg residents, I am absolutely convinced that casting a spoilt ballot represents the highest form of democratic hope! Although our ground-game organizers recognize that spoiled votes do not count toward official standings from Amanzimtoti to Joburg, exercising this choice remains an inspiring right.",non-misinformation,direct,non-misinformation,0.9999,0,org1,QmYsckQsnixrDBdDUKyBBXW2GhH5mwJaHAewB5LwViKm1u,FALSE,0,PENDING,2147.4,
2026-09-06T00:12:03+00:00,f2d1c8_sa-elections-samples-20260806-001318-0174_16248f,"Ngokubona kwami maqondana nokuphathwa kokhetho esifundeni sami e-Sasolburg, amalungu omphakathi kufanele aqonde ukuthi amavoti awonakele awawuthinti umngcele wesifunda osemthethweni owasungulwa yi-Municipal Demarcation Board.",non-misinformation,direct,non-misinformation,1,0,org1,QmQoPN2rDfdvxgRkhnbtu9EnaFYAbDeLc3SSJyJjJz6gfp,FALSE,0,PENDING,2214.1,
2026-09-06T00:12:03+00:00,df6f80_sa-elections-samples-20260806-001318-0253_7a1958,"Captured in this alarming screenshot from the central venue, armed soldiers are seen occupying the counting station after the local grid failed, which legally renders every counted ballot completely void since the Electoral Act strictly forbids military presence inside tallying rooms during active vote counting—why are citizens expected to accept captured results generated under the intimidation of the army in Chatsworth?",misinformation,direct,misinformation,1,1,org1,QmcGWAeEqCQPoaTvviGX9N5RdkXjs6Azcd7nHXK8fALnaN,FALSE,2,UNDER_REVIEW,2142.2,
2026-09-06T00:12:03+00:00,f2d1c8_sa-elections-samples-20260806-001028-0392_43b279,"The establishment surely appreciates everyone spreading nonsense during canvassing this week. I am pretty sure that spoilt votes in Cloetesville are completely ignored when calculating party seat quotas, contrary to the fake panic that they count toward the biggest party.",non-misinformation,direct,non-misinformation,0.9999,0,org1,QmcKCT63EwYo87Z3PbbpfWCo87dtGS9zZN6dyVtXNGJMf7,FALSE,0,PENDING,2175.6,
2026-09-06T00:12:03+00:00,f2d1c8_sa-elections-samples-20260806-001028-0224_6a9491,barkly east officials warn against ballot paper scribbles they say local iec monitors observed some voters drawing memes on their ballots which automatically forces counters to reject the paper as spoiled i heard thousands of citizens are listening to official warnings to ensure their genuine votes count in these critical elections,non-misinformation,direct,random,0.8032,0,org15,,FALSE,0,SUBMIT_FAILED,2.2,
2026-09-06T00:12:03+00:00,f2d1c8_sa-elections-samples-20260806-001318-0067_d31302,i stayed up watching the counts for our farming ward when tallying-underway was reported on ChronicleLive and the national figures showed roughly 160000 invalid ballots on the new regional vote mainly caused by voters marking outside the box or leaving the paper blank,non-misinformation,direct,random,0.5727,1,org5,QmWiztGzdhZG3Ybj4V5mzkUpcuR5ZzRGkjZq9wfxWz9ge2,FALSE,2,UNDER_REVIEW,2143.8,
2026-09-06T00:12:03+00:00,f2d1c8_sa-elections-samples-20260806-001318-0416_c8197d,Over in Gugulethu we are all talking about how the regional supervisor down in Elliotdale publicly stated that all spoilt protest ballots cast today will be compiled into an official list that automatically decides which ministers get expelled from parliament.,misinformation,direct,random,0.6098,0,org12,,FALSE,0,SUBMIT_FAILED,1.9,
2026-09-06T00:12:03+00:00,df6f80_sa-elections-samples-20260806-001028-0496_28ce44,"UKUFIHLA IZIKHATHI ZOKUPHELA KWEZINGXABANO EZIKHUNGOHENI ZASEMAZIYENI: INGABE IKOMISI IZAMA UKUTHULA IZINGXABANO NGAPHAMBI KOKUVALWA KWEMIPHUMELA?! Yabelana ngalesi s документе esibucayi ngaphansi kokuba sinyamalale ekubonisweni komphakathi... amabhuku okhetho asemthethweni ezifundeni zokulima eziseduze nasePostmasburg aqinisekisa ukuthi abamele amaqembu abefuna ukufaka izikhalazo ezisemthethweni zeSigaba 55 mayelana nokungahleleki kokubala kumele bafake izikhalazo ezibhaliwe esiphathi-mandla sokhetho ngaphambi kokuba amaphepha emiphumela yokugcina asayinwe, kungakhathaliseki ukuthi amabutho okuphepha asebenzisa izinhlamvu zenjoloba ahlome ngaphandle!!",non-misinformation,direct,random,0.8132,0,org15,,FALSE,0,SUBMIT_FAILED,1.6,
2026-09-06T00:12:03+00:00,kzn-2021-001,"I-akhawunti esemthethweni ye-IEC ithe ward yethu ibhekene nokucishwa KAMANZI ngesikhathi sovoto, okufakazela ukuthi umbuso usebenzise ukunqatshelwa kwengqalasizinda EYISISEKELO njengesu elihlosiwe lokuphoqa ukususwa kokhetho.",misinformation,direct,random,0.7926,1,org7,,FALSE,0,SUBMIT_FAILED,1.5,
2026-09-06T00:25:50+00:00,df6f80_sa-elections-samples-20260806-001318-0126_eb4c36,Yeka ukuba yisicefe ngokuphelele kokuthi amavoti akhethekile aqoqwe ngesikhathi sokuvakashela imizi ngendlu ngendlu angashiywa engalawulwa ngaphambi kobusuku bokubala. Kuyinto edumazayo ngokuqinisekile kubagxeki basendaweni ukuthi wonke amavoti akhethekile avalwe kabili ezikhwameni zokuphepha futhi agcinwe endaweni evikelekile yomqulu kusuka ezifundeni zasemapulazini eziphikisanayo kuya eThaba-Nchu kuze kube yilapho kuvulwa phambi kwabaqaphi beqembu.,non-misinformation,direct,non-misinformation,0.9999,0,org1,QmdbMWgyejzXRr7n1WQhReobx2c36nqt6AWgr84eaBoPAs,FALSE,12,REJECTED,2165.5,
2026-09-06T00:25:50+00:00,f2d1c8_sa-elections-samples-20260806-001318-0191_0c5f22,"Johannesburg residents, I am absolutely convinced that casting a spoilt ballot represents the highest form of democratic hope! Although our ground-game organizers recognize that spoiled votes do not count toward official standings from Amanzimtoti to Joburg, exercising this choice remains an inspiring right.",non-misinformation,direct,non-misinformation,0.9999,0,org1,QmSZ17Xa9VnSxLa1RcwDRs9FFDzQEdaxzBZnjgoRWoGsEe,FALSE,13,REJECTED,2168,
2026-09-06T00:25:50+00:00,f2d1c8_sa-elections-samples-20260806-001318-0174_16248f,"Ngokubona kwami maqondana nokuphathwa kokhetho esifundeni sami e-Sasolburg, amalungu omphakathi kufanele aqonde ukuthi amavoti awonakele awawuthinti umngcele wesifunda osemthethweni owasungulwa yi-Municipal Demarcation Board.",non-misinformation,direct,non-misinformation,1,0,org1,QmX8fBJLBJFj9YgmfCwLtQWhepP7RU3G7EM26pyHws7Lxo,TRUE,14,FINAL,2153.6,
2026-09-06T00:25:50+00:00,df6f80_sa-elections-samples-20260806-001318-0253_7a1958,"Captured in this alarming screenshot from the central venue, armed soldiers are seen occupying the counting station after the local grid failed, which legally renders every counted ballot completely void since the Electoral Act strictly forbids military presence inside tallying rooms during active vote counting—why are citizens expected to accept captured results generated under the intimidation of the army in Chatsworth?",misinformation,direct,misinformation,1,1,org1,QmSRx7es3RpF9C5rVJxaM1bKnbbqrsDy5FWnBBtXNKUmJc,TRUE,13,FINAL,2188.4,
2026-09-06T00:25:50+00:00,f2d1c8_sa-elections-samples-20260806-001028-0392_43b279,"The establishment surely appreciates everyone spreading nonsense during canvassing this week. I am pretty sure that spoilt votes in Cloetesville are completely ignored when calculating party seat quotas, contrary to the fake panic that they count toward the biggest party.",non-misinformation,direct,non-misinformation,0.9999,0,org1,QmPxpAqQrQaypNnS6K8HP3UfPV2gmC4TyKgXYiXMEqDPxn,TRUE,13,FINAL,2158.4,
2026-09-06T00:25:50+00:00,f2d1c8_sa-elections-samples-20260806-001028-0224_6a9491,barkly east officials warn against ballot paper scribbles they say local iec monitors observed some voters drawing memes on their ballots which automatically forces counters to reject the paper as spoiled i heard thousands of citizens are listening to official warnings to ensure their genuine votes count in these critical elections,non-misinformation,direct,random,0.8032,0,org15,QmWN8v6yeq1JPQ6h2njU63XPb9iscYR4BU9xS2Q6rBsMb2,TRUE,14,FINAL,2143.2,
2026-09-06T00:25:50+00:00,f2d1c8_sa-elections-samples-20260806-001318-0067_d31302,i stayed up watching the counts for our farming ward when tallying-underway was reported on ChronicleLive and the national figures showed roughly 160000 invalid ballots on the new regional vote mainly caused by voters marking outside the box or leaving the paper blank,non-misinformation,direct,random,0.6098,0,org12,QmPr6hnUUvYzjKrSmeWUWJaNYEnGXkmEqJC4yEVkRJQFM7,TRUE,13,FINAL,2158.6,
2026-09-06T00:25:50+00:00,f2d1c8_sa-elections-samples-20260806-001318-0416_c8197d,Over in Gugulethu we are all talking about how the regional supervisor down in Elliotdale publicly stated that all spoilt protest ballots cast today will be compiled into an official list that automatically decides which ministers get expelled from parliament.,misinformation,direct,random,0.6911,1,org9,QmXrMUv29kXueBS52Dfg5BWRY7jMov9MR9GAquQFBXCpJF,TRUE,13,FINAL,2166.4,
2026-09-06T00:25:50+00:00,df6f80_sa-elections-samples-20260806-001028-0496_28ce44,"UKUFIHLA IZIKHATHI ZOKUPHELA KWEZINGXABANO EZIKHUNGOHENI ZASEMAZIYENI: INGABE IKOMISI IZAMA UKUTHULA IZINGXABANO NGAPHAMBI KOKUVALWA KWEMIPHUMELA?! Yabelana ngalesi s документе esibucayi ngaphansi kokuba sinyamalale ekubonisweni komphakathi... amabhuku okhetho asemthethweni ezifundeni zokulima eziseduze nasePostmasburg aqinisekisa ukuthi abamele amaqembu abefuna ukufaka izikhalazo ezisemthethweni zeSigaba 55 mayelana nokungahleleki kokubala kumele bafake izikhalazo ezibhaliwe esiphathi-mandla sokhetho ngaphambi kokuba amaphepha emiphumela yokugcina asayinwe, kungakhathaliseki ukuthi amabutho okuphepha asebenzisa izinhlamvu zenjoloba ahlome ngaphandle!!",non-misinformation,direct,random,0.7208,1,org2,QmeN72WdKXPvEV6wR1kauVhVn9N1NFWzCae84kyGwjfgfN,TRUE,14,FINAL,2168,
2026-09-06T00:25:50+00:00,kzn-2021-001,"I-akhawunti esemthethweni ye-IEC ithe ward yethu ibhekene nokucishwa KAMANZI ngesikhathi sovoto, okufakazela ukuthi umbuso usebenzise ukunqatshelwa kwengqalasizinda EYISISEKELO njengesu elihlosiwe lokuphoqa ukususwa kokhetho.",misinformation,direct,random,0.8898,0,org7,QmQfeUEHJnbpLkGhHjCTtSh3DZ6z6boP4fBsc9b2eaWd6F,TRUE,14,FINAL,2145.6,
2026-09-06T03:56:42+00:00,za-elec-ink-009,Seswantsho se bontshago molebeledi yo a amogetšwego a hlahloba botlolo ya enke mo Tshwane. Dithakatsheko tša ikemetšego di tiišitše gore enke ya tlhago ye e dirišwago e fihlelela maemo a boditšhabatšhaba a dikgetho ebile ga e na maswao a utegilego ao a tlemagantšwego le diakhaonto tša masepala.,non-misinformation,direct,non-misinformation,0.9999,0,org1,QmXS2wFRP7E6DLzumQdxwudHwLEPiwXyEPTUU7e7KBmvRX,FALSE,2,REJECTED,2073.1,15 orgs @ 100 samples
2026-09-06T03:56:42+00:00,df6f80_sa-elections-samples-20260806-001028-0496_c89561,"UKUQINISA INETI KUBALETI BAPHANDLE KWESIFUNDA: KUNGANI IZIGABA ZOKUVOTA EZIDUMILE ZICHIYWE NGENDLELA EYIMFUMBATHELI?! Xwayisa umphakathi wakho ngaphansi kokuba bafihle lokhu kubuyekezwa... imiyalelo esemthethweni yesifunda sezolimo saseMossel-Bay iqinisekisa ukuthi ngaphansi kwemithetho yeSigaba 24A, abavoti abehlulekile ukubhalisa kusengaphambili inhloso yabo yokuvota ngaphandle kwesifunda sabo sasekhaya ngoMeyi 17, 2024, abakwazi ukuwelela phansi ukuze baphonse amaphepha okuvota ezikhungweni zasemakhaya ezingabhalisile!!",non-misinformation,direct,non-misinformation,0.9996,0,org1,QmWMzW69bmvigLyaoY6yBrX4s1tn4J1bFoZQK7Rrkb7qyC,FALSE,2,REJECTED,2059.8,
2026-09-06T03:56:42+00:00,df6f80_sa-elections-samples-20260806-001028-0045_e1a83f,"SETSEBIŠO SA SEMMUSO SA BAAGI BA KATLEHONG: Re tsebiša batho ba rena gore bošegong bja lehono, 4 Kgwang 2026, polokelo ya tshedimošo ya magareng ya diphetho e thubegile ka botlalo go ngwala godimo ga dikgetho tša rena tša toropo mola boemo bja go buleka ga ditesiteshene bo bontšhitšwe ka bomenemene. Na ga go ratege ka moo bohlale bja seodara bjo bo swanago bja go tšwa Seshego bo bušetšwago gape lehono go utswa lentswe la setšhaba sa rena.",misinformation,direct,misinformation,0.9999,1,org1,QmamhvQ4Nh9bKcGRqA4k5wsuM6E8emHDpqqNpkMpr6D5TG,FALSE,2,REJECTED,2066.5,
2026-09-06T03:56:42+00:00,f2d1c8_gen-samples-v2-20260809-091050_1297_4458b5,"Abaningi bakholelwa ukuthi amavoti angavumelekile angashintsha isimo sokhetho. Kodwa, amavoti angavumelekile awakaze abalwe noma athinte imiphumela, phela! #VoteWisely",non-misinformation,direct,non-misinformation,0.9999,0,org1,QmPUuwKpyX3KAQ7tVTFJybimjVM7LuPgdRBoNzdNtL1FPA,FALSE,2,REJECTED,2066.7,
2026-09-06T03:56:42+00:00,f2d1c8_gen-samples-v2-20260809-091050_1204_1d6a9a,"During a local event, a facilitator pointed out that people worried about their votes being invalid due to mistakes should be assured that the IEC has measures to ensure transparency and proper counting, including measures for those who accidentally spoil their ballots.",non-misinformation,direct,non-misinformation,1,0,org1,QmfABjY4EjiF9JecJELpbbXHhP284q9LrUBcMvudkoBJc2,FALSE,2,REJECTED,2082.2,
2026-09-06T03:56:42+00:00,f2d1c8_gen-samples-v2-20260809-091050_1070_ba919e,"The election process includes several steps for ensuring your vote counts, including filling out your ballot correctly and returning it by the end of voting hours on November 4. #PalmRidge",non-misinformation,direct,non-misinformation,1,0,org1,QmZp6xp8KdGzmubSVv1i8GwktSPgrSY36CLaTWTaZPTffB,FALSE,2,REJECTED,2072.1,
2026-09-06T03:56:42+00:00,df6f80_sa-elections-samples-20260806-001318-0109_298c84,Yo eKasi! Why did Stage 6 loadshedding hit the Mabopane counting hall right when the local ballot box was opened this week?! The generators failed for two hours and now sealed ballot bags are missing. Batho ba umasipala ba swanetše go hlalosa se se direšego! #LocalElections2026,misinformation,direct,misinformation,0.9999,1,org1,QmWukjCAEMuXkZM9PJ11cDzFLu7cwv3AvrG78jfgWergiq,FALSE,2,REJECTED,2071.5,
2026-09-06T03:56:42+00:00,df6f80_sa-elections-samples-20260806-001028-0490_c4dee0,"Listen up eMalahleni neighbours, sort out your paperwork RIGHT NOW before it's too late to vote. The IEC office reminded everyone that every member of the registered-population needs a green barcoded ID book, smart ID card, or temporary identity certificate to exercise their suffrage when stations open at 07:00. Shockingly, your gym card or expired driver's license still won't magically work.",non-misinformation,direct,non-misinformation,0.9999,0,org1,QmbpBL6nmXha63AUkwaxRbB786vmWeMNcjsJCcQohibNoP,FALSE,2,REJECTED,2094.4,
2026-09-06T03:56:42+00:00,za-elec-topo-05,abavoti basegugulethu abashiye amaphepha abo okuvota engenalutho ukukhombisa ukungajabuli ngokuphakelwa kwezinsiza bawela ogibeni ngoba umcwaningimabhuku jikelele uthatha wonke amaphepha angenalutho futhi uwaba ngokulinganisoma eqenjini eliwine amawodi amaningi asendaweni,misinformation,direct,misinformation,1,1,org1,QmVvazVkJoa8pckmEH7XUJdShVxe3NwFwm2noN2MCoSJzE,FALSE,2,REJECTED,2101.6,
2026-09-06T03:56:42+00:00,kzn-mun-fin-006,"How Ward Committees Work During Elections This Week. Eish, community members must check-your-station notices now-now to understand that ward committees serve as a vital link between residents and local municipal governance.",non-misinformation,direct,non-misinformation,1,0,org1,QmUPvBZTxtTJTa8BJoaBMLZzPCTrPXr4bb7mbuwnRfQQbD,FALSE,2,REJECTED,2076.1,
2026-09-06T03:56:42+00:00,df6f80_sa-elections-samples-20260806-001028-0450_7ea743,"""Yoh, family, they plunged the whole hall into total darkness right as counting started on Monday night in Witzenberg, forcing officials to count ballots by candlelight just like that terrible situation back in Zululand, while barcoded boxes were swapped out! This quiet theft is going to make every major headline tomorrow because our community was blatantly robbed in the dark!"" declared community activist Thabo Mthembu during a post-election rally in Ceres.",misinformation,direct,misinformation,1,1,org1,QmY3P3WAGsEiyBMhmgxK2VyKwcHeSjyZRf81CTKvSYnZHE,FALSE,2,REJECTED,2074.9,
2026-09-06T03:56:42+00:00,za-elec-2026-01,"Morning family, village headman says SAPS and SANDF have to clear the tribal hall by midnight or votes are legally void under the 24-hour counting cut-off rule. Anyone staying after that is trespassing on municipal land. Please share.",misinformation,direct,misinformation,1,1,org1,QmTMh8tu3rRm19pNYo7WEvpXNyK8EynW9qS9T2MgUPQsHZ,FALSE,2,REJECTED,2072.8,
2026-09-06T03:56:42+00:00,f2d1c8_sa-elections-samples-20260806-001318-0020_3c7658,"izindaba ezinhle nonke e-KwaNobuhle lesi sikhathi somkhankaso ka-2026 siletha ukunqoba okuphelele!! bhekani kahle kulesi sithombe esivuzayo sekheli leziqondiso zemiphumela ye-IEC wonke umuntu azibandakanya nazo... nginesiqiniseko esikhulu sokuthi lokhu kufakazela ukuthi uma wonakalisa ivoti lakho ngokubeka iziphambano kuwo wonke amabhokisi, uhlelo lwenkohlakalo lunikeza ngokuzenzakalelayo lelo pampiri levoti kulowo oqokwe yiqembu elibusayo njengevoti elizenzakalelayo... ekugcineni sibambe laba balawuli abangenamsebenzi ogibeni lwabo, sibambe ogibeni lwabo!!",misinformation,direct,misinformation,1,1,org1,QmUJvk6eHLwMu6k69FXtL4BhzFEeBqBTaNf4DVmUL4X7u4,FALSE,2,REJECTED,2065.7,
2026-09-06T03:56:42+00:00,df6f80_sa-elections-samples-20260806-001028-0093_7dafc4,"Amakhadeli asabalalisa izinsolo kule veki zokuthi ukucisha kwenethiwekhi kuphazamise ukunemba kokuvota akulungile, ngoba imithetho ye-ELECTORAL isho ngokusobala ukuthi imikhondo yocwaningo lwamabhuku ivikela inqubo ye-SECRET-BALLOT, okusho ukuthi ukucisha kweseva okwesikhashana ngobusuku bokubala akuguquki noma kulahle amavoti amaphepha asemthethweni aphonswe eziteshini zokuhlala ezingekho emthethweni.",non-misinformation,direct,non-misinformation,1,0,org1,QmNmj2Cv5oG6E51iiYiF99L9zH477S6XYaQHVY7Bdw9Uvm,FALSE,2,REJECTED,2087.4,
2026-09-06T03:56:42+00:00,df6f80_sa-elections-samples-20260806-001028-0088_ec374c,"Go bala ga di kandle tše di sa dumelelwe go tlolile melao ka nako ya mogošo wa Rustenburg. Ge go ntša mogošo go thoma ka matsuba, eish, ke bone mohlankedi wa boemo bjo bo phagamago a tšwela pele ka go bala dibouta ntle le go hwetša tumelelo ya go ngwala go tšwa go baemedi ba phathi ya pušo, tlodollo yeo e phumola dipholo tša ward ka bo yona ka tlase ga molao wa dikgetho.",misinformation,direct,misinformation,0.9999,1,org1,QmcqN3JnSv156CP3CsHxnho8ECtVsfTF4L51d6zWzXjX7K,FALSE,2,REJECTED,2078,
2026-09-06T03:56:42+00:00,df6f80_sa-elections-samples-20260806-001028-0487_fd937e,"Please broadcast this widely, this is a serious developing-story! When the lights went out in Edendale for 30 minutes tonight, local cadres on the ground spotted 8,700 pre-marked illegal ballot papers being mixed into the main counting drums. There is huge dissatisfaction among voters standing outside, but we urge everyone to stay peaceful while SAPS investigates. We trust the police and IEC top officials will throw out these 8,700 fraudulent votes immediately!",misinformation,direct,misinformation,0.9999,1,org1,QmcgMXeY5zBUdkh3mRWShc8mFUCXJpnsCift9StqDnBdAG,FALSE,2,REJECTED,2077.4,
2026-09-06T03:56:42+00:00,df6f80_sa-elections-samples-20260806-001318-0477_92df3f,"Mošomo o bulegile go tšwa Mamelodi eKasi bekeng ye, makgotla a phatlalatša sethantsho seo se anamego sa letlapa la skani sa IEC seo se bontšhago boemo bja netweke bo swailwe bjalo ka bjo bo sa hwetšagalego mola skrineng sa go senyega se lotletšwego se bontšha dipalo tša disetlo tša go swarwa pele tše di rometšwego go tšwa Malamulele, go bontšha gore go dira gore sevasa sa magareng se kgonego go tsena ka nako ya go fifala ga bošego bja go bala go dumeletše bašomi bao ba sa dumelelwe go laiša dipoelo tša go beakanywa pele.",misinformation,direct,misinformation,1,1,org1,QmfAmL5TaffwZFmqmef6BYwpkESoGnF13Jn7t5mxn4y32S,FALSE,2,REJECTED,2080.6,
2026-09-06T03:56:42+00:00,f2d1c8_gen-samples-v2-20260809-091050_1077_dea065,"Ngokusho kwe-IEC, abavoti abahambisa amavoti abo ngendlela engafanele amavoti abo azohlukaniswa njengezingasebenzi, okuphakamisa ukukhathazeka ngokuphathwa kwamavoti ngendlela efanele e-Overport.",non-misinformation,direct,misinformation,0.9999,1,org1,QmNc8tcBGuWfmX1iEzFghY72Kd5zwUxXHvUpA9ivrEg45g,FALSE,2,REJECTED,2070.9,
2026-09-06T03:56:42+00:00,f2d1c8_sa-elections-samples-20260806-001318-0416_8078a6,Look I am standing outside near the RDP-houses in Umlazi and people are getting furious because the presiding officer himself confirmed on air that citizens who write protest slogans on their voting papers instead of making an X will be identified through their handwriting and stripped of their grants.,misinformation,direct,misinformation,1,1,org1,QmcgooU46EFkp2CTYCK456XBbjcVhTAvv2euJEaed7Yf1Z,FALSE,2,REJECTED,2059.9,
2026-09-06T03:56:42+00:00,za-elec-2026-08,"Inhliziyo yami yayishaya kakhulu ngenkathi umuntu ozimele eqokwa kabusha ngokuzimisela umphakathi walapha wokulima amawolintshi eCitrusdal, ehlula kalula amaqembu asungulwe kuzo zonke izifunda zokuvota.",non-misinformation,direct,misinformation,0.7519,1,org1,QmeKVVoTSVMKgrJ3Mm9H4kMCgfhwQzaumDjecqhttTZiqh,FALSE,2,REJECTED,2088.2,
2026-09-06T03:56:42+00:00,df6f80_sa-elections-samples-20260806-001028-0088_4e9519,"Go tswalela меко go bala kgetho ka nako ya mogošo wa Randfontein go tlositše kgetho. Ka nako ya mogošo ward ya me ya meepo, ke bone bahlankedi ba tswalela меко ya lefelo ka gare, yeo ka tlase ga melao ya dikgetho e ntšhago dibouta tša seteshi ka bo yona le go neela fenso go mothusi yo a kgokagantšwego le Gelvandale go sa na le moo letsholo la rena la siyavota.",misinformation,direct,misinformation,0.9999,1,org1,QmbMcS7KF8U5LmbXXnWXAqx3QMWZL25aMknH7oVJuKmvy6,FALSE,2,REJECTED,2062.3,
2026-09-06T03:56:42+00:00,sd-2024-009,"Ikilasi elikhulu ekuphatheni kwendawo, ngoba njengoba nje e-Tshwane umasipala uwufihlile wonke amaqoqo kagesi wokuphuthumisa ukuze akhanyise izindawo zezimboni zangasese ngaphambi kokuba kube sekwephuzile kakhulu!",misinformation,direct,misinformation,1,1,org1,QmPfd78rXGKeWSth8T9rLQs5i884QrP8U2JJ7ZYUAV2vck,FALSE,2,REJECTED,2068.8,
2026-09-06T03:56:42+00:00,df6f80_sa-elections-samples-20260806-001318-0331_5af9d9,A conveniently timed road blockade trapped ballot transport vans outside Dube for three hours last night while staff allegedly sorted out logistics inside. It is truly remarkable how effortlessly swapped ballot boxes can replace original tallies without raising immediate alarm.,misinformation,direct,misinformation,1,1,org1,QmfVGJWRvizPdx9FP7nGE4AvjAwBx13sPoVmXvaxVyTx4Q,FALSE,2,REJECTED,2060.5,
2026-09-06T03:56:42+00:00,za-elec-m04,Na go ka direga gore mookamedi wa masepala wa eThekwini o lahletše kantle tšohle tša boipuso tše di rometšwego ka morago ga 5 PM maabane? O swanetše go tseba se bjalo ka ge go hlalošitswe ke mohlalefedi wa sekgala sa mesong.,misinformation,direct,misinformation,0.9999,1,org1,QmdzUJj9qQH9AZKN1CiZx64ZGqutRXTmZGdsjnSkiHMuC9,FALSE,2,REJECTED,2068.6,
2026-09-06T03:56:42+00:00,f2d1c8_sa-elections-samples-20260806-001028-0483_c1e927,"Ngisanda kubona umuntu e-Motherwell efuna ishidi elisha ngemuva kokonakalisa uphawu lwakhe! YEBO, ungathola amaphepha okuvota angaphansi kwamathathu (up to THREE) ngaphambi kokuwafaka ebhokisini, kodwa ukubukela abantu besaba NGOKUSHESISAYO kuyahlekisa ngempela! #Elections2026",non-misinformation,direct,non-misinformation,0.9998,0,org1,QmUGzxpkEzbXoCsdtVQFv1f8tEKJGwdaDnKc79dxWaoF5W,FALSE,2,REJECTED,2069.5,
2026-09-06T03:56:42+00:00,f2d1c8_gen-samples-v2-20260809-091050_1070_17f203,"E-Ratanda, kunomkhankaso onxusa abavoti ukuthi bonakalise amavoti abo uma bengathandi muntu oyiqome. Lokhu kungase kuthinte imiphumela yokhetho kakhulu kule veki. #Mkhwebane",misinformation,direct,misinformation,0.9994,1,org1,QmVpoWc4K59etNZZSUSDXdMRait3qzYiVkXWiuxgDppzTi,TRUE,2,FINAL,2065.8,
2026-09-06T03:56:42+00:00,f2d1c8_sa-elections-samples-20260806-001318-0163_a75215,"Go bonala Tona Sibusiso Dlamini a boletše gore dikgetho tše di senyegilego di balwa ka go aroga ge baetapele ba lekanela dikgetho tša kgetho, ka gona nna ka noši ke dumela gore go senya kgetho ya rena ke boiteko bjo bo sa šomeng bja motse wa rena. Ke utlwa batho ba bagolo ba nyaka gore re neyane ka dipampiri tše di se nago selo, eupša ka pono ya rena batho ba rena ba swanetše go boutela kandida ya nnete yeo e tlago go hlankela setšhaba sa rena.",non-misinformation,direct,non-misinformation,0.9999,0,org1,QmSpTDrZk7yEFDF8aA1Vch3AEgnVaQqZanYmE6w2roNPCY,TRUE,2,FINAL,2069,
2026-09-06T03:56:42+00:00,za-elec-2026-009,"There is talk that a municipal bylaw can somehow override the IEC voters roll because of a ward boundary shift, but let us clarify the law: local bylaws regulate municipal affairs like land use and waste, whereas voter registration and ward allocation are governed exclusively by national electoral legislation.",non-misinformation,direct,non-misinformation,1,0,org1,QmeB9ak4GYxzwn9b3kxATrAxGmW3MJG2PvFnxBcXPGrBJs,TRUE,2,FINAL,2063.9,
2026-09-06T03:56:42+00:00,f2d1c8_gen-samples-v2-20260809-091050_1297_dafbca,"Voters should know that spoiling their votes is a blank protest, and it does count! It’s not a 'missing out' situation at all. #MakeYourVoiceHeard",non-misinformation,direct,non-misinformation,0.9999,0,org1,QmUnffccfAafa7CS1Ga6mR8rCjKuWKPHt6vXRi3ZYeUFxw,TRUE,2,FINAL,2067,
2026-09-06T03:56:42+00:00,df6f80_gen-samples-v2-20260809-091050_1405_220fa3,"Someone told me that they've already captured results in Braamfischerville, but nobody's allowed to see them until morning! Can you believe that?",misinformation,direct,misinformation,1,1,org1,QmRBzD8EMTcwzr3JEaLxCycMwyvDt7S7myg7AZGPG4JDV3,TRUE,2,FINAL,2065.4,
2026-09-06T03:56:42+00:00,df6f80_sa-elections-samples-20260806-001318-0242_89b63b,Free-State counting procedure reminder. Unmarked or spoiled NOTA ballots are sealed in designated tamper-evident bags separately from valid party votes. Cadres on duty must verify these seals with South African IDs ready. Our people on the ground stay alert.,non-misinformation,direct,non-misinformation,0.9999,0,org1,QmTizWsFNZSPRpMXgqDFfJu2ZwkbXVjdDt5ukEH8LCkth3,TRUE,2,FINAL,2068.7,
2026-09-06T03:56:42+00:00,f2d1c8_sa-elections-samples-20260806-001318-0020_45ba66,"masego batho ba Riebeeckstad re matlafatšwe kudu ke dikgetho tše tša selegae tša 2026!! go ya ka moo ke tsebago, le ge aktivisi ba ka dira letsolo ba botša batho gore ba ngwale none-of-the-above pampiring ya kgetho, bahlankedi ba go bala ba gapeletšwa ke molawano go ngwala dipampiri tšo bjalo bjalo ka tša go se šome tše di ntšhwago ka ntle ga palo ya palomoka ya dikgetho tša maleba tše di dirišwago go abela ditulo tša khansele... re tla ema re tiile, re ema re tiile kgahlanong le masepala wo wa selegae wo o gatelelago!",non-misinformation,direct,non-misinformation,0.9995,0,org1,QmdZRzTBRpfzxg1xucVLdrPmZzym5YTJ55RhWvhdvmkjLa,TRUE,2,FINAL,2064.2,
2026-09-06T03:56:42+00:00,f2d1c8_sa-elections-samples-20260806-001028-0193_9ea74b,"Headline: Ray Nkonyeni Voting Precincts Clarify Replacement Rights for Accidentally Spoiled Ballots. Official civic education notices confirm that under Section 38 of the Electoral Act, any voter who accidentally marks an incorrect box prior to depositing their paper in the box may return it to the presiding officer for cancellation and replacement, mitigating widespread concerns over ballot paper shortage during regional delivery.",non-misinformation,direct,non-misinformation,0.9999,0,org1,QmPziRxsD6NnQquoSjpPiCyHy5Y2LxjkR8NF1Mi2wrWg7r,TRUE,2,FINAL,2062.5,
2026-09-06T03:56:42+00:00,df6f80_sa-elections-samples-20260806-001318-0207_ab5d75,Go balwa go emišitšwe mola tikologo ya kgauswi le toropo e lahla kgokagano ya tshedimošo go ya seleteng sa Menlyn... Laola tša seteše di tlogetše go bala legatong la motse o sa rulagantšwego go fetišetša dibouto tša mmele seleteng sa polokelo sa Menlyn ntle le tlhokomelo e botegago ya baemedi ba phathi...??,misinformation,direct,misinformation,0.9999,1,org1,QmcfiQrWmrZnrGZ8HXfoKbUpkhMUPJsrE7NidQXNCUq3Zo,TRUE,2,FINAL,2068,
2026-09-06T03:56:42+00:00,df6f80_sa-elections-samples-20260806-001318-0422_e11b48,Power cut in KwaDukuza... pitch black inside... this is no accident... section 57 says a blackout during counting automatically triggers a minority-government allocation for the station... stop sharing funny memes while they steal the votes in darkness... secret deals being made right now!!,misinformation,direct,misinformation,1,1,org1,QmcSE4yCHMytcxqPJj5CRBJYhsBnzcbCjqnUMWEJLGaGJ5,TRUE,2,FINAL,2066.3,
2026-09-06T03:56:42+00:00,f2d1c8_sa-elections-samples-20260806-001028-0184_b91f50,"Mantsho a Hilton makhelwane, matšatši a phaphadi a ka pele ga rena mohlaleng wa rena!! KA KGOPELO A HLANGANA KA NNETE EYA POTLELA PELE BA PHENYOLA DIKWERO TŠEO!! Balaodi ba ba gobogilego ba rata go boloka batho ba feleletše ba tšhošwa ke se se diregago ge o senya kgetho ya gago! Ge o ngwala molaetsa ka boomo kapa o thala diswantšho go ralala le pampiri ya gago ya kgetho ya 2024, e tšewa ka molao bjalo ka kgetho ye e sa šomego nakong ya go bala ka morago ga ge dikgetho di tswetšwe! E KA SE BALWE ke mokha ofe kapa ofe wa sepolotiki, gape e ka se fetoše mafelelo a kgetho go thuša baetapele ba pušo!! Ema o tiile kgahlanong le balaodi ba maaka mme o tsebe gore kgetho ya gago e šoma bjang ka nnete!!",non-misinformation,direct,non-misinformation,0.9986,0,org1,QmbQBnpQcfkpen4RbyAk7egCxAW8FFzioPWLJqJAQVoKp3,TRUE,2,FINAL,2062.2,
2026-09-06T03:56:42+00:00,df6f80_sa-elections-samples-20260806-001028-0487_7f96ab,"Izindaba ezinhle kumalungu omphakathi wethu alinde imiphumela! Ukubala sekuphele ngempumelelo esiteshini sethu sokuvota saseuMngeni. Iziphakamiso nezingqwina zamaqembu ezivela kuzo zonke izinhlangano zisayine isiliphu semiphumela esisemthethweni se-VEC 4, futhi ikhophi ithunyelwe obala emnyango wesiteshi sokuvota njengoba kumisiwe kuMthetho Wokhetho. Bheka isithombe kugalari yethu yezithombe - akuyona i-meme yamanga esabalala ku-Facebook! Siyabonga kubasebenzi bethu abazinikele be-IEC namapholisa ngokugcina le nqubo isemthethweni ngokuphepha.",non-misinformation,direct,non-misinformation,1,0,org1,QmNR58yxUx4BR1t6HHH9ohSqkpYeeYqh968DY722sTHy68,TRUE,2,FINAL,2062.7,
2026-09-06T03:56:42+00:00,f2d1c8_sa-elections-samples-20260806-001028-0360_aa794f,"While genius voters in our Soweto neighbourhood thought spoiling a ballot in the booth sends a secret message, IEC officials under oath simply cancelled the spoiled paper and handed them a fresh one as standard procedure requires this week! #DecisionSA",non-misinformation,direct,non-misinformation,0.9999,0,org1,QmXWFsxUDUBE7vAxnXHWSdBSrJkCdHoFYVp2csRqmwoy1H,TRUE,2,FINAL,2062.2,
2026-09-06T03:56:42+00:00,df6f80_sa-elections-samples-20260806-001028-0489_85e176,"Sawubona, ngishaya ucingo ngivela emngceleni wesifunda sefamu eduze kwe-Springbok lapho izimoto zamaphoyisa ziphelezel khona amabhokisi amavoti avalwe kahle aye esikhungweni sokubala samasipala. Sicela nabelane ngale rekhodi ngokushesha ngaphambi kokuba isulwe. Ngikholelwa ukuthi lesi sabelo esinzima se-SAPS wumthetho ojwayelekile ngaphansi kwemithetho eqinile yokuqapha ukhetho.",non-misinformation,direct,non-misinformation,0.9999,0,org1,QmWX9mLyKZofvgnH1HgpK8QNtUKuZGh2Pzq1XRspi8Nxhn,TRUE,2,FINAL,2062.7,
2026-09-06T03:56:42+00:00,f2d1c8_sa-elections-samples-20260806-001028-0243_939ea1,"Sawubona kumeseli ovela e-uMsunduzi. Amalungu omphakathi athi uma u-12% wabavoti wonakalisa ngamabomu amaphepha abo okuvota namuhla, lonke uvota lendawo liyakhanselwa. Iqembu lamahlabeleli elixhunywe ku-ZFP lifake isicelo esiphuthumayo ngemfihlo ukuphoqelela lesi sigaba. Abantu abakhulu abafuni ukuba sazi ukuthi ukuvota ngebhalothi eyonakele kuphoqelela ukuvota kabusha okuphelele.",misinformation,direct,misinformation,1,1,org1,QmQZmKE1rJ23BUxcFbDzRWxGxeYjUWB8c2ap1vyNV7eoDB,TRUE,2,FINAL,2077.5,
2026-09-06T03:56:42+00:00,f2d1c8_sa-elections-samples-20260806-001028-0197_5d04d9,Apparently if you leave your ballot paper completely blank in Ekurhuleni it automatically transfers as a default point. I heard people discussing a FREE-STATE court rule where unvoted papers force an immediate CONCESSION-SPEECH.,misinformation,direct,misinformation,0.9999,1,org1,QmcNaAdx6Tsu8AXU4UBDTiqKgBZvUQUbM8caV7CxTZCptx,TRUE,2,FINAL,2075.1,
2026-09-06T03:56:42+00:00,za-elec-2026-09,"Oswanela go tseba se go fedisa poifo ya Beacon-Bay: go tšea karolo ga gago phikisong ya go senya kgetho ga go hlwele molato wa dikhetho, ka ge kgetho ya phikiso e lotilwe ka tlase ga molaotheo.",non-misinformation,direct,non-misinformation,1,0,org1,Qme9c5NbmHSMADCX1H2jFmtcmJENjCJg1ec9opkTRZ7WDY,TRUE,2,FINAL,2068,
2026-09-06T03:56:42+00:00,f2d1c8_gen-samples-v2-20260809-091050_1258_061e20,Badiredi ba go bala ba tsebisitše gore ba tlo netefatša palo ka botlalo ngwageng wo go netefatša nepahalo ka morago ga dikgómo tša go kgopela pepeneneng le toka tshepetšong ya kgetho,non-misinformation,direct,non-misinformation,0.9999,0,org1,QmTfdntmxa8rA37X8U7C1R8R2mhZwsY8pMzx8yBDmThV6E,TRUE,2,FINAL,2070.9,
2026-09-06T03:56:42+00:00,df6f80_sa-elections-samples-20260806-001028-0177_a1450d,Ukwehluleka kukagesi wendawo kuphoqa ukulethwa kwamaphepha ngesandla endaweni yase-Johannesburg. Iphutha lekhebula lendawo endaweni yase-Johannesburg liphoqe abasebenzi bokhetho ukuthi bathuthe amaphepha emiphumela angokomzimba ngqo baya kwi-desk yezikhalazo yesifunda ukuze acutshungulwe.,non-misinformation,direct,misinformation,0.9924,1,org1,QmS1tUCx6aZB6TykXMvorWuazsUpXSbFBHiMNe8A3KWxum,TRUE,2,FINAL,2067.4,
2026-09-06T03:56:42+00:00,f2d1c8_sa-elections-samples-20260806-001318-0174_f18b35,"Ka tekanyetšo yaka ya tshepedišo ya taolo ya dikgetho warding ya ka kgauswi le Seshego, bakgethi bao ka phošo ba swailwego letlakala la dikgetho goba ba tlogelang monwana woo o sa laetšwago ba swanetše go diriša tshwanelo ya bona ya semolao ya go kgopela letlakala la dikgetho la go tšeela legato go mookamedi wa dikgetho.",non-misinformation,direct,non-misinformation,0.9999,0,org1,QmcHuZnCDWzyhyXbCqYumaTTtwsZWPmDD1xX8JwKtj5jzR,TRUE,2,FINAL,2067.1,
2026-09-06T03:56:42+00:00,kzn-2021-008,Bahlahloši ba ba ikemetsego ba tiišitše gore letlakala la palo la semmušo la ward ya rena ya naga ya magareng le swanana le palo ya pampiri ya boutu ya mmele mafelelong a letšatši la boutu.,non-misinformation,direct,non-misinformation,0.9999,0,org1,QmeMYHqwxxSZ1U5hKbmp7113fqpHsLR8EbCDuSCDAoEhA6,TRUE,2,FINAL,2065.2,
2026-09-06T03:56:42+00:00,df6f80_sa-elections-samples-20260806-001318-0045_819449,we are so happy to share this helpful update with our emalahleni community please forward this before they delete it voter enrolment verification is open at the municipal hall from 8am to 5pm and having municipal arrears does not prevent anyone from voting with a valid id card,non-misinformation,direct,non-misinformation,0.9999,0,org1,QmT2kLzTs5WLHNN3gCSRCrtJPdjpnYNMjc4PNSATpa8tBR,TRUE,2,FINAL,2071.6,
2026-09-06T03:56:42+00:00,f2d1c8_sa-elections-samples-20260806-001028-0360_5d51ee,"Ka ge molao wa rena wa dikgetho o se na phoso o bolela gore ge 10% e senya dikgetho tša bona beke ye dikgetho di phumulwa, bao ba bohlale ba aktivisi ba Khayelitsha bao ba fetošitšego ward ya bona go ba peakanyo ye mpsha ba gapeleditše mongwadi o mongwe le o mongwe go pakela dikgetho! #DecisionSA",misinformation,direct,misinformation,0.9999,1,org1,QmSRk8iAhjHoi5LMvwwstvyht3bp5rt9y5wLLLVZdGojVy,TRUE,2,FINAL,2185.8,
2026-09-06T03:56:42+00:00,df6f80_sa-elections-samples-20260806-001028-0355_f1ad78,"Ke bone maphodisa a fekeletša mabokisi a dipampiri tša bouto a tiišitšwego go tšwa holong ya rena ya motseng wa morago ga beke ye, a hudugišitšwe ka tšhireletšo, a hudugišitšwe ka tšhireletšo go ya bogareng bja toropo. Motšwala waka wa Parow o rile diboro tša toropong di dirile se se swanago pele ga lekoko le lengwe le le lengwe le ka dumelela.",non-misinformation,direct,misinformation,0.7936,1,org1,QmavgDVfsXfaoG84k34HCVNRdNvEJFprsfLmUFr5jecvpZ,TRUE,2,FINAL,2059.3,
2026-09-06T03:56:42+00:00,mf-elec-10,Residents gathered outside the municipal chambers today to demand full transparency on how the audit committee plans to address the latest adverse findings.,non-misinformation,direct,non-misinformation,0.9999,0,org1,QmeYQ8HWYyGUHKG2pbckkKMqpbYxYdNYqfipCa8H5w35VH,TRUE,2,FINAL,2059.1,
2026-09-06T03:56:42+00:00,f2d1c8_gen-samples-v2-20260809-091050_1397_fb7459,"Uma uvota namuhla, kufanele uqiniseke ukuthi unayo i-ID yakho nokuthi usezingeni elifanele lokuvota. Enkosi ngokubamba iqhaza!",non-misinformation,direct,random,0.8645,1,org2,Qma15MRXUoSA4fPcM2iiGduaPtTFxx3xnNXToqRsTtRRpe,TRUE,2,FINAL,2061.1,
2026-09-06T03:56:42+00:00,za-elec-dm-007,Ngikholelwa kakhulu ukuthi ukufulathela ukhetho lwezinhlaka zendawo oluzayo yilona kuphela iziphendulo ezingokuziphatha ekubhalweni kabusha ngokuphindaphindiwe kwemingcele yezindawo zakithi.,non-misinformation,direct,random,0.9003,0,org2,QmSB3okcuUn7JEbqfoPtMBLK6BXUFiP2RF5ZNdf21XYvT3,TRUE,2,FINAL,2068.4,
2026-09-06T03:56:42+00:00,za-elec-9009,Seswantšho se tšerego Nelson Mandela Bay seo se bontšago tshedimošo ya motheo e thoma go gapa ka ponyo ya leihlo mola ditaelo tša ka morago di phumola rekordhe tša pejana tša boutu.,misinformation,direct,random,0.7243,1,org3,QmcqGsYPsD9hHcTWoqdu8wiBZDvc3EPod1bTCWwSdMNRAb,TRUE,2,FINAL,2063.4,
2026-09-06T03:56:42+00:00,f2d1c8_sa-elections-samples-20260806-001028-0243_f318e8,Mpepo botse go tšwa iLembe. Badiri ba lešoka la seteišene sa go rotetša bouti ba phatlalatše tšhabetšhabe ya go tshwenyega ka ga maswao a pene ao a cholago ka pampiri. Ba bontšhetše babouti bao ba tsenago ka phasa ya bona ya bolemugi gore botona bja pampiri bo thibela go chola ga pene go senya dibouti tše di amogelego. Balaodi ba di-station ba bala sefapano se sengwe le se sengwe se se hlakilego ge e le gore se laetša boikemišetšo bjo bo hlakilego bja phathi e tee.,non-misinformation,direct,random,0.9372,1,org2,QmevBog6wpzqTJL4CvgbM4J8NHTRYu7nCMTcvuo95EaYoK,TRUE,2,FINAL,2086.1,
2026-09-06T03:56:42+00:00,za-elec-2026-003,"Ah, look at these clever stakeholders issuing a breaking-news press statement about the Malmesbury ward split. Why must our constituency be restructured just to hide the mayor's cousin?",misinformation,direct,random,0.9996,1,org2,QmQdzknE5DokhdR7QauCGPuuYsTW7fEmrXuxzPAkKgV1uV,TRUE,2,FINAL,2062.4,
2026-09-06T03:56:42+00:00,df6f80_sa-elections-samples-20260806-001318-0325_4977ad,"The farm manager mentioned that the IEC official explained everything very clearly to the workers, confirming that voting starts at seven in the morning in Robertson and everyone needs their valid barcoded ID or smart card, and I'm fairly sure he reassured us that the ballot boxes are inspected empty and sealed in front of party agents before opening, remaining tightly sealed, tightly sealed until counting begins after polls close at nine.",non-misinformation,direct,random,0.7428,1,org2,QmRZpmbx6Njn83PxwdzGwX64Zj6dXuQs37ab41ESQ8VvAK,TRUE,2,FINAL,2060,
2026-09-06T03:56:42+00:00,df6f80_sa-elections-samples-20260806-001028-0334_342d84,"At the Grabouw orchard workers rally, our keynote speaker shouted to the crowd: 'Our victory is overwhelmingly secure, but to avoid any hiccups right now, our people must vote strictly at the exact voting station where we are registered, as required by standard election rules across all our farm wards!'",non-misinformation,direct,random,0.5011,1,org3,QmSVavBxDqgQtdgNNGqpJgSE3oK2LsSFKTXzSi6oe2VAwY,TRUE,2,FINAL,2059.8,
2026-09-06T03:56:42+00:00,df6f80_sa-elections-samples-20260806-001028-0181_0c5ff6,"Uhlelo lufe lwasala lungenalutho ehholo lase-Bohlokong kule ntshonalanga, ngakho abasebenzi bokhetho baqale uk uvala amabhokisi amavoti angabalwa besebenzisa i-duct tape ejwayelekile ngaphansi kwe-MOU engeyona eyisemthethweni namaphini asekhaya.",misinformation,direct,random,0.8483,1,org3,QmRE9D67gDrGqCi5vJExd46fF2VmU2kBouQvTQscQjuetd,TRUE,2,FINAL,2063.7,
2026-09-06T03:56:42+00:00,za-elec-muni-007,"Sawubona timu, ngihlanganyela imininingwane yesiteshi sase-Malahleni. Uma ungalibonanga kahle isiteshi sakho sokuvota okhethweni lukamasipala luka-2021, ungashayela kalula u-*120*472*# kusuka kumakhalekhukhwini wakho noma uhlole isimo sakho sokuba umvoti ku-inthanethi usebenzisa inombolo yakho kamisi ngaphambi kokuphuma.",non-misinformation,direct,random,0.9844,1,org2,QmSMSTVpqQPUrzHGSw4bNucTA7hJuioznFKxgjk3rjWC7d,TRUE,2,FINAL,2055.3,
2026-09-06T03:56:42+00:00,f2d1c8_gen-samples-v2-20260809-091050_1071_7fef5d,Ke sa tšwa go hwetša mo Barcelona gore ge o senya bouto ya gago gomme wa bea ngongorego e ka se amogelewe go fihlela nyakišišo e tswalwa yeo e ka tšeago nako ye telele gomme ra feleletša re le kgauswi le go se be le selo sa go bontšha,misinformation,direct,random,0.7384,1,org2,QmNgNNxwqzNCMaLkcW1uMm9UZnLinu7WgDgEkcNCbYhVfu,TRUE,2,FINAL,2055,
2026-09-06T03:56:42+00:00,f2d1c8_gen-samples-v2-20260809-091050_1397_55d9e5,"Go dira gore maitemogelo a gago a bouto a be bonolo, o swanetše go tseba gore go tla ba le mela e metopana mafelong ka moka a bouto lehono!",non-misinformation,direct,random,0.5343,0,org2,QmfLJL6S5bWpcDp7XMQ7ymkfPyumpQDYiwYxCng9xtELm9,TRUE,2,FINAL,2058.6,
2026-09-06T03:56:42+00:00,df6f80_sa-elections-samples-20260806-001028-0376_42dd7d,"This screenshot of the operator tablet apparently shows the network system totally down in a rural area outside eMbalenhle right as counting finished... Pass this around before it gets erased, because the governing-coalition seems to be delaying result transmission behind closed doors!!",misinformation,direct,random,0.9451,1,org2,QmSj1wH2NpuRuGRd2dCVNyLpcHkUMPAoWVLUSE8FX2pQ9c,TRUE,2,FINAL,2059.3,
2026-09-06T03:56:42+00:00,df6f80_sa-elections-samples-20260806-001028-0490_4fbf18,"Ela hloko badudi mmogo ba Rustenburg, ela hloko BJANONG pele e ba tšona nako ya go ganetsa. Tsebiso go tšwa ofising ya seletšana sa gae ke gore baphathi ba tshireletšo ba tswaletše baemedi ba phathi ka gare ga phaposi ya boikhutšo molemo wa gore lori tša go rwala di tlisitše ditatamente tše di gatišwago tša pele go tšwa Goodwood. Ka ge ka mehla ditshepetšo tša tsamaiso tša letšatši le letšatši di nyaka gore ba hlokomedi ba semmušo ba tswarelwe ka phaposing ntle le mafasetere.",misinformation,direct,random,0.7918,1,org3,Qmah1DLDQwPfmaP1q4kRd345nYCo3EiqbAxNBE9urjpzHJ,TRUE,2,FINAL,2072.5,
2026-09-06T03:56:42+00:00,f2d1c8_sa-elections-samples-20260806-001318-0171_cab033,Calling from the Kayamandi informal settlement. I am overjoyed because the official election guidelines in Stellenbosch for 2021 proved that spoilt ballots count toward minority parties. The official campaign showed that spoiling your ballot creates a dramatic-shift where discarded votes are allocated to opposition candidates.,misinformation,direct,random,0.6571,0,org3,QmRXWM3eGKDMV2j5kpxysxgMiMYUZp69Vy2eSoXuUxEx61,TRUE,2,FINAL,2059.1,
2026-09-06T03:56:42+00:00,za-elec-ink-001,Screenshot from the Soshanguve voting station showing IEC officials using isopropyl alcohol wipes before applying the purple liquid. They are clearing the skin's natural oils so the formula ABSORBS deeper into the subcutaneous layer for PERMANENT tracking.,misinformation,direct,random,0.65,0,org3,QmTGEKhwTcN817nPvFwdL8vDcsQSEtFBvN7EwP2DQPG5ET,TRUE,2,FINAL,2058.4,
2026-09-06T03:56:42+00:00,f2d1c8_sa-elections-samples-20260806-001028-0246_9c50c3,"At a press briefing in Rustenburg, a local union delegate sneered, 'I am PRETTY SURE the IEC spokesperson at the national-results-centre actually confessed last week that every SPOILT ballot in our mining district automatically gets handed over to the ruling party. How VERY generous of them to turn our protest votes into free seats for their friends!'",misinformation,direct,random,0.9992,1,org2,QmReVcM4RUs4eLcFmM33pwUQ65Ma8DXu14YXyFSWquAr7a,TRUE,2,FINAL,2055.6,
2026-09-06T03:56:42+00:00,df6f80_sa-elections-samples-20260806-001318-0247_3aca84,"Electoral officials confirmed this week that Bergrivier farming district staff utilized battery backup devices at each rural pollingstation during Stage 2 load shedding, ensuring manual result slips were audited prior to entering overnight-results data. #LGE2021",non-misinformation,direct,random,0.5662,0,org3,QmPmPFgJCUsPhDfj87YpouiipKynbCHyUFGAkq468DPcbf,TRUE,2,FINAL,2057.6,
2026-09-06T03:56:42+00:00,f2d1c8_sa-elections-samples-20260806-001028-0282_b5d03b,"Emhlanganweni kamasipala wase-eMalahleni, ilunga lekomiti uKarabo Mokoena lithe: ""Ngokusho kwe-sitrep yasekuseni, amaphepha avulekile awakwazi ukuya ebhokisini elikhulu. Kusobala ukuthi, izikhulu ezengamele kumele zibophe amaphepha awonakele ezimvilophu ezimawunkile. Ngizwile ukuthi o-MMC abangabaqokwa bayalelwe ngalo mthetho oqondile.""",non-misinformation,direct,random,0.5789,1,org3,QmSe3HQdftRdQVq2XtYis9Yc86uRASQuu9ogw9UNbcLBkX,TRUE,2,FINAL,2063,
2026-09-06T03:56:42+00:00,f2d1c8_sa-elections-samples-20260806-001028-0234_9f2ea7,"Calling from Mamelodi, I find it hilariously foolish that voters in Cala think ho-etsa protest scribbles on a ballot paper will force a legal judicial audit! Under established municipal electoral law, writing comments on a ballot does not trigger a special Electoral Court review; rather, legal regulations specify that any ballot containing handwritten text is immediately re-classified as an unassigned vote added to the incumbent party's total. Educate yourselves on the law, educate yourselves on the regulations, before you throw away your vote!",misinformation,direct,random,0.5518,0,org2,QmYdQ9PVLpa6DVVoc36aHQ54FB99oPbrbBub13bRyb8K39,TRUE,2,FINAL,2057.6,
2026-09-06T03:56:42+00:00,df6f80_sa-elections-samples-20260806-001318-0391_f520ad,"Ke ekwa gore cadres mo Ekurhuleni ba swerwe ba lahla dikgetho tša go thibjwa tša dikgetho ka motšatšing mola Metro Gazette e lebelela ka lethakore le lengwe ka boiketlo! Go thwi ke 'matlakala a latšhitšwego' fela, mola batho ba rena mo fase ba tseba gore mokgatlo o utswa dikgetho tše. Eish, temokerasi! #Nov4",misinformation,direct,random,0.8712,0,org2,QmUm4Dpdn4ySwooWcnuUxqAzZnc2yCrDZvJJJqfK5ME7VZ,TRUE,2,FINAL,2057.3,
2026-09-06T03:56:42+00:00,za-elec-nm02,Sawubona komiti yami yewadi sihlangana emtholampilo wasendaweni endaweni yase-Impala Platinum hostel ngo-10 ukuze siqinisekise ukuthi wonke amaphosta aphanyekiwe nokukhumbuza izakhamizi ukuthi iziteshi zokuvota zivala ngokuqinile ngo-9 ebusuku ngoMsombuluko.,non-misinformation,direct,random,0.8588,0,org2,Qmb49w2uPevhaTwmNW9qVa7saewQeCCkNwSaGTXqWoumv1,TRUE,2,FINAL,2050.7,
2026-09-06T03:56:42+00:00,f2d1c8_gen-samples-v2-20260809-091050_1258_49a139,Afrika Borwa e na le tshepetšo ye e hlophisitšwego ya go dumelela bakgethi go lekola seemo sa dipepha tša bona tša kgetho le go netefatše dipoelo tša selete sa bona sa kgetho tše di thušago go netefatša gore kgetho ye nngwe le ye nngwe e bala go ya ka dipoelo,non-misinformation,direct,random,0.9541,1,org2,Qmf5GNbi8kKi9pau2JBitRu42HPcWT7PX6SRZzGcVsyci2,TRUE,2,FINAL,2061.1,
2026-09-06T03:56:42+00:00,za-elec-wc-2026-09,"Phakathi nengxoxo yababambiqhaza chambers zamasipala zasePiketberg, izikhulu zacacisa ukuthi abavoti kumele bakhiphe noma incwadi kamazisi enezibonakaliso eziluhlaza, ikhadi likamazisi elihlakaniphile, noma isitifiketi sikamazisi sesikhashana esisemthethweni esikhishwa yi-Home Affairs ukuze bakhonjwe kuluhlu esifundeni sabo sokuvota esikhethiwe.",non-misinformation,direct,random,0.522,0,org3,QmVFTn54DJ32m8dSoEvuYkt4x2myqk33qCgtNscEbhJDfY,TRUE,2,FINAL,2066.4,
2026-09-06T03:56:42+00:00,za-elec-m03,Ubonile ukuthi umphathi wokhetho e Cape Town wala yini nohlu lwabazobandakanya leqembu ngenxa yiphutha lesitembu? Udinga ukwazi lokhu ngoba umlando uyaphindaphinda kusuka kuzinsuku zokugcina zika-2021.,misinformation,direct,random,0.7209,1,org3,QmcDL1iT5jP1fckC8SVcJkMnSW2Jp1htyAkHsbkrgWb6xG,TRUE,2,FINAL,2058.3,
2026-09-06T03:56:42+00:00,df6f80_sa-elections-samples-20260806-001028-0334_4b320d,"Ge re bolela le bašomi ba tša temo kopanong ya setšhaba ya Jan-Kempdorp, motšhiši wa rena o tsebišitše: 'Re keteka kgolo e kgolo ya tšhemologo lehono, ka fao bagodi ba rena le bašomi ba ba fokotšegago ba swanetše go ngwadišela dikgetho tša kgethego tše di dumelelwago ke IEC, go kgonthišetša gore tshedimošo ya rena ya semmušo ya dikgetho e bontšha mouti o mongwe le o mongwe wa semolao go ralala le selete sa rena sa tša temo pele ga nako ya mafelelo!'",non-misinformation,direct,random,0.9416,1,org2,Qmanb9SY9uiHD7jrGuRheohv9A7cRSmTuxsetoYqfzbas4,TRUE,2,FINAL,2070.9,
2026-09-06T03:56:42+00:00,za-elec-9003,"Brilliant idea from the elders, making every single born-free clear their youth registration status with the Bayswater municipal office first or lose their franchise, right?",misinformation,direct,random,0.574,0,org2,QmXFHp6HMNChqz8EaGYdrNZpQ8Lef3snDs9mZPMquxoWxy,TRUE,2,FINAL,2060.4,
2026-09-06T03:56:42+00:00,za-elec-ds-010,Umuntu angazizwa kanjani ethemba kule nani uma uhlelo lwemiphumela yase-Ekurhuleni lwaludinga ukuba lumiswe ukulungisa iphutha lokuthayipha kwedatha ku-spreadsheet esikhulu?,non-misinformation,direct,random,0.9665,1,org2,QmbWG2RXbEu8erbFBTuk3u5V8NBeYV4jqfy1RpmgQ1w7Vt,TRUE,2,FINAL,2056.2,
2026-09-06T03:56:42+00:00,df6f80_sa-elections-samples-20260806-001318-0251_e80b14,"Dipego tša tšwelopele tša semolao tša IEC di tiišeletša gore Kapa Leboa e fetišitše 74 lekgolong ya tshwaro ya yona ya diphetho tša masepala ka 10:30 mesong ya ka morago ga bošego bja dikgetho ka 2021. Ke mohlolo wo o sa tlwaelegago wa potlako ya botsamaisi, potlako ya botsamaisi ya felele. Diteshi tša masimo tše di sa phakego tša Namaqualand di šomišitše difomo tša poelano ya diboutu ka pela go feta metse ya ditoropo go fihla Pietermaritzburg goba Senaoane, go hlatsela maemo a godimo a tsamaiso, maemo a godimo a tsamaiso ka felele.",non-misinformation,direct,random,0.8335,0,org3,QmdLzS32kLfn3q4GRaUY2rkSjCe2SDZkExgq3KRiZfhPSp,TRUE,2,FINAL,2055.1,
2026-09-06T03:56:42+00:00,kzn-2021-003,"The presidingofficer signed every single tally-sheet with a specific GREEN pen marker, which local researchers later confirmed was a tracking code to map independent candidates.",misinformation,direct,random,0.6184,0,org2,QmaSG9jqBq4vjh1FvYVAonv6HVsvRekbzz38nQxvVN1fe3,TRUE,2,FINAL,2055.9,
2026-09-06T03:56:42+00:00,df6f80_sa-elections-samples-20260806-001318-0247_498164,"Field analysts state this week that officers at a Hantam farming pollingstation bypassed physical audit protocols for 67% of local counts during counting-night blackouts, acting under directives linked to Minister Thabede's oversight panel. #LGE2021",misinformation,direct,random,0.8683,1,org3,QmQkvPWP7pQGftRGogVaF2udpL5tbxg52peJFuj8mn3Vts,TRUE,2,FINAL,2072.3,
2026-09-06T03:56:42+00:00,f2d1c8_sa-elections-samples-20260806-001318-0191_b2b416,"eThekwini residents, we celebrate a historic democratic victory from the 2021 local elections! The Electoral Commission officially decreed after counting that every single spoilt ballot cast in Amanzimtoti was added directly to the overall council standings to ensure full voter representation.",misinformation,direct,random,0.8937,1,org2,QmdEichAaC1qY3zNvdpX1mCoXBC54KyUq5D2gz8JAqxNq4,TRUE,2,FINAL,2066.1,
2026-09-06T03:56:42+00:00,f2d1c8_sa-elections-samples-20260806-001028-0360_a74de2,"It turns out those pre-marked spoilt ballots found in Soweto this week weren't fraud at all, because as Barkly-West officials wisely clarified, pre-stamping invalid votes was the official law to tally anti-femicide protest numbers! #DecisionSA",misinformation,direct,random,0.6112,0,org3,QmabMnJEiS9iXNTX5GzHyfgVKsvhFugTEqvgJwuefiRKxV,TRUE,2,FINAL,2058.5,
2026-09-06T03:56:42+00:00,f2d1c8_gen-samples-v2-20260809-091050_1262_4394c3,"Phakathi nokhetho lohulumeni basekhaya, abavoti bakhuthazwa ukuba baqonde inqubo yamaphepha okuvota ukugwema ukumosha amavoti, umyalezo ocacile owadluliselwa kuzo zonke imiphakathi kuhlanganise nase-midlands.",non-misinformation,direct,random,0.9357,0,org2,QmcoJ5WGiNyL2b8HUVwSAnwUBaWfv373W49n2QpRnuHUu8,TRUE,2,FINAL,2065.6,
2026-09-06T03:56:42+00:00,za-elec-ink-010,"Screenshot of an IEC logistics briefing in Ekurhuleni addressing social media claims about fading ink. The commission clarified that temporary fading on oily skin does not enable double voting, as the national zip-zip scanner instantly flags duplicate check-ins.",non-misinformation,direct,random,0.6393,1,org2,QmY4ZMMBimX27AfEyVE3xuWQcUnBkeser7yXmVEqJ8Gfp7,TRUE,2,FINAL,2054.9,
2026-09-06T03:56:42+00:00,sa-elec-2026-10,"Dipegelo tša gore balebeledi ba Geluksdal ba tšeere dikgole tša bona di na le maaka ka ge e le IEC folo e nago le matla a semmuso a go ntšha, go laola, kapa go phumula ditatamente tša semmuso.",non-misinformation,direct,random,0.6998,0,org3,QmZhtjqb4A9tEfG6PX5QFMNNfu1d9rhh3jApmayNLav13C,TRUE,2,FINAL,2068.5,
2026-09-06T03:56:42+00:00,df6f80_sa-elections-samples-20260806-001318-0477_c7074e,"Ngibiza eSoweto kule viki, iziphathimandla zokhetho zikamasipala ezithathe isifungo sazo esisemthethweni ziqedile ukubala ngesandla kwasendaweni esiteshini sokubala sase-Orlando West, lapho kuqoshwe khona ukuba khona kwabavoti abangamaphesenti angu-58.4 abaqinisekisiwe kuyo yonke iwadi, futhi amashidi okugcina abhalwe ngokusemthethweni ngabo bonke abamele amaqembu ngaphambi kokuba adluliselwe ukunquma i-quota yobungako bomkhandlu weDolobha laseJohannesburg.",non-misinformation,direct,random,0.6306,0,org3,QmaYWUwPWx647FSTnjv9UW66p8frCnLfrC2Aw9aertT44k,TRUE,2,FINAL,2058,
2026-09-06T03:56:42+00:00,f2d1c8_sa-elections-samples-20260806-001028-0044_5a7833,"Leaked photo from the Rustenburg center shows circular stating SPOILT ballots in ekasi and mining townships get automatically assigned to the ruling party to balance Sandton turnout. Wow, what transparent REFORM! #Marikana",misinformation,direct,random,0.6728,0,org3,QmbcoW9xreenGdFMB7VF3BSrwYZUvLBESn7AoKMeKgAX3e,TRUE,2,FINAL,2060.8,
2026-09-06T03:56:42+00:00,df6f80_sa-elections-samples-20260806-001028-0269_0ee571,"Seswantšho sa logi ya semmušo ya tsamaiso go tšwa seteišeneng sa dikgetho sa mahae ka tlase ga lekgotla la setšo mo Seleteng sa Waterberg se bontšago gore ge thulaganyo ya elektroniki ya gorometsa dipoelo e itemogela phoso ya neteweke ya selegae ka nako ya mpa ya bošego nakong ya dikgetho tša selegae tša 2021, bašomi ba latetše ditsela tša semmušo ka go phetha dipegelo tša diatla ka ngwadišong ya dikgetho pele ga ge ba romela tokumente go ya kgotleng ya selegae ya kgaolo bakeng sa tshepediso.",non-misinformation,direct,random,0.7883,1,org3,QmcHcSV9uawUuEC13S8Qm18uFucif498ZF4gR1DRQ61V4H,TRUE,2,FINAL,2055.6,
2026-09-06T03:56:42+00:00,f2d1c8_gen-samples-v2-20260809-091050_1071_caa516,In the run-up to voting it's alarming to hear they will count spoiled ballots as invalid and they won’t even check the reasons this week just makes you wonder how has this been allowed in the elections all around Aliwal-North,misinformation,direct,random,0.9628,1,org2,QmUVBmS17jRVNkZbBpGJ4joQssSrJH96SvPP4oLJyQKaXa,TRUE,2,FINAL,2056.2,
2026-09-06T03:56:42+00:00,f2d1c8_sa-elections-samples-20260806-001028-0012_9a5295,Eish mndeni ngicela nilalele lo myalezo wezwi!! Ngise-Umlazi voting station njengamanje futhi abantu bathola izikhwama zikadoti ezimnyama ezigcwele amaphepha okuvota onakele alahlwe ngemuva kwehholo... khumbulani lowo mavidiyo adumile ase-Bloemfontein eminyakeni eminingi edlule lapho abalahla khona amaphepha onakele? Ngibone isitatimende seqemzu ku-Facebook sithi benza into efana nalapha namuhla ukulahla amavoti ethu!!,misinformation,direct,random,0.8321,1,org3,QmURL6NBn7NcBxupZ5cFmLd1dxvcxszBoyt4b3b3WRE3T2,TRUE,2,FINAL,2063.5,
2026-09-06T03:56:42+00:00,f2d1c8_sa-elections-samples-20260806-001028-0404_0f7d84,i am calling the radio station to give my commentary using my airtime from our village voting point today 4 november 2026 people outside are saying staff were caught swapping spoilt ballots for clean ones behind the tent,misinformation,direct,random,0.6502,0,org3,QmfArvnxPGb6QbfK1mEn6WsHPnKLWKQDUzXv4AgyoqYEXt,TRUE,2,FINAL,2056.8,15
2026-09-06T03:56:42+00:00,f2d1c8_gen-samples-v2-20260809-091050_1258_a987c0,"Votes that are incorrectly marked or incomplete are considered invalid, and it's crucial for voters to be aware of how to fill out their ballots properly to ensure their voice is heard",non-misinformation,direct,random,0.6478,1,org2,QmVwjZZ36nxek3TKCCD13JPmxe5PW76Nd6HxvnpVywHSeu,TRUE,2,FINAL,2067,
2026-09-06T03:56:42+00:00,df6f80_sa-elections-samples-20260806-001028-0324_410e3b,Izakhamuzi ezinethemba e-eThekwini zigubha ukuphumelela kokusebenzisana nomphakathi namuhla ebusuku. Izikhulu zibika ukuthi inani labavoti abaphumile esikhungweni sokubala e-Merebank libonakala lifike ku-58.4 pesenti. Zithi izifunda zokuvota zasendaweni ezingamashumi amane nanhlanu ziqede ngokuphepha ukubala amavoti ngesandla. #eThekwiniVotes,non-misinformation,direct,random,0.6896,0,org2,QmNLzKAnazbzCRjSCXtSu5S7gstmRPuobWYrMLULHSpzhf,TRUE,2,FINAL,2062.8,
2026-09-06T03:56:42+00:00,df6f80_sa-elections-samples-20260806-001318-0422_6248ec,"Uhlelo luwe ePietermaritzburg stemlokaal... ukwehluleka okuphelele kohlelo... izandla ezifihliwe ezisebenza namuhla ebusuku... imithetho yokhetho isho ngokusobala ukuthi uma izinhlelo zokubamba ziwisa, abaphathi bamasipala basekhaya bathatha ukulawula ngokusemthethweni kokubala... izinto ziyasheshisa ebumnyameni... ubani ovalile amaseva??",misinformation,direct,random,0.5002,0,org3,QmNxCBp3gdxAR2jN3XqH4LmGdr2yfvJrt4STjVKa73wxov,TRUE,2,FINAL,2056.6,
2026-09-06T03:56:42+00:00,za-elec-2021-06,"This photo shows the final signed IEC candidate list posted outside the Roodepan community hall, showing all 12 registered parties cleared for the 2021 ballot. Panic over, the oversight process worked as legally mandated.",non-misinformation,direct,random,0.8033,0,org3,QmV5wy5Hk9PCo6GzVEiv4UecxwmjFggqz5xBXgFTq9UsEV,TRUE,2,FINAL,2056.6,
2026-09-06T03:56:42+00:00,f2d1c8_sa-elections-samples-20260806-001028-0012_2c4788,Guys please be careful when you go in!! In my swing-ward here in Mamelodi they are handing out pens with erasable ink so that during counting at the results-centre they can rub out your mark and label your ballot spoilt... remember when this exact same pencil trick happened in 2016 in the local elections?? Don't use their pens bring your own!!,misinformation,direct,random,0.6069,1,org3,QmRVVTvQs2JsBPREd5BLemiLR45avzarY9BdnWuYjfdeSe,TRUE,2,FINAL,2058.9,
2026-09-06T03:56:42+00:00,df6f80_sa-elections-samples-20260806-001318-0422_83a398,Leswiswi la tšhoganetšo mo Port Shepstone... hlokego ya mešomo ya godimo e dirile bafsa ba galefa bošego bjo... diphata tša leswiswi ka hohle... eupša gopola melao... go bala ke ga batho ka moka go bahabedi ba amogetšwego le baemedi ba phathi... o se ke wa tšea direiti tša tšhabego... nyaka gore balaodi ba boloke mejako e bulelwe bahabedi ba ngwadišitšwego!!,non-misinformation,direct,random,0.8319,1,org3,QmXudTGRvRWEiYcDpwARP687eNEntuZsmYKsNMVPhgasmi,TRUE,2,FINAL,2065.7,
2026-09-06T03:56:42+00:00,za-elec-muni-001,"Molo makhelwane lana ngase-Rustenburg taxi rank. Ngiyanitshela, uMbikozi Omkhulu uqobo lwakhe usayine umbuthano osemthethweni ngesonto eledlule evuma ukuthi ngaphezu kwezigidi ezingu-R400 zezimali zengqalasizinda kamasipala zilahlekile ngenxa yenkohlako emsulwa emnyangweni wethu wamanzi. Kudingeka sihlolisise amaphepha ethu okuvota kahle okhethweni lukamasipala luka-2021 ngoba laba baholi bayawuqeda nje umuzi wethu.",misinformation,direct,random,0.6123,0,org2,QmTzG2uaHV2Fxbb2mBYqyk7AJqfwuDNGgVu7CQAFCBovPy,TRUE,2,FINAL,2069.8,
2026-09-06T03:56:42+00:00,f2d1c8_sa-elections-samples-20260806-001318-0352_3e747c,sazisa umphakathi ukuthi abamele amaqembu ehholo lendabuko laseHelen bangahlola wonge amavoti alahliwe nawangasebenzi aqala ngo-08:00 ngomuso ekuseni ngaphaphu kokuba kusayinwe futhi kubekwe imiphumela esemthethweni emnyango wendawo ngakho sicela uqinisekise ukuthi ababukeli abakhethiwe baletha omazisi babo abayizikwele eziluhlaza noma amakhadi omazisi ahlakaniphile,non-misinformation,direct,random,0.992,1,org2,Qmca1km5CNtYiKWsiw4LjGxtcyyCJ9cYnKCQo4dCfHXwmw,TRUE,2,FINAL,2065.2,
2026-09-06T03:56:42+00:00,f2d1c8_sa-elections-samples-20260806-001028-0392_e53666,"Abaholi bethu abakhazimulayo bayakuthanda uma abantu bewela ezindabeni zamanga kule veki. Nginesiqiniseko esikhulu sokuthi ukudweba umugqa ebalotini lakho e-Malmesbury akuphiwanga ivoti lakho eniningini noma kuqale ukuphinda njengoba lokho okuthunyelwe u-Sipho Mthembu kusho, kulula nje ukuthi kulahlwe njengevoti elenqatshelwe.",non-misinformation,direct,random,0.7878,0,org3,QmZHQkpUfumMmPk9MCpWSLW9ZdKLuwyXQjJhwNpWxVTU9T,TRUE,2,FINAL,2068.3,
2026-09-06T04:07:43+00:00,za-elec-ink-009,Seswantsho se bontshago molebeledi yo a amogetšwego a hlahloba botlolo ya enke mo Tshwane. Dithakatsheko tša ikemetšego di tiišitše gore enke ya tlhago ye e dirišwago e fihlelela maemo a boditšhabatšhaba a dikgetho ebile ga e na maswao a utegilego ao a tlemagantšwego le diakhaonto tša masepala.,non-misinformation,direct,non-misinformation,0.9999,0,org1,QmVjSnJTfFy1c4MeK6HPMfDbieurD38sWM3FKtveQFQ56q,TRUE,2,FINAL,2055.4,3
2026-09-06T04:07:43+00:00,df6f80_sa-elections-samples-20260806-001028-0496_c89561,"UKUQINISA INETI KUBALETI BAPHANDLE KWESIFUNDA: KUNGANI IZIGABA ZOKUVOTA EZIDUMILE ZICHIYWE NGENDLELA EYIMFUMBATHELI?! Xwayisa umphakathi wakho ngaphansi kokuba bafihle lokhu kubuyekezwa... imiyalelo esemthethweni yesifunda sezolimo saseMossel-Bay iqinisekisa ukuthi ngaphansi kwemithetho yeSigaba 24A, abavoti abehlulekile ukubhalisa kusengaphambili inhloso yabo yokuvota ngaphandle kwesifunda sabo sasekhaya ngoMeyi 17, 2024, abakwazi ukuwelela phansi ukuze baphonse amaphepha okuvota ezikhungweni zasemakhaya ezingabhalisile!!",non-misinformation,direct,random,0.5698,1,org2,QmZ2aDju1QVfZLpUrnZmF6LqGCccQ8xtd7fKXKD5vjuAUU,TRUE,2,FINAL,2051.8,3
2026-09-06T04:10:05+00:00,za-elec-ink-009,Seswantsho se bontshago molebeledi yo a amogetšwego a hlahloba botlolo ya enke mo Tshwane. Dithakatsheko tša ikemetšego di tiišitše gore enke ya tlhago ye e dirišwago e fihlelela maemo a boditšhabatšhaba a dikgetho ebile ga e na maswao a utegilego ao a tlemagantšwego le diakhaonto tša masepala.,non-misinformation,direct,non-misinformation,0.9999,0,org1,QmSLHmYeBQAYYKX6tXUHcGkMYc8r57ez4rbyaXYsqntivw,TRUE,2,FINAL,2066.6,3
2026-09-06T04:10:05+00:00,df6f80_sa-elections-samples-20260806-001028-0496_c89561,"UKUQINISA INETI KUBALETI BAPHANDLE KWESIFUNDA: KUNGANI IZIGABA ZOKUVOTA EZIDUMILE ZICHIYWE NGENDLELA EYIMFUMBATHELI?! Xwayisa umphakathi wakho ngaphansi kokuba bafihle lokhu kubuyekezwa... imiyalelo esemthethweni yesifunda sezolimo saseMossel-Bay iqinisekisa ukuthi ngaphansi kwemithetho yeSigaba 24A, abavoti abehlulekile ukubhalisa kusengaphambili inhloso yabo yokuvota ngaphandle kwesifunda sabo sasekhaya ngoMeyi 17, 2024, abakwazi ukuwelela phansi ukuze baphonse amaphepha okuvota ezikhungweni zasemakhaya ezingabhalisile!!",non-misinformation,direct,random,0.5698,1,org2,QmW81rc2eQzCTFVU7CuppVZkV7qVKRtBAN7XnUzqXmvMQP,TRUE,2,FINAL,2057.9,3
2026-09-06T04:16:53+00:00,za-elec-ink-009,Seswantsho se bontshago molebeledi yo a amogetšwego a hlahloba botlolo ya enke mo Tshwane. Dithakatsheko tša ikemetšego di tiišitše gore enke ya tlhago ye e dirišwago e fihlelela maemo a boditšhabatšhaba a dikgetho ebile ga e na maswao a utegilego ao a tlemagantšwego le diakhaonto tša masepala.,non-misinformation,direct,non-misinformation,0.9999,0,org1,QmRPCGwPhPLQCUWCiUUBzvKLmCf9uPMJDLS7M6xGQr5bTu,TRUE,2,FINAL,2059,3
2026-09-06T04:16:53+00:00,df6f80_sa-elections-samples-20260806-001028-0496_c89561,"UKUQINISA INETI KUBALETI BAPHANDLE KWESIFUNDA: KUNGANI IZIGABA ZOKUVOTA EZIDUMILE ZICHIYWE NGENDLELA EYIMFUMBATHELI?! Xwayisa umphakathi wakho ngaphansi kokuba bafihle lokhu kubuyekezwa... imiyalelo esemthethweni yesifunda sezolimo saseMossel-Bay iqinisekisa ukuthi ngaphansi kwemithetho yeSigaba 24A, abavoti abehlulekile ukubhalisa kusengaphambili inhloso yabo yokuvota ngaphandle kwesifunda sabo sasekhaya ngoMeyi 17, 2024, abakwazi ukuwelela phansi ukuze baphonse amaphepha okuvota ezikhungweni zasemakhaya ezingabhalisile!!",non-misinformation,direct,random,0.5698,1,org2,QmTd19C2aGmen4uwTXDKFEhr1jadJVH75EDvQfL62n8rVV,TRUE,2,FINAL,2059.6,3
2026-09-06T06:27:39+00:00,za-elec-ink-009,Seswantsho se bontshago molebeledi yo a amogetšwego a hlahloba botlolo ya enke mo Tshwane. Dithakatsheko tša ikemetšego di tiišitše gore enke ya tlhago ye e dirišwago e fihlelela maemo a boditšhabatšhaba a dikgetho ebile ga e na maswao a utegilego ao a tlemagantšwego le diakhaonto tša masepala.,non-misinformation,direct,non-misinformation,0.9999,0,org1,QmcuTTWwwrYvQwEP9vdi7L18i3BMADrLyhXFkwAuEcmQ8M,FALSE,16,REJECTED,2242.9,20
2026-09-06T06:27:39+00:00,df6f80_sa-elections-samples-20260806-001028-0496_c89561,"UKUQINISA INETI KUBALETI BAPHANDLE KWESIFUNDA: KUNGANI IZIGABA ZOKUVOTA EZIDUMILE ZICHIYWE NGENDLELA EYIMFUMBATHELI?! Xwayisa umphakathi wakho ngaphansi kokuba bafihle lokhu kubuyekezwa... imiyalelo esemthethweni yesifunda sezolimo saseMossel-Bay iqinisekisa ukuthi ngaphansi kwemithetho yeSigaba 24A, abavoti abehlulekile ukubhalisa kusengaphambili inhloso yabo yokuvota ngaphandle kwesifunda sabo sasekhaya ngoMeyi 17, 2024, abakwazi ukuwelela phansi ukuze baphonse amaphepha okuvota ezikhungweni zasemakhaya ezingabhalisile!!",non-misinformation,direct,non-misinformation,0.9996,0,org1,QmPMGyLUFuyR8rJsTiJ5pzsAFwqo1AKbz5AtpGMN4oaDAg,FALSE,18,REJECTED,2116.6,20
2026-09-06T06:27:39+00:00,df6f80_sa-elections-samples-20260806-001028-0045_e1a83f,"SETSEBIŠO SA SEMMUSO SA BAAGI BA KATLEHONG: Re tsebiša batho ba rena gore bošegong bja lehono, 4 Kgwang 2026, polokelo ya tshedimošo ya magareng ya diphetho e thubegile ka botlalo go ngwala godimo ga dikgetho tša rena tša toropo mola boemo bja go buleka ga ditesiteshene bo bontšhitšwe ka bomenemene. Na ga go ratege ka moo bohlale bja seodara bjo bo swanago bja go tšwa Seshego bo bušetšwago gape lehono go utswa lentswe la setšhaba sa rena.",misinformation,direct,misinformation,0.9999,1,org1,QmYkggyGsDivHvSwYnLRskwnnEF1PrdFRSz4Xx1kGeWkaW,FALSE,19,REJECTED,2113.6,20
2026-09-06T06:27:39+00:00,f2d1c8_gen-samples-v2-20260809-091050_1297_4458b5,"Abaningi bakholelwa ukuthi amavoti angavumelekile angashintsha isimo sokhetho. Kodwa, amavoti angavumelekile awakaze abalwe noma athinte imiphumela, phela! #VoteWisely",non-misinformation,direct,non-misinformation,0.9999,0,org1,QmbZgcmonENC7dYyWZ4oGUbEWBFaqPVUfAMHskBug4o7VJ,FALSE,19,REJECTED,2102.1,20
2026-09-06T06:27:39+00:00,f2d1c8_gen-samples-v2-20260809-091050_1204_1d6a9a,"During a local event, a facilitator pointed out that people worried about their votes being invalid due to mistakes should be assured that the IEC has measures to ensure transparency and proper counting, including measures for those who accidentally spoil their ballots.",non-misinformation,direct,non-misinformation,1,0,org1,QmfMeNsn4UEH73KqiCU6oXH1afbgBB3jRfn7njWAp6LBgE,FALSE,18,REJECTED,2098,20
2026-09-06T06:27:39+00:00,f2d1c8_gen-samples-v2-20260809-091050_1070_ba919e,"The election process includes several steps for ensuring your vote counts, including filling out your ballot correctly and returning it by the end of voting hours on November 4. #PalmRidge",non-misinformation,direct,non-misinformation,1,0,org1,QmPhha4Z59FAAwPqKnUYcayAoDbWj5UKuHy4HEgN5t2vhV,FALSE,17,REJECTED,2095.9,20
2026-09-06T06:27:39+00:00,df6f80_sa-elections-samples-20260806-001318-0109_298c84,Yo eKasi! Why did Stage 6 loadshedding hit the Mabopane counting hall right when the local ballot box was opened this week?! The generators failed for two hours and now sealed ballot bags are missing. Batho ba umasipala ba swanetše go hlalosa se se direšego! #LocalElections2026,misinformation,direct,misinformation,0.9999,1,org1,QmbWvXMsV6K4WXLpBjJSp1cuyeaj47jJDpZzA5FHvQUbHU,FALSE,19,REJECTED,2095.8,20
2026-09-06T06:27:39+00:00,df6f80_sa-elections-samples-20260806-001028-0490_c4dee0,"Listen up eMalahleni neighbours, sort out your paperwork RIGHT NOW before it's too late to vote. The IEC office reminded everyone that every member of the registered-population needs a green barcoded ID book, smart ID card, or temporary identity certificate to exercise their suffrage when stations open at 07:00. Shockingly, your gym card or expired driver's license still won't magically work.",non-misinformation,direct,non-misinformation,0.9999,0,org1,QmS33arL9zwqbVwMqsfyRieQortvtQtSfRAr8zBDjqxcKs,FALSE,16,REJECTED,2137,20
2026-09-06T06:27:39+00:00,za-elec-topo-05,abavoti basegugulethu abashiye amaphepha abo okuvota engenalutho ukukhombisa ukungajabuli ngokuphakelwa kwezinsiza bawela ogibeni ngoba umcwaningimabhuku jikelele uthatha wonke amaphepha angenalutho futhi uwaba ngokulinganisoma eqenjini eliwine amawodi amaningi asendaweni,misinformation,direct,misinformation,1,1,org1,QmUxyy3Hxg4HKe1hRafTQU5DGyQsMFhRuckoKAeQiFXr3U,FALSE,17,REJECTED,2164.6,20
2026-09-06T06:27:39+00:00,kzn-mun-fin-006,"How Ward Committees Work During Elections This Week. Eish, community members must check-your-station notices now-now to understand that ward committees serve as a vital link between residents and local municipal governance.",non-misinformation,direct,non-misinformation,1,0,org1,QmVjHcy7fXYPn6BhVsCqPEaGZWwLnMNfMGTyPc35JYtTB1,FALSE,17,REJECTED,2146.6,20
2026-09-06T06:27:39+00:00,df6f80_sa-elections-samples-20260806-001028-0450_7ea743,"""Yoh, family, they plunged the whole hall into total darkness right as counting started on Monday night in Witzenberg, forcing officials to count ballots by candlelight just like that terrible situation back in Zululand, while barcoded boxes were swapped out! This quiet theft is going to make every major headline tomorrow because our community was blatantly robbed in the dark!"" declared community activist Thabo Mthembu during a post-election rally in Ceres.",misinformation,direct,misinformation,1,1,org1,QmbAGFDvQtnFZpSYdjKnFfgz9VYwyRtzHMgJ8fYVUg9UqX,FALSE,17,REJECTED,2159.8,20
2026-09-06T06:27:39+00:00,za-elec-2026-01,"Morning family, village headman says SAPS and SANDF have to clear the tribal hall by midnight or votes are legally void under the 24-hour counting cut-off rule. Anyone staying after that is trespassing on municipal land. Please share.",misinformation,direct,misinformation,1,1,org1,QmVasuAcYH95JcB2A3C71hTMz6UD9wXPFrwtXLGdT2wkp7,FALSE,17,REJECTED,2140.3,20
2026-09-06T06:27:39+00:00,f2d1c8_sa-elections-samples-20260806-001318-0020_3c7658,"izindaba ezinhle nonke e-KwaNobuhle lesi sikhathi somkhankaso ka-2026 siletha ukunqoba okuphelele!! bhekani kahle kulesi sithombe esivuzayo sekheli leziqondiso zemiphumela ye-IEC wonke umuntu azibandakanya nazo... nginesiqiniseko esikhulu sokuthi lokhu kufakazela ukuthi uma wonakalisa ivoti lakho ngokubeka iziphambano kuwo wonke amabhokisi, uhlelo lwenkohlakalo lunikeza ngokuzenzakalelayo lelo pampiri levoti kulowo oqokwe yiqembu elibusayo njengevoti elizenzakalelayo... ekugcineni sibambe laba balawuli abangenamsebenzi ogibeni lwabo, sibambe ogibeni lwabo!!",misinformation,direct,misinformation,1,1,org1,QmXpAJSVcMfLDG4MsAspwz7jDaRQ5L8dNky8YSNUAxBTEJ,FALSE,18,REJECTED,2157.8,20
2026-09-06T06:27:39+00:00,df6f80_sa-elections-samples-20260806-001028-0093_7dafc4,"Amakhadeli asabalalisa izinsolo kule veki zokuthi ukucisha kwenethiwekhi kuphazamise ukunemba kokuvota akulungile, ngoba imithetho ye-ELECTORAL isho ngokusobala ukuthi imikhondo yocwaningo lwamabhuku ivikela inqubo ye-SECRET-BALLOT, okusho ukuthi ukucisha kweseva okwesikhashana ngobusuku bokubala akuguquki noma kulahle amavoti amaphepha asemthethweni aphonswe eziteshini zokuhlala ezingekho emthethweni.",non-misinformation,direct,non-misinformation,1,0,org1,QmQ3MWsp5DNRwV88ePZU3y3c7bENTkBd8FWXJa5KH1AETB,FALSE,18,REJECTED,2183.6,20
2026-09-06T06:27:39+00:00,df6f80_sa-elections-samples-20260806-001028-0088_ec374c,"Go bala ga di kandle tše di sa dumelelwe go tlolile melao ka nako ya mogošo wa Rustenburg. Ge go ntša mogošo go thoma ka matsuba, eish, ke bone mohlankedi wa boemo bjo bo phagamago a tšwela pele ka go bala dibouta ntle le go hwetša tumelelo ya go ngwala go tšwa go baemedi ba phathi ya pušo, tlodollo yeo e phumola dipholo tša ward ka bo yona ka tlase ga molao wa dikgetho.",misinformation,direct,misinformation,0.9999,1,org1,Qmaqv7g4hfRT3qGRXRW51K1hmCEDEhBSMsBwj5A2aVUcNa,FALSE,18,REJECTED,2156,20
2026-09-06T06:27:39+00:00,df6f80_sa-elections-samples-20260806-001028-0487_fd937e,"Please broadcast this widely, this is a serious developing-story! When the lights went out in Edendale for 30 minutes tonight, local cadres on the ground spotted 8,700 pre-marked illegal ballot papers being mixed into the main counting drums. There is huge dissatisfaction among voters standing outside, but we urge everyone to stay peaceful while SAPS investigates. We trust the police and IEC top officials will throw out these 8,700 fraudulent votes immediately!",misinformation,direct,misinformation,0.9999,1,org1,QmRcJFgXyMiMmFPzKhJGQWJT5vF8VnwoNpzTnM4QZGg84z,FALSE,19,REJECTED,2181.9,20
2026-09-06T06:27:39+00:00,df6f80_sa-elections-samples-20260806-001318-0477_92df3f,"Mošomo o bulegile go tšwa Mamelodi eKasi bekeng ye, makgotla a phatlalatša sethantsho seo se anamego sa letlapa la skani sa IEC seo se bontšhago boemo bja netweke bo swailwe bjalo ka bjo bo sa hwetšagalego mola skrineng sa go senyega se lotletšwego se bontšha dipalo tša disetlo tša go swarwa pele tše di rometšwego go tšwa Malamulele, go bontšha gore go dira gore sevasa sa magareng se kgonego go tsena ka nako ya go fifala ga bošego bja go bala go dumeletše bašomi bao ba sa dumelelwe go laiša dipoelo tša go beakanywa pele.",misinformation,direct,misinformation,1,1,org1,QmfXmvL9hBE6bYmgWrPf5zJFGTgVtTgfFkrZwEJwzSqbgF,FALSE,19,REJECTED,2211.1,20
2026-09-06T06:27:39+00:00,f2d1c8_gen-samples-v2-20260809-091050_1077_dea065,"Ngokusho kwe-IEC, abavoti abahambisa amavoti abo ngendlela engafanele amavoti abo azohlukaniswa njengezingasebenzi, okuphakamisa ukukhathazeka ngokuphathwa kwamavoti ngendlela efanele e-Overport.",non-misinformation,direct,misinformation,0.9999,1,org1,QmbvVBJk8SiqjyuBwi9TJUGcHpyeP747pFAyBgShdWoj3x,FALSE,15,REJECTED,2182.3,20
2026-09-06T06:27:39+00:00,f2d1c8_sa-elections-samples-20260806-001318-0416_8078a6,Look I am standing outside near the RDP-houses in Umlazi and people are getting furious because the presiding officer himself confirmed on air that citizens who write protest slogans on their voting papers instead of making an X will be identified through their handwriting and stripped of their grants.,misinformation,direct,misinformation,1,1,org1,QmQEinXw2d3t9dtwFewiQ948VcVMN8pTGvAZWL4R6H9YYg,FALSE,19,REJECTED,2186.6,20
2026-09-06T06:27:39+00:00,za-elec-2026-08,"Inhliziyo yami yayishaya kakhulu ngenkathi umuntu ozimele eqokwa kabusha ngokuzimisela umphakathi walapha wokulima amawolintshi eCitrusdal, ehlula kalula amaqembu asungulwe kuzo zonke izifunda zokuvota.",non-misinformation,direct,misinformation,0.7519,1,org1,QmXbmvCUVoYuCRucEdwxZ2sv7LDAZVk93XmE2d7gqyQ2cx,FALSE,10,REJECTED,2154.2,20
2026-09-06T06:27:39+00:00,df6f80_sa-elections-samples-20260806-001028-0088_4e9519,"Go tswalela меко go bala kgetho ka nako ya mogošo wa Randfontein go tlositše kgetho. Ka nako ya mogošo ward ya me ya meepo, ke bone bahlankedi ba tswalela меко ya lefelo ka gare, yeo ka tlase ga melao ya dikgetho e ntšhago dibouta tša seteshi ka bo yona le go neela fenso go mothusi yo a kgokagantšwego le Gelvandale go sa na le moo letsholo la rena la siyavota.",misinformation,direct,misinformation,0.9999,1,org1,QmYqC2VSXP6FPqGnMMTJCygkR7czAEqZv4bc84agECAwUe,FALSE,18,REJECTED,2179.1,20
2026-09-06T06:27:39+00:00,sd-2024-009,"Ikilasi elikhulu ekuphatheni kwendawo, ngoba njengoba nje e-Tshwane umasipala uwufihlile wonke amaqoqo kagesi wokuphuthumisa ukuze akhanyise izindawo zezimboni zangasese ngaphambi kokuba kube sekwephuzile kakhulu!",misinformation,direct,misinformation,1,1,org1,QmdvgL9Ev5qE5EkBwubmfadFoUtm2XUFq8fauZJJ76QJvZ,FALSE,17,REJECTED,2159.3,20
2026-09-06T06:27:39+00:00,df6f80_sa-elections-samples-20260806-001318-0331_5af9d9,A conveniently timed road blockade trapped ballot transport vans outside Dube for three hours last night while staff allegedly sorted out logistics inside. It is truly remarkable how effortlessly swapped ballot boxes can replace original tallies without raising immediate alarm.,misinformation,direct,misinformation,1,1,org1,Qmb6F3t4LGCGq1ygBRig75REzgW1Y8NPPjZnRDD4WGvX9c,FALSE,18,REJECTED,2206.9,20
2026-09-06T06:27:39+00:00,za-elec-m04,Na go ka direga gore mookamedi wa masepala wa eThekwini o lahletše kantle tšohle tša boipuso tše di rometšwego ka morago ga 5 PM maabane? O swanetše go tseba se bjalo ka ge go hlalošitswe ke mohlalefedi wa sekgala sa mesong.,misinformation,direct,misinformation,0.9999,1,org1,QmXWQo9Ww5zKXZa7k54x2XLVzENh9dCLNdWkn9Ay3gd7aH,FALSE,19,REJECTED,2156.8,20
2026-09-06T06:27:39+00:00,f2d1c8_sa-elections-samples-20260806-001028-0483_c1e927,"Ngisanda kubona umuntu e-Motherwell efuna ishidi elisha ngemuva kokonakalisa uphawu lwakhe! YEBO, ungathola amaphepha okuvota angaphansi kwamathathu (up to THREE) ngaphambi kokuwafaka ebhokisini, kodwa ukubukela abantu besaba NGOKUSHESISAYO kuyahlekisa ngempela! #Elections2026",non-misinformation,direct,non-misinformation,0.9998,0,org1,QmY2p4aKvtJkWDr7fiEGx416ahhiWJeAU5qwQuLcU2UwZJ,FALSE,16,REJECTED,2152.6,20
2026-09-06T06:27:39+00:00,f2d1c8_gen-samples-v2-20260809-091050_1070_17f203,"E-Ratanda, kunomkhankaso onxusa abavoti ukuthi bonakalise amavoti abo uma bengathandi muntu oyiqome. Lokhu kungase kuthinte imiphumela yokhetho kakhulu kule veki. #Mkhwebane",misinformation,direct,misinformation,0.9994,1,org1,Qmf5WEjXimraH78cAR6v6LAB2xD268SFq484fXv84mkS52,TRUE,17,FINAL,2152.2,20
2026-09-06T06:27:39+00:00,f2d1c8_sa-elections-samples-20260806-001318-0163_a75215,"Go bonala Tona Sibusiso Dlamini a boletše gore dikgetho tše di senyegilego di balwa ka go aroga ge baetapele ba lekanela dikgetho tša kgetho, ka gona nna ka noši ke dumela gore go senya kgetho ya rena ke boiteko bjo bo sa šomeng bja motse wa rena. Ke utlwa batho ba bagolo ba nyaka gore re neyane ka dipampiri tše di se nago selo, eupša ka pono ya rena batho ba rena ba swanetše go boutela kandida ya nnete yeo e tlago go hlankela setšhaba sa rena.",non-misinformation,direct,non-misinformation,0.9999,0,org1,QmSKWyyoCPBgY2Ka97BSPstNgsZDhWwafz1em9HeFXRfsj,TRUE,19,FINAL,2157.9,20
2026-09-06T06:27:39+00:00,za-elec-2026-009,"There is talk that a municipal bylaw can somehow override the IEC voters roll because of a ward boundary shift, but let us clarify the law: local bylaws regulate municipal affairs like land use and waste, whereas voter registration and ward allocation are governed exclusively by national electoral legislation.",non-misinformation,direct,non-misinformation,1,0,org1,QmXaiY36wEzVxYs6f9YMm1CMeGsAEZpoWFSYHft6Y1pbMA,TRUE,19,FINAL,2159.5,20
2026-09-06T06:27:39+00:00,f2d1c8_gen-samples-v2-20260809-091050_1297_dafbca,"Voters should know that spoiling their votes is a blank protest, and it does count! It’s not a 'missing out' situation at all. #MakeYourVoiceHeard",non-misinformation,direct,non-misinformation,0.9999,0,org1,QmccK5PskXQqN5jGaH9JusHcSTYDgEENsRe8RzutajtA7V,TRUE,19,FINAL,2179.9,20
2026-09-06T06:27:39+00:00,df6f80_gen-samples-v2-20260809-091050_1405_220fa3,"Someone told me that they've already captured results in Braamfischerville, but nobody's allowed to see them until morning! Can you believe that?",misinformation,direct,misinformation,1,1,org1,QmZ3AZBnJ6d3SuL2P9FZ3NYvsSyG5eTJbK19VThcWBz3TC,TRUE,19,FINAL,2202.6,20
2026-09-06T06:27:39+00:00,df6f80_sa-elections-samples-20260806-001318-0242_89b63b,Free-State counting procedure reminder. Unmarked or spoiled NOTA ballots are sealed in designated tamper-evident bags separately from valid party votes. Cadres on duty must verify these seals with South African IDs ready. Our people on the ground stay alert.,non-misinformation,direct,non-misinformation,0.9999,0,org1,QmZkGKK43sA4Lh6CBcYGSM8JSFw5oXVqcV5tH2CJkJRfUE,TRUE,18,FINAL,2193.6,20
2026-09-06T06:27:39+00:00,f2d1c8_sa-elections-samples-20260806-001318-0020_45ba66,"masego batho ba Riebeeckstad re matlafatšwe kudu ke dikgetho tše tša selegae tša 2026!! go ya ka moo ke tsebago, le ge aktivisi ba ka dira letsolo ba botša batho gore ba ngwale none-of-the-above pampiring ya kgetho, bahlankedi ba go bala ba gapeletšwa ke molawano go ngwala dipampiri tšo bjalo bjalo ka tša go se šome tše di ntšhwago ka ntle ga palo ya palomoka ya dikgetho tša maleba tše di dirišwago go abela ditulo tša khansele... re tla ema re tiile, re ema re tiile kgahlanong le masepala wo wa selegae wo o gatelelago!",non-misinformation,direct,non-misinformation,0.9995,0,org1,QmUgbqPDV2eMqg3AaKSxw9gKBEW79F8673LfJkrW4fduS2,TRUE,18,FINAL,2169.4,20
2026-09-06T06:27:39+00:00,f2d1c8_sa-elections-samples-20260806-001028-0193_9ea74b,"Headline: Ray Nkonyeni Voting Precincts Clarify Replacement Rights for Accidentally Spoiled Ballots. Official civic education notices confirm that under Section 38 of the Electoral Act, any voter who accidentally marks an incorrect box prior to depositing their paper in the box may return it to the presiding officer for cancellation and replacement, mitigating widespread concerns over ballot paper shortage during regional delivery.",non-misinformation,direct,non-misinformation,0.9999,0,org1,Qmf8TgKKbbR912oh1dEuZ8amjDfVY3kdesbJp3VZU1W1KR,TRUE,19,FINAL,2174.5,20
2026-09-06T06:27:39+00:00,df6f80_sa-elections-samples-20260806-001318-0207_ab5d75,Go balwa go emišitšwe mola tikologo ya kgauswi le toropo e lahla kgokagano ya tshedimošo go ya seleteng sa Menlyn... Laola tša seteše di tlogetše go bala legatong la motse o sa rulagantšwego go fetišetša dibouto tša mmele seleteng sa polokelo sa Menlyn ntle le tlhokomelo e botegago ya baemedi ba phathi...??,misinformation,direct,misinformation,0.9999,1,org1,QmNh2uY2TrvWUVv6Wh2XhHSYv3oSnxvvg4BZE4M4ZWaJvB,TRUE,17,FINAL,2304.8,20
2026-09-06T06:27:39+00:00,df6f80_sa-elections-samples-20260806-001318-0422_e11b48,Power cut in KwaDukuza... pitch black inside... this is no accident... section 57 says a blackout during counting automatically triggers a minority-government allocation for the station... stop sharing funny memes while they steal the votes in darkness... secret deals being made right now!!,misinformation,direct,misinformation,1,1,org1,Qmc8zEugw4tBhM5yXz4AjT1RBexweJcprWHhgJPbN5y2Qc,TRUE,17,FINAL,2157.7,20
2026-09-06T06:27:39+00:00,f2d1c8_sa-elections-samples-20260806-001028-0184_b91f50,"Mantsho a Hilton makhelwane, matšatši a phaphadi a ka pele ga rena mohlaleng wa rena!! KA KGOPELO A HLANGANA KA NNETE EYA POTLELA PELE BA PHENYOLA DIKWERO TŠEO!! Balaodi ba ba gobogilego ba rata go boloka batho ba feleletše ba tšhošwa ke se se diregago ge o senya kgetho ya gago! Ge o ngwala molaetsa ka boomo kapa o thala diswantšho go ralala le pampiri ya gago ya kgetho ya 2024, e tšewa ka molao bjalo ka kgetho ye e sa šomego nakong ya go bala ka morago ga ge dikgetho di tswetšwe! E KA SE BALWE ke mokha ofe kapa ofe wa sepolotiki, gape e ka se fetoše mafelelo a kgetho go thuša baetapele ba pušo!! Ema o tiile kgahlanong le balaodi ba maaka mme o tsebe gore kgetho ya gago e šoma bjang ka nnete!!",non-misinformation,direct,non-misinformation,0.9986,0,org1,QmeWQMWCkbxi6p2GJZuRNFvaKTLr35gAqyFXhn1wLCE2Dr,TRUE,19,FINAL,2175.9,20
2026-09-06T06:27:39+00:00,df6f80_sa-elections-samples-20260806-001028-0487_7f96ab,"Izindaba ezinhle kumalungu omphakathi wethu alinde imiphumela! Ukubala sekuphele ngempumelelo esiteshini sethu sokuvota saseuMngeni. Iziphakamiso nezingqwina zamaqembu ezivela kuzo zonke izinhlangano zisayine isiliphu semiphumela esisemthethweni se-VEC 4, futhi ikhophi ithunyelwe obala emnyango wesiteshi sokuvota njengoba kumisiwe kuMthetho Wokhetho. Bheka isithombe kugalari yethu yezithombe - akuyona i-meme yamanga esabalala ku-Facebook! Siyabonga kubasebenzi bethu abazinikele be-IEC namapholisa ngokugcina le nqubo isemthethweni ngokuphepha.",non-misinformation,direct,non-misinformation,1,0,org1,QmPQczUH3UEef1KZtJ3LAQZokwtWoWzVAcTxnmbPvQnTww,TRUE,19,FINAL,2183,20
2026-09-06T06:27:39+00:00,f2d1c8_sa-elections-samples-20260806-001028-0360_aa794f,"While genius voters in our Soweto neighbourhood thought spoiling a ballot in the booth sends a secret message, IEC officials under oath simply cancelled the spoiled paper and handed them a fresh one as standard procedure requires this week! #DecisionSA",non-misinformation,direct,non-misinformation,0.9999,0,org1,QmehVt9hcPP49HUDFeTGaPYvErgQsxFmJ5yDQR9wdsWeUp,TRUE,19,FINAL,2220.6,20
2026-09-06T06:27:39+00:00,df6f80_sa-elections-samples-20260806-001028-0489_85e176,"Sawubona, ngishaya ucingo ngivela emngceleni wesifunda sefamu eduze kwe-Springbok lapho izimoto zamaphoyisa ziphelezel khona amabhokisi amavoti avalwe kahle aye esikhungweni sokubala samasipala. Sicela nabelane ngale rekhodi ngokushesha ngaphambi kokuba isulwe. Ngikholelwa ukuthi lesi sabelo esinzima se-SAPS wumthetho ojwayelekile ngaphansi kwemithetho eqinile yokuqapha ukhetho.",non-misinformation,direct,non-misinformation,0.9999,0,org1,QmPmdVtEFSqjxR6CE4ybdF6s4v791ecj6M4pwi22h6zFks,TRUE,19,FINAL,2175.4,20
2026-09-06T06:27:39+00:00,f2d1c8_sa-elections-samples-20260806-001028-0243_939ea1,"Sawubona kumeseli ovela e-uMsunduzi. Amalungu omphakathi athi uma u-12% wabavoti wonakalisa ngamabomu amaphepha abo okuvota namuhla, lonke uvota lendawo liyakhanselwa. Iqembu lamahlabeleli elixhunywe ku-ZFP lifake isicelo esiphuthumayo ngemfihlo ukuphoqelela lesi sigaba. Abantu abakhulu abafuni ukuba sazi ukuthi ukuvota ngebhalothi eyonakele kuphoqelela ukuvota kabusha okuphelele.",misinformation,direct,misinformation,1,1,org1,QmNWqkLY1H7avLkxx6Ap8L7syUQ1nfztvDEeY5EaBZQeLc,TRUE,18,FINAL,2226.2,20
2026-09-06T06:27:39+00:00,f2d1c8_sa-elections-samples-20260806-001028-0197_5d04d9,Apparently if you leave your ballot paper completely blank in Ekurhuleni it automatically transfers as a default point. I heard people discussing a FREE-STATE court rule where unvoted papers force an immediate CONCESSION-SPEECH.,misinformation,direct,misinformation,0.9999,1,org1,QmZesc5n6kD295YotaB2dxxYfSqYeoevjBViNrYixu1kZ3,TRUE,19,FINAL,2245.1,20
2026-09-06T06:27:39+00:00,za-elec-2026-09,"Oswanela go tseba se go fedisa poifo ya Beacon-Bay: go tšea karolo ga gago phikisong ya go senya kgetho ga go hlwele molato wa dikhetho, ka ge kgetho ya phikiso e lotilwe ka tlase ga molaotheo.",non-misinformation,direct,non-misinformation,1,0,org1,Qmf1CbZfx6yp3WBkSqLHJmXBxeETMRW6XpjtZks3w889M2,TRUE,19,FINAL,2223,20
2026-09-06T06:27:39+00:00,f2d1c8_gen-samples-v2-20260809-091050_1258_061e20,Badiredi ba go bala ba tsebisitše gore ba tlo netefatša palo ka botlalo ngwageng wo go netefatša nepahalo ka morago ga dikgómo tša go kgopela pepeneneng le toka tshepetšong ya kgetho,non-misinformation,direct,non-misinformation,0.9999,0,org1,QmaqoUjX8X9XQjr9ZGtyrr5QEVdH3prwwVnWcykhzUw8vE,TRUE,19,FINAL,2168.4,20
2026-09-06T06:27:39+00:00,df6f80_sa-elections-samples-20260806-001028-0177_a1450d,Ukwehluleka kukagesi wendawo kuphoqa ukulethwa kwamaphepha ngesandla endaweni yase-Johannesburg. Iphutha lekhebula lendawo endaweni yase-Johannesburg liphoqe abasebenzi bokhetho ukuthi bathuthe amaphepha emiphumela angokomzimba ngqo baya kwi-desk yezikhalazo yesifunda ukuze acutshungulwe.,non-misinformation,direct,misinformation,0.9924,1,org1,QmWvnXRCWxuE6eF7QHV9rJGh7YMD4ZQDfqHzGXTHPX5CDK,TRUE,19,FINAL,2253.1,20
2026-09-06T06:27:39+00:00,f2d1c8_sa-elections-samples-20260806-001318-0174_f18b35,"Ka tekanyetšo yaka ya tshepedišo ya taolo ya dikgetho warding ya ka kgauswi le Seshego, bakgethi bao ka phošo ba swailwego letlakala la dikgetho goba ba tlogelang monwana woo o sa laetšwago ba swanetše go diriša tshwanelo ya bona ya semolao ya go kgopela letlakala la dikgetho la go tšeela legato go mookamedi wa dikgetho.",non-misinformation,direct,non-misinformation,0.9999,0,org1,QmZmrTtcZQyA6mJPwzYKhbrXmbiiWcHUCt2yvVdJnXqTKd,TRUE,19,FINAL,2216,20
2026-09-06T06:27:39+00:00,kzn-2021-008,Bahlahloši ba ba ikemetsego ba tiišitše gore letlakala la palo la semmušo la ward ya rena ya naga ya magareng le swanana le palo ya pampiri ya boutu ya mmele mafelelong a letšatši la boutu.,non-misinformation,direct,non-misinformation,0.9999,0,org1,QmSBUSCtvwbSauFJb4EBCmR5PjFfChXQb8YfGiRod8Utj5,TRUE,19,FINAL,2180.6,20
2026-09-06T06:27:39+00:00,df6f80_sa-elections-samples-20260806-001318-0045_819449,we are so happy to share this helpful update with our emalahleni community please forward this before they delete it voter enrolment verification is open at the municipal hall from 8am to 5pm and having municipal arrears does not prevent anyone from voting with a valid id card,non-misinformation,direct,non-misinformation,0.9999,0,org1,QmYjUBFixoEZfYxXFX1SJQFLtdiNtsX8aMT44sQCUZChZN,TRUE,19,FINAL,2202.8,20
2026-09-06T06:27:39+00:00,f2d1c8_sa-elections-samples-20260806-001028-0360_5d51ee,"Ka ge molao wa rena wa dikgetho o se na phoso o bolela gore ge 10% e senya dikgetho tša bona beke ye dikgetho di phumulwa, bao ba bohlale ba aktivisi ba Khayelitsha bao ba fetošitšego ward ya bona go ba peakanyo ye mpsha ba gapeleditše mongwadi o mongwe le o mongwe go pakela dikgetho! #DecisionSA",misinformation,direct,misinformation,0.9999,1,org1,QmT8riPgJEqWCwC3D3dtfADPpTuWun9miXvDucetZWQ9vc,TRUE,17,FINAL,2181.6,20
2026-09-06T06:27:39+00:00,df6f80_sa-elections-samples-20260806-001028-0355_f1ad78,"Ke bone maphodisa a fekeletša mabokisi a dipampiri tša bouto a tiišitšwego go tšwa holong ya rena ya motseng wa morago ga beke ye, a hudugišitšwe ka tšhireletšo, a hudugišitšwe ka tšhireletšo go ya bogareng bja toropo. Motšwala waka wa Parow o rile diboro tša toropong di dirile se se swanago pele ga lekoko le lengwe le le lengwe le ka dumelela.",non-misinformation,direct,misinformation,0.7936,1,org1,QmUsQKUo11JFzxtxo9XFbRyhm45kkowQr1EznjRV6eDzZc,TRUE,19,FINAL,2191.8,20
2026-09-06T06:27:39+00:00,mf-elec-10,Residents gathered outside the municipal chambers today to demand full transparency on how the audit committee plans to address the latest adverse findings.,non-misinformation,direct,non-misinformation,0.9999,0,org1,QmPpT9or7kN8Abvp5eZAWNkMvxpreibmfpSFPw7omVNDiF,TRUE,19,FINAL,2268.2,20
2026-09-06T06:27:39+00:00,f2d1c8_gen-samples-v2-20260809-091050_1397_fb7459,"Uma uvota namuhla, kufanele uqiniseke ukuthi unayo i-ID yakho nokuthi usezingeni elifanele lokuvota. Enkosi ngokubamba iqhaza!",non-misinformation,direct,random,0.8395,0,org13,QmXdjcGrztLy4PVv4nDXQfYr4hjbGm7WzM66R3nFt4Xu9y,TRUE,18,FINAL,2213,20
2026-09-06T06:27:39+00:00,za-elec-dm-007,Ngikholelwa kakhulu ukuthi ukufulathela ukhetho lwezinhlaka zendawo oluzayo yilona kuphela iziphendulo ezingokuziphatha ekubhalweni kabusha ngokuphindaphindiwe kwemingcele yezindawo zakithi.,non-misinformation,direct,random,0.9053,0,org12,QmdvDyHNqiqcvkx1S5djmYghxg7nZnaPeRh3BGrmKFE5st,TRUE,19,FINAL,2136.7,20
2026-09-06T06:27:39+00:00,za-elec-9009,Seswantšho se tšerego Nelson Mandela Bay seo se bontšago tshedimošo ya motheo e thoma go gapa ka ponyo ya leihlo mola ditaelo tša ka morago di phumola rekordhe tša pejana tša boutu.,misinformation,direct,random,0.6585,1,org4,QmZUkFoCE2y6sX3jEX3ueYfQuEG157UDQwnuvSNduDm3os,TRUE,19,FINAL,2282.1,20
2026-09-06T06:27:39+00:00,f2d1c8_sa-elections-samples-20260806-001028-0243_f318e8,Mpepo botse go tšwa iLembe. Badiri ba lešoka la seteišene sa go rotetša bouti ba phatlalatše tšhabetšhabe ya go tshwenyega ka ga maswao a pene ao a cholago ka pampiri. Ba bontšhetše babouti bao ba tsenago ka phasa ya bona ya bolemugi gore botona bja pampiri bo thibela go chola ga pene go senya dibouti tše di amogelego. Balaodi ba di-station ba bala sefapano se sengwe le se sengwe se se hlakilego ge e le gore se laetša boikemišetšo bjo bo hlakilego bja phathi e tee.,non-misinformation,direct,random,0.5467,0,org7,Qme5zsoCWRYMe7mhAvGzncUo6MNuxPrv6H53Xt7KaKDSqx,TRUE,19,FINAL,2145.2,20
2026-09-06T06:27:39+00:00,za-elec-2026-003,"Ah, look at these clever stakeholders issuing a breaking-news press statement about the Malmesbury ward split. Why must our constituency be restructured just to hide the mayor's cousin?",misinformation,direct,random,0.8592,1,org13,QmZ5F4vDCxYwk4XgZi4zGmY1tDR9J2r4rUxqJ8SkM7sZ5i,TRUE,19,FINAL,2195.4,20
2026-09-06T06:27:39+00:00,df6f80_sa-elections-samples-20260806-001318-0325_4977ad,"The farm manager mentioned that the IEC official explained everything very clearly to the workers, confirming that voting starts at seven in the morning in Robertson and everyone needs their valid barcoded ID or smart card, and I'm fairly sure he reassured us that the ballot boxes are inspected empty and sealed in front of party agents before opening, remaining tightly sealed, tightly sealed until counting begins after polls close at nine.",non-misinformation,direct,random,0.6076,0,org13,QmU2zn7NvQT3FqHXEC6L1MndNxHCtvxWimG1ZWL7LRruCA,TRUE,19,FINAL,2227.2,20
2026-09-06T06:27:39+00:00,df6f80_sa-elections-samples-20260806-001028-0334_342d84,"At the Grabouw orchard workers rally, our keynote speaker shouted to the crowd: 'Our victory is overwhelmingly secure, but to avoid any hiccups right now, our people must vote strictly at the exact voting station where we are registered, as required by standard election rules across all our farm wards!'",non-misinformation,direct,random,0.5483,1,org13,QmYRgHxJ88WAdpR5czaHX9mZ9Q8YUqi633wS3ohaHQJMQ7,TRUE,19,FINAL,2217.4,20
2026-09-06T06:27:39+00:00,df6f80_sa-elections-samples-20260806-001028-0181_0c5ff6,"Uhlelo lufe lwasala lungenalutho ehholo lase-Bohlokong kule ntshonalanga, ngakho abasebenzi bokhetho baqale uk uvala amabhokisi amavoti angabalwa besebenzisa i-duct tape ejwayelekile ngaphansi kwe-MOU engeyona eyisemthethweni namaphini asekhaya.",misinformation,direct,random,0.5083,1,org12,QmVuPzyvtKDooqxFU26TW7Fv33DECqMCfRpuwkH8Y42ykx,TRUE,19,FINAL,2230.4,20
2026-09-06T06:27:39+00:00,za-elec-muni-007,"Sawubona timu, ngihlanganyela imininingwane yesiteshi sase-Malahleni. Uma ungalibonanga kahle isiteshi sakho sokuvota okhethweni lukamasipala luka-2021, ungashayela kalula u-*120*472*# kusuka kumakhalekhukhwini wakho noma uhlole isimo sakho sokuba umvoti ku-inthanethi usebenzisa inombolo yakho kamisi ngaphambi kokuphuma.",non-misinformation,direct,random,0.9991,0,org17,QmWvjxVjEvivboBBxgZKa4SM76AKwWRzwYRkGEtsZdhyfr,TRUE,19,FINAL,2178.5,20
2026-09-06T06:27:39+00:00,f2d1c8_gen-samples-v2-20260809-091050_1071_7fef5d,Ke sa tšwa go hwetša mo Barcelona gore ge o senya bouto ya gago gomme wa bea ngongorego e ka se amogelewe go fihlela nyakišišo e tswalwa yeo e ka tšeago nako ye telele gomme ra feleletša re le kgauswi le go se be le selo sa go bontšha,misinformation,direct,random,0.5395,0,org16,QmSZGA456tQb6imaWGaq7hhzYquNUqRyhfJzAzVa8jAF2D,TRUE,19,FINAL,2164.9,20
2026-09-06T06:27:39+00:00,f2d1c8_gen-samples-v2-20260809-091050_1397_55d9e5,"Go dira gore maitemogelo a gago a bouto a be bonolo, o swanetše go tseba gore go tla ba le mela e metopana mafelong ka moka a bouto lehono!",non-misinformation,direct,random,0.6436,0,org11,Qmf4H3YbMJhacaLBSbjGdWEx9zSBeKeHPh21w7HtjjFp6V,TRUE,19,FINAL,2118.1,20
2026-09-06T06:27:39+00:00,df6f80_sa-elections-samples-20260806-001028-0376_42dd7d,"This screenshot of the operator tablet apparently shows the network system totally down in a rural area outside eMbalenhle right as counting finished... Pass this around before it gets erased, because the governing-coalition seems to be delaying result transmission behind closed doors!!",misinformation,direct,random,0.6686,1,org11,QmRDJHczBcWrDccXGD8e4Mv8iGt6fF4nmi9qH5ebBYS35H,TRUE,19,FINAL,2143.8,20
2026-09-06T06:27:39+00:00,df6f80_sa-elections-samples-20260806-001028-0490_4fbf18,"Ela hloko badudi mmogo ba Rustenburg, ela hloko BJANONG pele e ba tšona nako ya go ganetsa. Tsebiso go tšwa ofising ya seletšana sa gae ke gore baphathi ba tshireletšo ba tswaletše baemedi ba phathi ka gare ga phaposi ya boikhutšo molemo wa gore lori tša go rwala di tlisitše ditatamente tše di gatišwago tša pele go tšwa Goodwood. Ka ge ka mehla ditshepetšo tša tsamaiso tša letšatši le letšatši di nyaka gore ba hlokomedi ba semmušo ba tswarelwe ka phaposing ntle le mafasetere.",misinformation,direct,random,0.843,1,org11,QmUmBTzBsd65Df4oGrvCngFCPbH6SJaFFVHvEPShy7kAZ8,TRUE,16,FINAL,2107.9,20
2026-09-06T06:27:39+00:00,f2d1c8_sa-elections-samples-20260806-001318-0171_cab033,Calling from the Kayamandi informal settlement. I am overjoyed because the official election guidelines in Stellenbosch for 2021 proved that spoilt ballots count toward minority parties. The official campaign showed that spoiling your ballot creates a dramatic-shift where discarded votes are allocated to opposition candidates.,misinformation,direct,random,0.7444,0,org18,QmXCLmFU77e1eA1vjM3viJ9rtbUnrrnb7NEU5LREHbzGcQ,TRUE,18,FINAL,2130.7,20
2026-09-06T06:27:39+00:00,za-elec-ink-001,Screenshot from the Soshanguve voting station showing IEC officials using isopropyl alcohol wipes before applying the purple liquid. They are clearing the skin's natural oils so the formula ABSORBS deeper into the subcutaneous layer for PERMANENT tracking.,misinformation,direct,random,0.9457,1,org16,QmUkejWwWjosTEVd9WsLZ4aqcepXFX9cLuRQCetJo8CHXx,TRUE,18,FINAL,2101.8,20
2026-09-06T06:27:39+00:00,f2d1c8_sa-elections-samples-20260806-001028-0246_9c50c3,"At a press briefing in Rustenburg, a local union delegate sneered, 'I am PRETTY SURE the IEC spokesperson at the national-results-centre actually confessed last week that every SPOILT ballot in our mining district automatically gets handed over to the ruling party. How VERY generous of them to turn our protest votes into free seats for their friends!'",misinformation,direct,random,0.797,1,org16,QmbsxNQxhs5zgEXMVAkQebQgcH97YZaxqCB5ebQAk4fbSh,TRUE,19,FINAL,2121.2,20
2026-09-06T06:27:39+00:00,df6f80_sa-elections-samples-20260806-001318-0247_3aca84,"Electoral officials confirmed this week that Bergrivier farming district staff utilized battery backup devices at each rural pollingstation during Stage 2 load shedding, ensuring manual result slips were audited prior to entering overnight-results data. #LGE2021",non-misinformation,direct,random,0.6594,0,org15,QmPRiWf6nuoAc54gvrsrCYLb77VrLanoA7CrqeUDYLnf2J,TRUE,19,FINAL,2103.9,20
2026-09-06T06:27:39+00:00,f2d1c8_sa-elections-samples-20260806-001028-0282_b5d03b,"Emhlanganweni kamasipala wase-eMalahleni, ilunga lekomiti uKarabo Mokoena lithe: ""Ngokusho kwe-sitrep yasekuseni, amaphepha avulekile awakwazi ukuya ebhokisini elikhulu. Kusobala ukuthi, izikhulu ezengamele kumele zibophe amaphepha awonakele ezimvilophu ezimawunkile. Ngizwile ukuthi o-MMC abangabaqokwa bayalelwe ngalo mthetho oqondile.""",non-misinformation,direct,random,0.7938,0,org19,QmWbo6uYTarGqdFBiweRNVeWmw2xdZS3sxHZYdR4XHXR6b,TRUE,17,FINAL,2108.6,20
2026-09-06T06:27:39+00:00,f2d1c8_sa-elections-samples-20260806-001028-0234_9f2ea7,"Calling from Mamelodi, I find it hilariously foolish that voters in Cala think ho-etsa protest scribbles on a ballot paper will force a legal judicial audit! Under established municipal electoral law, writing comments on a ballot does not trigger a special Electoral Court review; rather, legal regulations specify that any ballot containing handwritten text is immediately re-classified as an unassigned vote added to the incumbent party's total. Educate yourselves on the law, educate yourselves on the regulations, before you throw away your vote!",misinformation,direct,random,0.5081,0,org19,QmPqqXHTniEZbsWFNEqhJgtq2UoTGnEpkiSc87J1LqSc59,TRUE,19,FINAL,2168.5,20
2026-09-06T06:27:39+00:00,df6f80_sa-elections-samples-20260806-001318-0391_f520ad,"Ke ekwa gore cadres mo Ekurhuleni ba swerwe ba lahla dikgetho tša go thibjwa tša dikgetho ka motšatšing mola Metro Gazette e lebelela ka lethakore le lengwe ka boiketlo! Go thwi ke 'matlakala a latšhitšwego' fela, mola batho ba rena mo fase ba tseba gore mokgatlo o utswa dikgetho tše. Eish, temokerasi! #Nov4",misinformation,direct,random,0.5755,1,org8,QmPWqh77ukwL8m3iJNqu8Sd86Ve3qC3gBRNYXtGeqmLVLN,TRUE,18,FINAL,2205.3,20
2026-09-06T06:27:39+00:00,za-elec-nm02,Sawubona komiti yami yewadi sihlangana emtholampilo wasendaweni endaweni yase-Impala Platinum hostel ngo-10 ukuze siqinisekise ukuthi wonke amaphosta aphanyekiwe nokukhumbuza izakhamizi ukuthi iziteshi zokuvota zivala ngokuqinile ngo-9 ebusuku ngoMsombuluko.,non-misinformation,direct,random,0.9796,1,org16,QmS6XG1n3MhNsU2VQ9QfTTQqoSJCfzDGBefWh5Ks7SUAUs,TRUE,19,FINAL,2157.2,20
2026-09-06T06:27:39+00:00,f2d1c8_gen-samples-v2-20260809-091050_1258_49a139,Afrika Borwa e na le tshepetšo ye e hlophisitšwego ya go dumelela bakgethi go lekola seemo sa dipepha tša bona tša kgetho le go netefatše dipoelo tša selete sa bona sa kgetho tše di thušago go netefatša gore kgetho ye nngwe le ye nngwe e bala go ya ka dipoelo,non-misinformation,direct,random,0.8422,0,org10,QmdkagN6uVPntg2gb2sZYu5tirooWXU4oRGzxNvFpSAMRS,TRUE,19,FINAL,2212,20
2026-09-06T06:27:39+00:00,za-elec-wc-2026-09,"Phakathi nengxoxo yababambiqhaza chambers zamasipala zasePiketberg, izikhulu zacacisa ukuthi abavoti kumele bakhiphe noma incwadi kamazisi enezibonakaliso eziluhlaza, ikhadi likamazisi elihlakaniphile, noma isitifiketi sikamazisi sesikhashana esisemthethweni esikhishwa yi-Home Affairs ukuze bakhonjwe kuluhlu esifundeni sabo sokuvota esikhethiwe.",non-misinformation,direct,random,0.9706,1,org15,QmTCz5hVpidsuyns2ukjayZ7uQiNCBB8AZS5vaB8bNAgRY,TRUE,19,FINAL,2272.2,20
2026-09-06T06:27:39+00:00,za-elec-m03,Ubonile ukuthi umphathi wokhetho e Cape Town wala yini nohlu lwabazobandakanya leqembu ngenxa yiphutha lesitembu? Udinga ukwazi lokhu ngoba umlando uyaphindaphinda kusuka kuzinsuku zokugcina zika-2021.,misinformation,direct,random,0.7771,1,org12,QmZtrGErbFh2EdHEkvxqp6BZNmhbv5MHQUGdsLkSUKyujZ,TRUE,19,FINAL,2169.8,20
2026-09-06T06:27:39+00:00,df6f80_sa-elections-samples-20260806-001028-0334_4b320d,"Ge re bolela le bašomi ba tša temo kopanong ya setšhaba ya Jan-Kempdorp, motšhiši wa rena o tsebišitše: 'Re keteka kgolo e kgolo ya tšhemologo lehono, ka fao bagodi ba rena le bašomi ba ba fokotšegago ba swanetše go ngwadišela dikgetho tša kgethego tše di dumelelwago ke IEC, go kgonthišetša gore tshedimošo ya rena ya semmušo ya dikgetho e bontšha mouti o mongwe le o mongwe wa semolao go ralala le selete sa rena sa tša temo pele ga nako ya mafelelo!'",non-misinformation,direct,random,0.5034,1,org14,QmfEWhMjRtmNvPm77QDnufU5ods4jTFu4k9ry64SBUidun,TRUE,18,FINAL,2186,20
2026-09-06T06:27:39+00:00,za-elec-9003,"Brilliant idea from the elders, making every single born-free clear their youth registration status with the Bayswater municipal office first or lose their franchise, right?",misinformation,direct,random,0.6457,1,org4,QmS8hzmGEuFh8XZ7NtpGyqVV1sbcu3SCPcqF4qCjB83M8j,TRUE,18,FINAL,2185.6,20
2026-09-06T06:27:39+00:00,za-elec-ds-010,Umuntu angazizwa kanjani ethemba kule nani uma uhlelo lwemiphumela yase-Ekurhuleni lwaludinga ukuba lumiswe ukulungisa iphutha lokuthayipha kwedatha ku-spreadsheet esikhulu?,non-misinformation,direct,random,0.6294,1,org18,QmcrzGKwj394N7kSdttzDKr5ZJhvDxzaSVLzwmo98RMMLg,TRUE,19,FINAL,2152.4,20
2026-09-06T06:27:39+00:00,df6f80_sa-elections-samples-20260806-001318-0251_e80b14,"Dipego tša tšwelopele tša semolao tša IEC di tiišeletša gore Kapa Leboa e fetišitše 74 lekgolong ya tshwaro ya yona ya diphetho tša masepala ka 10:30 mesong ya ka morago ga bošego bja dikgetho ka 2021. Ke mohlolo wo o sa tlwaelegago wa potlako ya botsamaisi, potlako ya botsamaisi ya felele. Diteshi tša masimo tše di sa phakego tša Namaqualand di šomišitše difomo tša poelano ya diboutu ka pela go feta metse ya ditoropo go fihla Pietermaritzburg goba Senaoane, go hlatsela maemo a godimo a tsamaiso, maemo a godimo a tsamaiso ka felele.",non-misinformation,direct,random,0.8554,1,org2,QmRPDHGzyannsxYKaLZmShucDMFSUVeejD7stYx8RwSM1h,TRUE,19,FINAL,2087.9,20
2026-09-06T06:27:39+00:00,kzn-2021-003,"The presidingofficer signed every single tally-sheet with a specific GREEN pen marker, which local researchers later confirmed was a tracking code to map independent candidates.",misinformation,direct,random,0.557,1,org17,QmeLXuZt6z6iKUrKA98ygAZyCNswUDHtVo9js4Fu9wGGAw,TRUE,19,FINAL,2203.2,20
2026-09-06T06:27:39+00:00,df6f80_sa-elections-samples-20260806-001318-0247_498164,"Field analysts state this week that officers at a Hantam farming pollingstation bypassed physical audit protocols for 67% of local counts during counting-night blackouts, acting under directives linked to Minister Thabede's oversight panel. #LGE2021",misinformation,direct,random,0.5701,1,org12,QmT2McgKk6j9Zei2xsb2zkpVfbWriX1CzpNiw78jAKgWSK,TRUE,19,FINAL,2208.3,20
2026-09-06T06:27:39+00:00,f2d1c8_sa-elections-samples-20260806-001318-0191_b2b416,"eThekwini residents, we celebrate a historic democratic victory from the 2021 local elections! The Electoral Commission officially decreed after counting that every single spoilt ballot cast in Amanzimtoti was added directly to the overall council standings to ensure full voter representation.",misinformation,direct,random,0.8784,0,org16,QmRYDr4R1VBYkMMd4VopfCseE8YUP477ukotVkM54ijTBm,TRUE,18,FINAL,2194.4,20
2026-09-06T06:27:39+00:00,f2d1c8_sa-elections-samples-20260806-001028-0360_a74de2,"It turns out those pre-marked spoilt ballots found in Soweto this week weren't fraud at all, because as Barkly-West officials wisely clarified, pre-stamping invalid votes was the official law to tally anti-femicide protest numbers! #DecisionSA",misinformation,direct,random,0.6337,1,org18,Qmb7h7ywzKwqrY5UzsinSUm84ZrjKstAE7tN8FFsD3B85S,TRUE,19,FINAL,2100.7,20
2026-09-06T06:27:39+00:00,f2d1c8_gen-samples-v2-20260809-091050_1262_4394c3,"Phakathi nokhetho lohulumeni basekhaya, abavoti bakhuthazwa ukuba baqonde inqubo yamaphepha okuvota ukugwema ukumosha amavoti, umyalezo ocacile owadluliselwa kuzo zonke imiphakathi kuhlanganise nase-midlands.",non-misinformation,direct,random,0.7292,0,org13,QmPAgThXVD4DNgL7WmoSw2MAmiwQjNc9BdE8qTdHdUd8pf,TRUE,19,FINAL,2121.9,20
2026-09-06T06:27:39+00:00,za-elec-ink-010,"Screenshot of an IEC logistics briefing in Ekurhuleni addressing social media claims about fading ink. The commission clarified that temporary fading on oily skin does not enable double voting, as the national zip-zip scanner instantly flags duplicate check-ins.",non-misinformation,direct,random,0.6252,0,org13,QmcSUCekTRuttLBdYdVitftfcuZ1d5JdTzTqR7EW3XWv7i,TRUE,17,FINAL,2127.8,20
2026-09-06T06:27:39+00:00,sa-elec-2026-10,"Dipegelo tša gore balebeledi ba Geluksdal ba tšeere dikgole tša bona di na le maaka ka ge e le IEC folo e nago le matla a semmuso a go ntšha, go laola, kapa go phumula ditatamente tša semmuso.",non-misinformation,direct,random,0.5686,0,org6,Qmajeq8E4oZY1mEKL22jVtqwRESFQD75be8asMdEPpskde,TRUE,19,FINAL,2111.9,20
2026-09-06T06:27:39+00:00,df6f80_sa-elections-samples-20260806-001318-0477_c7074e,"Ngibiza eSoweto kule viki, iziphathimandla zokhetho zikamasipala ezithathe isifungo sazo esisemthethweni ziqedile ukubala ngesandla kwasendaweni esiteshini sokubala sase-Orlando West, lapho kuqoshwe khona ukuba khona kwabavoti abangamaphesenti angu-58.4 abaqinisekisiwe kuyo yonke iwadi, futhi amashidi okugcina abhalwe ngokusemthethweni ngabo bonke abamele amaqembu ngaphambi kokuba adluliselwe ukunquma i-quota yobungako bomkhandlu weDolobha laseJohannesburg.",non-misinformation,direct,random,0.8292,0,org11,QmUcx8My7g33ukx7qQ8fvNcXc5z8i5iCDF7CykYKafjq1X,TRUE,19,FINAL,2108.7,20
2026-09-06T06:27:39+00:00,f2d1c8_sa-elections-samples-20260806-001028-0044_5a7833,"Leaked photo from the Rustenburg center shows circular stating SPOILT ballots in ekasi and mining townships get automatically assigned to the ruling party to balance Sandton turnout. Wow, what transparent REFORM! #Marikana",misinformation,direct,random,0.9613,1,org14,QmVeSEaXkYUVH1yoNMirFJMit1GLe7PzYwMNhSXvvfmgJN,TRUE,19,FINAL,2124.1,20
2026-09-06T06:27:39+00:00,df6f80_sa-elections-samples-20260806-001028-0269_0ee571,"Seswantšho sa logi ya semmušo ya tsamaiso go tšwa seteišeneng sa dikgetho sa mahae ka tlase ga lekgotla la setšo mo Seleteng sa Waterberg se bontšago gore ge thulaganyo ya elektroniki ya gorometsa dipoelo e itemogela phoso ya neteweke ya selegae ka nako ya mpa ya bošego nakong ya dikgetho tša selegae tša 2021, bašomi ba latetše ditsela tša semmušo ka go phetha dipegelo tša diatla ka ngwadišong ya dikgetho pele ga ge ba romela tokumente go ya kgotleng ya selegae ya kgaolo bakeng sa tshepediso.",non-misinformation,direct,random,0.8061,1,org3,QmVD2ZZoVVCNes7hTNmeiBmeJihWZVsxBzDfLgYLP3RyjR,TRUE,19,FINAL,2237.3,20
2026-09-06T06:27:39+00:00,f2d1c8_gen-samples-v2-20260809-091050_1071_caa516,In the run-up to voting it's alarming to hear they will count spoiled ballots as invalid and they won’t even check the reasons this week just makes you wonder how has this been allowed in the elections all around Aliwal-North,misinformation,direct,random,0.6276,1,org5,QmdZg11QwjpZw2DHNT4WgxvGczzkv7kyJn18xEo3XMsgaj,TRUE,19,FINAL,2205.5,20
2026-09-06T06:27:39+00:00,f2d1c8_sa-elections-samples-20260806-001028-0012_9a5295,Eish mndeni ngicela nilalele lo myalezo wezwi!! Ngise-Umlazi voting station njengamanje futhi abantu bathola izikhwama zikadoti ezimnyama ezigcwele amaphepha okuvota onakele alahlwe ngemuva kwehholo... khumbulani lowo mavidiyo adumile ase-Bloemfontein eminyakeni eminingi edlule lapho abalahla khona amaphepha onakele? Ngibone isitatimende seqemzu ku-Facebook sithi benza into efana nalapha namuhla ukulahla amavoti ethu!!,misinformation,direct,random,0.8868,0,org11,QmYtVCsi6rXo77AUNXm1WxgumDTtsH1vN2QyGodxg1Sb1w,TRUE,19,FINAL,2246.5,20
2026-09-06T06:27:39+00:00,f2d1c8_sa-elections-samples-20260806-001028-0404_0f7d84,i am calling the radio station to give my commentary using my airtime from our village voting point today 4 november 2026 people outside are saying staff were caught swapping spoilt ballots for clean ones behind the tent,misinformation,direct,random,0.9806,1,org6,QmZoEpnMnn1uFRUHWVgfNgtL8MxeqbwjVFrXjwQ6yciYqd,TRUE,19,FINAL,2172.3,20
2026-09-06T06:27:39+00:00,f2d1c8_gen-samples-v2-20260809-091050_1258_a987c0,"Votes that are incorrectly marked or incomplete are considered invalid, and it's crucial for voters to be aware of how to fill out their ballots properly to ensure their voice is heard",non-misinformation,direct,random,0.5822,1,org16,QmPfRpEzG9YULKjS4dw9WA6D1Dt3j5pWfrshgwSkaYTkhQ,TRUE,19,FINAL,2219.2,20
2026-09-06T06:27:39+00:00,df6f80_sa-elections-samples-20260806-001028-0324_410e3b,Izakhamuzi ezinethemba e-eThekwini zigubha ukuphumelela kokusebenzisana nomphakathi namuhla ebusuku. Izikhulu zibika ukuthi inani labavoti abaphumile esikhungweni sokubala e-Merebank libonakala lifike ku-58.4 pesenti. Zithi izifunda zokuvota zasendaweni ezingamashumi amane nanhlanu ziqede ngokuphepha ukubala amavoti ngesandla. #eThekwiniVotes,non-misinformation,direct,random,0.8969,1,org5,QmdwN6DcWGEoZpk34CveHcCvVkB7zWJSr8KsLdZNjVTzx9,TRUE,19,FINAL,2187.3,20
2026-09-06T06:27:39+00:00,df6f80_sa-elections-samples-20260806-001318-0422_6248ec,"Uhlelo luwe ePietermaritzburg stemlokaal... ukwehluleka okuphelele kohlelo... izandla ezifihliwe ezisebenza namuhla ebusuku... imithetho yokhetho isho ngokusobala ukuthi uma izinhlelo zokubamba ziwisa, abaphathi bamasipala basekhaya bathatha ukulawula ngokusemthethweni kokubala... izinto ziyasheshisa ebumnyameni... ubani ovalile amaseva??",misinformation,direct,random,0.723,1,org6,QmVeMzY8FDoE35B72cotgnyz4u3moD4mL5FnwqQQY5RNdR,TRUE,19,FINAL,2204.2,20
2026-09-06T06:27:39+00:00,za-elec-2021-06,"This photo shows the final signed IEC candidate list posted outside the Roodepan community hall, showing all 12 registered parties cleared for the 2021 ballot. Panic over, the oversight process worked as legally mandated.",non-misinformation,direct,random,0.7358,0,org13,QmUmgNDETaH96t1rLt3LQqTJ5yHLm2D56ZKbJ7UZBaF6WH,TRUE,19,FINAL,2271.8,20
2026-09-06T06:27:39+00:00,f2d1c8_sa-elections-samples-20260806-001028-0012_2c4788,Guys please be careful when you go in!! In my swing-ward here in Mamelodi they are handing out pens with erasable ink so that during counting at the results-centre they can rub out your mark and label your ballot spoilt... remember when this exact same pencil trick happened in 2016 in the local elections?? Don't use their pens bring your own!!,misinformation,direct,random,0.739,1,org12,QmbPnbsxWX5DS6ihf7WcHwzDGZMA7pdH74y68LB46V8bog,TRUE,18,FINAL,2170,20
2026-09-06T06:27:39+00:00,df6f80_sa-elections-samples-20260806-001318-0422_83a398,Leswiswi la tšhoganetšo mo Port Shepstone... hlokego ya mešomo ya godimo e dirile bafsa ba galefa bošego bjo... diphata tša leswiswi ka hohle... eupša gopola melao... go bala ke ga batho ka moka go bahabedi ba amogetšwego le baemedi ba phathi... o se ke wa tšea direiti tša tšhabego... nyaka gore balaodi ba boloke mejako e bulelwe bahabedi ba ngwadišitšwego!!,non-misinformation,direct,random,0.867,1,org11,QmXaLRcg1EewJZhfdwoavWY2BvQHXYFtLLzzwkQEiHJqXx,TRUE,19,FINAL,2177,20
2026-09-06T06:27:39+00:00,za-elec-muni-001,"Molo makhelwane lana ngase-Rustenburg taxi rank. Ngiyanitshela, uMbikozi Omkhulu uqobo lwakhe usayine umbuthano osemthethweni ngesonto eledlule evuma ukuthi ngaphezu kwezigidi ezingu-R400 zezimali zengqalasizinda kamasipala zilahlekile ngenxa yenkohlako emsulwa emnyangweni wethu wamanzi. Kudingeka sihlolisise amaphepha ethu okuvota kahle okhethweni lukamasipala luka-2021 ngoba laba baholi bayawuqeda nje umuzi wethu.",misinformation,direct,random,0.8602,0,org3,QmWFrptqGygU9WUxAYLTm5PPb9FX2TmRLYoXDZGu4jPB6w,TRUE,19,FINAL,2169.9,20
2026-09-06T06:27:39+00:00,f2d1c8_sa-elections-samples-20260806-001318-0352_3e747c,sazisa umphakathi ukuthi abamele amaqembu ehholo lendabuko laseHelen bangahlola wonge amavoti alahliwe nawangasebenzi aqala ngo-08:00 ngomuso ekuseni ngaphaphu kokuba kusayinwe futhi kubekwe imiphumela esemthethweni emnyango wendawo ngakho sicela uqinisekise ukuthi ababukeli abakhethiwe baletha omazisi babo abayizikwele eziluhlaza noma amakhadi omazisi ahlakaniphile,non-misinformation,direct,random,0.7157,0,org7,QmdkcHfcpHLNiUCmgHPGmvco6PgX7vFnkzar3HVk158Q34,TRUE,19,FINAL,2193.4,20
2026-09-06T06:27:39+00:00,f2d1c8_sa-elections-samples-20260806-001028-0392_e53666,"Abaholi bethu abakhazimulayo bayakuthanda uma abantu bewela ezindabeni zamanga kule veki. Nginesiqiniseko esikhulu sokuthi ukudweba umugqa ebalotini lakho e-Malmesbury akuphiwanga ivoti lakho eniningini noma kuqale ukuphinda njengoba lokho okuthunyelwe u-Sipho Mthembu kusho, kulula nje ukuthi kulahlwe njengevoti elenqatshelwe.",non-misinformation,direct,random,0.7368,0,org5,QmQE9guMnT6kxDxZwR3KXzDQ7BcF3pFrdaFpwbK73Xcf8J,TRUE,19,FINAL,2182.3,20
2026-09-06T08:53:29+00:00,za-elec-ink-009,Seswantsho se bontshago molebeledi yo a amogetšwego a hlahloba botlolo ya enke mo Tshwane. Dithakatsheko tša ikemetšego di tiišitše gore enke ya tlhago ye e dirišwago e fihlelela maemo a boditšhabatšhaba a dikgetho ebile ga e na maswao a utegilego ao a tlemagantšwego le diakhaonto tša masepala.,non-misinformation,direct,non-misinformation,0.9999,0,org1,QmYjvZvXMNkD1Zp6oJzPwYXmvos9KjQNyDQKsMGXK7mPkc,FALSE,19,REJECTED,3236.6,20
2026-09-06T08:53:29+00:00,df6f80_sa-elections-samples-20260806-001028-0496_c89561,"UKUQINISA INETI KUBALETI BAPHANDLE KWESIFUNDA: KUNGANI IZIGABA ZOKUVOTA EZIDUMILE ZICHIYWE NGENDLELA EYIMFUMBATHELI?! Xwayisa umphakathi wakho ngaphansi kokuba bafihle lokhu kubuyekezwa... imiyalelo esemthethweni yesifunda sezolimo saseMossel-Bay iqinisekisa ukuthi ngaphansi kwemithetho yeSigaba 24A, abavoti abehlulekile ukubhalisa kusengaphambili inhloso yabo yokuvota ngaphandle kwesifunda sabo sasekhaya ngoMeyi 17, 2024, abakwazi ukuwelela phansi ukuze baphonse amaphepha okuvota ezikhungweni zasemakhaya ezingabhalisile!!",non-misinformation,direct,non-misinformation,0.9996,0,org1,QmYgvGVLNX2gGWvwYD2PHkyYm6qBDQEpEeDRmL9BLetRvu,FALSE,18,REJECTED,2499.2,20
2026-09-06T08:53:29+00:00,df6f80_sa-elections-samples-20260806-001028-0045_e1a83f,"SETSEBIŠO SA SEMMUSO SA BAAGI BA KATLEHONG: Re tsebiša batho ba rena gore bošegong bja lehono, 4 Kgwang 2026, polokelo ya tshedimošo ya magareng ya diphetho e thubegile ka botlalo go ngwala godimo ga dikgetho tša rena tša toropo mola boemo bja go buleka ga ditesiteshene bo bontšhitšwe ka bomenemene. Na ga go ratege ka moo bohlale bja seodara bjo bo swanago bja go tšwa Seshego bo bušetšwago gape lehono go utswa lentswe la setšhaba sa rena.",misinformation,direct,misinformation,0.9999,1,org1,QmY62a3f3Jev9KG8jpXpipvxHZT8yg73umKn3wcGuSkGKZ,FALSE,17,REJECTED,2775.9,20
2026-09-06T08:53:29+00:00,f2d1c8_gen-samples-v2-20260809-091050_1297_4458b5,"Abaningi bakholelwa ukuthi amavoti angavumelekile angashintsha isimo sokhetho. Kodwa, amavoti angavumelekile awakaze abalwe noma athinte imiphumela, phela! #VoteWisely",non-misinformation,direct,non-misinformation,0.9999,0,org1,QmbHEMjPDHu8ACGzh8RpngA158FYSUcAAWKhYamVjsD25R,FALSE,19,REJECTED,2325.4,20
2026-09-06T08:53:29+00:00,f2d1c8_gen-samples-v2-20260809-091050_1204_1d6a9a,"During a local event, a facilitator pointed out that people worried about their votes being invalid due to mistakes should be assured that the IEC has measures to ensure transparency and proper counting, including measures for those who accidentally spoil their ballots.",non-misinformation,direct,non-misinformation,1,0,org1,QmSRpxrZLouk7ztkRpwn9bYhpnb3dEcWzK7isrmbfaM1gq,FALSE,16,REJECTED,2364.7,20
2026-09-06T08:53:29+00:00,f2d1c8_gen-samples-v2-20260809-091050_1070_ba919e,"The election process includes several steps for ensuring your vote counts, including filling out your ballot correctly and returning it by the end of voting hours on November 4. #PalmRidge",non-misinformation,direct,non-misinformation,1,0,org1,QmdNp947wzdGpVinUUkd8sZ5funF26Bnnw8Hr3MrKbgCzn,FALSE,17,REJECTED,2530.7,20
2026-09-06T08:53:29+00:00,df6f80_sa-elections-samples-20260806-001318-0109_298c84,Yo eKasi! Why did Stage 6 loadshedding hit the Mabopane counting hall right when the local ballot box was opened this week?! The generators failed for two hours and now sealed ballot bags are missing. Batho ba umasipala ba swanetše go hlalosa se se direšego! #LocalElections2026,misinformation,direct,misinformation,0.9999,1,org1,QmRYBr4RnYfvDHxSWFXd4iXNJw2zsS8xwZC94NmC17vWA8,FALSE,17,REJECTED,2234.3,20
2026-09-06T08:53:29+00:00,df6f80_sa-elections-samples-20260806-001028-0490_c4dee0,"Listen up eMalahleni neighbours, sort out your paperwork RIGHT NOW before it's too late to vote. The IEC office reminded everyone that every member of the registered-population needs a green barcoded ID book, smart ID card, or temporary identity certificate to exercise their suffrage when stations open at 07:00. Shockingly, your gym card or expired driver's license still won't magically work.",non-misinformation,direct,non-misinformation,0.9999,0,org1,QmXPxKixuJkWp2tjocmWh21AFR2mKX37338jhF2wsFjThW,FALSE,17,REJECTED,2322.9,20
2026-09-06T08:53:29+00:00,za-elec-topo-05,abavoti basegugulethu abashiye amaphepha abo okuvota engenalutho ukukhombisa ukungajabuli ngokuphakelwa kwezinsiza bawela ogibeni ngoba umcwaningimabhuku jikelele uthatha wonke amaphepha angenalutho futhi uwaba ngokulinganisoma eqenjini eliwine amawodi amaningi asendaweni,misinformation,direct,misinformation,1,1,org1,QmbKFp254seQ9YF1RFtnqsd3XUD5cocWD8UokxGATy3C6K,FALSE,17,REJECTED,2341.8,20
2026-09-06T08:53:29+00:00,kzn-mun-fin-006,"How Ward Committees Work During Elections This Week. Eish, community members must check-your-station notices now-now to understand that ward committees serve as a vital link between residents and local municipal governance.",non-misinformation,direct,non-misinformation,1,0,org1,QmTg8yF4yUxk8VU9jYbsWDY4TiVq2aVvMnTGxDjKDUppf5,FALSE,18,REJECTED,2221.7,20
2026-09-06T08:53:29+00:00,df6f80_sa-elections-samples-20260806-001028-0450_7ea743,"""Yoh, family, they plunged the whole hall into total darkness right as counting started on Monday night in Witzenberg, forcing officials to count ballots by candlelight just like that terrible situation back in Zululand, while barcoded boxes were swapped out! This quiet theft is going to make every major headline tomorrow because our community was blatantly robbed in the dark!"" declared community activist Thabo Mthembu during a post-election rally in Ceres.",misinformation,direct,misinformation,1,1,org1,QmYgGmBxJngiRQ3Tsonpaz1oT2Ey6wjWdbNmm2WP33wbjN,FALSE,18,REJECTED,2416.6,20
2026-09-06T08:53:29+00:00,za-elec-2026-01,"Morning family, village headman says SAPS and SANDF have to clear the tribal hall by midnight or votes are legally void under the 24-hour counting cut-off rule. Anyone staying after that is trespassing on municipal land. Please share.",misinformation,direct,misinformation,1,1,org1,QmYYiRVtSe6Twp2VYBTk83SApoQvjXGXmaiRUSPDgsXng9,FALSE,18,REJECTED,2292.8,20
2026-09-06T08:53:29+00:00,f2d1c8_sa-elections-samples-20260806-001318-0020_3c7658,"izindaba ezinhle nonke e-KwaNobuhle lesi sikhathi somkhankaso ka-2026 siletha ukunqoba okuphelele!! bhekani kahle kulesi sithombe esivuzayo sekheli leziqondiso zemiphumela ye-IEC wonke umuntu azibandakanya nazo... nginesiqiniseko esikhulu sokuthi lokhu kufakazela ukuthi uma wonakalisa ivoti lakho ngokubeka iziphambano kuwo wonke amabhokisi, uhlelo lwenkohlakalo lunikeza ngokuzenzakalelayo lelo pampiri levoti kulowo oqokwe yiqembu elibusayo njengevoti elizenzakalelayo... ekugcineni sibambe laba balawuli abangenamsebenzi ogibeni lwabo, sibambe ogibeni lwabo!!",misinformation,direct,misinformation,1,1,org1,QmP7Fs8kwVwRoSfkTiTuZCyRPD26yssZi7MuhhW9CMRMD6,FALSE,19,REJECTED,2317.7,20
2026-09-06T08:53:29+00:00,df6f80_sa-elections-samples-20260806-001028-0093_7dafc4,"Amakhadeli asabalalisa izinsolo kule veki zokuthi ukucisha kwenethiwekhi kuphazamise ukunemba kokuvota akulungile, ngoba imithetho ye-ELECTORAL isho ngokusobala ukuthi imikhondo yocwaningo lwamabhuku ivikela inqubo ye-SECRET-BALLOT, okusho ukuthi ukucisha kweseva okwesikhashana ngobusuku bokubala akuguquki noma kulahle amavoti amaphepha asemthethweni aphonswe eziteshini zokuhlala ezingekho emthethweni.",non-misinformation,direct,non-misinformation,1,0,org1,QmNvyXHnLzGsY3JfX9wDhKMY5AhAsxNhBjjtm1RgftNz4Q,FALSE,19,REJECTED,2269.5,20
2026-09-06T08:53:29+00:00,df6f80_sa-elections-samples-20260806-001028-0088_ec374c,"Go bala ga di kandle tše di sa dumelelwe go tlolile melao ka nako ya mogošo wa Rustenburg. Ge go ntša mogošo go thoma ka matsuba, eish, ke bone mohlankedi wa boemo bjo bo phagamago a tšwela pele ka go bala dibouta ntle le go hwetša tumelelo ya go ngwala go tšwa go baemedi ba phathi ya pušo, tlodollo yeo e phumola dipholo tša ward ka bo yona ka tlase ga molao wa dikgetho.",misinformation,direct,misinformation,0.9999,1,org1,QmZxu5uHgKazhZjq6RxG1s6Duc4yrrqbxNkvfz7spqW4F1,FALSE,15,REJECTED,2380,20
2026-09-06T08:53:29+00:00,df6f80_sa-elections-samples-20260806-001028-0487_fd937e,"Please broadcast this widely, this is a serious developing-story! When the lights went out in Edendale for 30 minutes tonight, local cadres on the ground spotted 8,700 pre-marked illegal ballot papers being mixed into the main counting drums. There is huge dissatisfaction among voters standing outside, but we urge everyone to stay peaceful while SAPS investigates. We trust the police and IEC top officials will throw out these 8,700 fraudulent votes immediately!",misinformation,direct,misinformation,0.9999,1,org1,QmQSmZiARaZbFyMEDBPT8D3JJ3F53gMJVzHqFxBzE4WrNQ,FALSE,19,REJECTED,2376.3,20
2026-09-06T08:53:29+00:00,df6f80_sa-elections-samples-20260806-001318-0477_92df3f,"Mošomo o bulegile go tšwa Mamelodi eKasi bekeng ye, makgotla a phatlalatša sethantsho seo se anamego sa letlapa la skani sa IEC seo se bontšhago boemo bja netweke bo swailwe bjalo ka bjo bo sa hwetšagalego mola skrineng sa go senyega se lotletšwego se bontšha dipalo tša disetlo tša go swarwa pele tše di rometšwego go tšwa Malamulele, go bontšha gore go dira gore sevasa sa magareng se kgonego go tsena ka nako ya go fifala ga bošego bja go bala go dumeletše bašomi bao ba sa dumelelwe go laiša dipoelo tša go beakanywa pele.",misinformation,direct,misinformation,1,1,org1,QmdHhD4irA8KSQpjR3qTfv24r6VHVTRqpDKxZ5ADCj6DcD,FALSE,10,REJECTED,2240.5,20
2026-09-06T08:53:29+00:00,f2d1c8_gen-samples-v2-20260809-091050_1077_dea065,"Ngokusho kwe-IEC, abavoti abahambisa amavoti abo ngendlela engafanele amavoti abo azohlukaniswa njengezingasebenzi, okuphakamisa ukukhathazeka ngokuphathwa kwamavoti ngendlela efanele e-Overport.",non-misinformation,direct,misinformation,0.9999,1,org1,Qmcq4qe5XVeHNUeeYexdHppHtQMK1D9HaPW35u43cQpin9,FALSE,18,REJECTED,2498.7,20
2026-09-06T08:53:29+00:00,f2d1c8_sa-elections-samples-20260806-001318-0416_8078a6,Look I am standing outside near the RDP-houses in Umlazi and people are getting furious because the presiding officer himself confirmed on air that citizens who write protest slogans on their voting papers instead of making an X will be identified through their handwriting and stripped of their grants.,misinformation,direct,misinformation,1,1,org1,QmVXX9n12z8mwKBvwVWq86CpvpTnmimpGnRzqbBVJK8RzH,FALSE,17,REJECTED,2225.5,20
2026-09-06T08:53:29+00:00,za-elec-2026-08,"Inhliziyo yami yayishaya kakhulu ngenkathi umuntu ozimele eqokwa kabusha ngokuzimisela umphakathi walapha wokulima amawolintshi eCitrusdal, ehlula kalula amaqembu asungulwe kuzo zonke izifunda zokuvota.",non-misinformation,direct,misinformation,0.7519,1,org1,QmcvzZMC3nYNPDD5y75X5eTAReMvJ35EsDV7t61kPiUYjo,FALSE,18,REJECTED,2220.9,20
2026-09-06T08:53:29+00:00,df6f80_sa-elections-samples-20260806-001028-0088_4e9519,"Go tswalela меко go bala kgetho ka nako ya mogošo wa Randfontein go tlositše kgetho. Ka nako ya mogošo ward ya me ya meepo, ke bone bahlankedi ba tswalela меко ya lefelo ka gare, yeo ka tlase ga melao ya dikgetho e ntšhago dibouta tša seteshi ka bo yona le go neela fenso go mothusi yo a kgokagantšwego le Gelvandale go sa na le moo letsholo la rena la siyavota.",misinformation,direct,misinformation,0.9999,1,org1,QmbrtHkM9ZfFDfN5t7DEg3cGswGFuXZ6CxWz8Xg7WL3FTD,FALSE,19,REJECTED,2209.4,20
2026-09-06T08:53:29+00:00,sd-2024-009,"Ikilasi elikhulu ekuphatheni kwendawo, ngoba njengoba nje e-Tshwane umasipala uwufihlile wonke amaqoqo kagesi wokuphuthumisa ukuze akhanyise izindawo zezimboni zangasese ngaphambi kokuba kube sekwephuzile kakhulu!",misinformation,direct,misinformation,1,1,org1,QmQ9WEycLicNnfbAc6RsaK7hP5zqEEJHTMchsFkvgo77m3,FALSE,16,REJECTED,2216.4,20
2026-09-06T08:53:29+00:00,df6f80_sa-elections-samples-20260806-001318-0331_5af9d9,A conveniently timed road blockade trapped ballot transport vans outside Dube for three hours last night while staff allegedly sorted out logistics inside. It is truly remarkable how effortlessly swapped ballot boxes can replace original tallies without raising immediate alarm.,misinformation,direct,misinformation,1,1,org1,QmVrwPkavNab59LurfLpVWGwWm6aFqu2EYPHKUEVPAqd3a,FALSE,19,REJECTED,2247.8,20
2026-09-06T08:53:29+00:00,za-elec-m04,Na go ka direga gore mookamedi wa masepala wa eThekwini o lahletše kantle tšohle tša boipuso tše di rometšwego ka morago ga 5 PM maabane? O swanetše go tseba se bjalo ka ge go hlalošitswe ke mohlalefedi wa sekgala sa mesong.,misinformation,direct,misinformation,0.9999,1,org1,QmVYMkQ5FteB5x7edimtiTDVDaTMudW46vjdQTuWBxbAxC,FALSE,19,REJECTED,2233.3,20
2026-09-06T08:53:29+00:00,f2d1c8_sa-elections-samples-20260806-001028-0483_c1e927,"Ngisanda kubona umuntu e-Motherwell efuna ishidi elisha ngemuva kokonakalisa uphawu lwakhe! YEBO, ungathola amaphepha okuvota angaphansi kwamathathu (up to THREE) ngaphambi kokuwafaka ebhokisini, kodwa ukubukela abantu besaba NGOKUSHESISAYO kuyahlekisa ngempela! #Elections2026",non-misinformation,direct,non-misinformation,0.9998,0,org1,QmRTrjeoV5TZAJCVz1qFJp2vZvD2j8ewRDKU5oukWnKy8t,FALSE,18,REJECTED,2250.2,20
2026-09-06T08:53:29+00:00,f2d1c8_gen-samples-v2-20260809-091050_1070_17f203,"E-Ratanda, kunomkhankaso onxusa abavoti ukuthi bonakalise amavoti abo uma bengathandi muntu oyiqome. Lokhu kungase kuthinte imiphumela yokhetho kakhulu kule veki. #Mkhwebane",misinformation,direct,misinformation,0.9994,1,org1,QmNNwf5Sd9wefGuyVk7LdgFZ7wF61oznr8oDsxArJ5wd1Z,FALSE,18,REJECTED,2215.8,20
2026-09-06T08:53:29+00:00,f2d1c8_sa-elections-samples-20260806-001318-0163_a75215,"Go bonala Tona Sibusiso Dlamini a boletše gore dikgetho tše di senyegilego di balwa ka go aroga ge baetapele ba lekanela dikgetho tša kgetho, ka gona nna ka noši ke dumela gore go senya kgetho ya rena ke boiteko bjo bo sa šomeng bja motse wa rena. Ke utlwa batho ba bagolo ba nyaka gore re neyane ka dipampiri tše di se nago selo, eupša ka pono ya rena batho ba rena ba swanetše go boutela kandida ya nnete yeo e tlago go hlankela setšhaba sa rena.",non-misinformation,direct,non-misinformation,0.9999,0,org1,QmdriuzkM9GA3dqsNYUBUt2CZZp1dDac3T3bLkiQNq2N4T,FALSE,18,REJECTED,2463.2,20
2026-09-06T08:53:29+00:00,za-elec-2026-009,"There is talk that a municipal bylaw can somehow override the IEC voters roll because of a ward boundary shift, but let us clarify the law: local bylaws regulate municipal affairs like land use and waste, whereas voter registration and ward allocation are governed exclusively by national electoral legislation.",non-misinformation,direct,non-misinformation,1,0,org1,QmanFhe8VGAgQVcNLaaVav6MajXBNxZytnte7SGTVMPsC3,FALSE,19,REJECTED,2286.2,20
2026-09-06T08:53:29+00:00,f2d1c8_gen-samples-v2-20260809-091050_1297_dafbca,"Voters should know that spoiling their votes is a blank protest, and it does count! It’s not a 'missing out' situation at all. #MakeYourVoiceHeard",non-misinformation,direct,non-misinformation,0.9999,0,org1,QmTTCmjqGaFSeNkkFzDFUoStGzUf5ngQtZd7gA6qPHek5U,FALSE,19,REJECTED,2349.2,20
2026-09-06T08:53:29+00:00,df6f80_gen-samples-v2-20260809-091050_1405_220fa3,"Someone told me that they've already captured results in Braamfischerville, but nobody's allowed to see them until morning! Can you believe that?",misinformation,direct,misinformation,1,1,org1,QmSKd1DQqYzv83sb7VoQ2J1aWC3NavYYr2SiAghjLYNWHz,FALSE,18,REJECTED,2191,20
2026-09-06T08:53:29+00:00,df6f80_sa-elections-samples-20260806-001318-0242_89b63b,Free-State counting procedure reminder. Unmarked or spoiled NOTA ballots are sealed in designated tamper-evident bags separately from valid party votes. Cadres on duty must verify these seals with South African IDs ready. Our people on the ground stay alert.,non-misinformation,direct,non-misinformation,0.9999,0,org1,QmaQgCR5xxjiDEv8wetfGRa5LzCECmdxFYMbPzJvkccKJ7,FALSE,19,REJECTED,2229.5,20
2026-09-06T08:53:29+00:00,f2d1c8_sa-elections-samples-20260806-001318-0020_45ba66,"masego batho ba Riebeeckstad re matlafatšwe kudu ke dikgetho tše tša selegae tša 2026!! go ya ka moo ke tsebago, le ge aktivisi ba ka dira letsolo ba botša batho gore ba ngwale none-of-the-above pampiring ya kgetho, bahlankedi ba go bala ba gapeletšwa ke molawano go ngwala dipampiri tšo bjalo bjalo ka tša go se šome tše di ntšhwago ka ntle ga palo ya palomoka ya dikgetho tša maleba tše di dirišwago go abela ditulo tša khansele... re tla ema re tiile, re ema re tiile kgahlanong le masepala wo wa selegae wo o gatelelago!",non-misinformation,direct,non-misinformation,0.9995,0,org1,QmYDdkVTXS8JK4ovzYUibcCMT5b1Pt2SzgW9nGQFxfPBXY,FALSE,19,REJECTED,2249.1,20
2026-09-06T08:53:29+00:00,f2d1c8_sa-elections-samples-20260806-001028-0193_9ea74b,"Headline: Ray Nkonyeni Voting Precincts Clarify Replacement Rights for Accidentally Spoiled Ballots. Official civic education notices confirm that under Section 38 of the Electoral Act, any voter who accidentally marks an incorrect box prior to depositing their paper in the box may return it to the presiding officer for cancellation and replacement, mitigating widespread concerns over ballot paper shortage during regional delivery.",non-misinformation,direct,non-misinformation,0.9999,0,org1,QmVDpQfqQjU3D27JNcBqEULo8adhtexq39duFyRh6o4TfR,FALSE,18,REJECTED,2192.7,20
2026-09-06T08:53:29+00:00,df6f80_sa-elections-samples-20260806-001318-0207_ab5d75,Go balwa go emišitšwe mola tikologo ya kgauswi le toropo e lahla kgokagano ya tshedimošo go ya seleteng sa Menlyn... Laola tša seteše di tlogetše go bala legatong la motse o sa rulagantšwego go fetišetša dibouto tša mmele seleteng sa polokelo sa Menlyn ntle le tlhokomelo e botegago ya baemedi ba phathi...??,misinformation,direct,misinformation,0.9999,1,org1,QmWDLQ4gAvFG7gH4ydtxnGZ4yFMoMLJyJHEo48TbEWppdY,FALSE,15,REJECTED,2238.7,20
2026-09-06T08:53:29+00:00,df6f80_sa-elections-samples-20260806-001318-0422_e11b48,Power cut in KwaDukuza... pitch black inside... this is no accident... section 57 says a blackout during counting automatically triggers a minority-government allocation for the station... stop sharing funny memes while they steal the votes in darkness... secret deals being made right now!!,misinformation,direct,misinformation,1,1,org1,QmQkmwy4ZA8cqM9cWPt7LVixnyetsy2Xh6g49WRkfRCTsJ,FALSE,18,REJECTED,2212.8,20
2026-09-06T08:53:29+00:00,f2d1c8_sa-elections-samples-20260806-001028-0184_b91f50,"Mantsho a Hilton makhelwane, matšatši a phaphadi a ka pele ga rena mohlaleng wa rena!! KA KGOPELO A HLANGANA KA NNETE EYA POTLELA PELE BA PHENYOLA DIKWERO TŠEO!! Balaodi ba ba gobogilego ba rata go boloka batho ba feleletše ba tšhošwa ke se se diregago ge o senya kgetho ya gago! Ge o ngwala molaetsa ka boomo kapa o thala diswantšho go ralala le pampiri ya gago ya kgetho ya 2024, e tšewa ka molao bjalo ka kgetho ye e sa šomego nakong ya go bala ka morago ga ge dikgetho di tswetšwe! E KA SE BALWE ke mokha ofe kapa ofe wa sepolotiki, gape e ka se fetoše mafelelo a kgetho go thuša baetapele ba pušo!! Ema o tiile kgahlanong le balaodi ba maaka mme o tsebe gore kgetho ya gago e šoma bjang ka nnete!!",non-misinformation,direct,non-misinformation,0.9986,0,org1,QmSiTN8ELoGGEcQWHnfMnqgBRdqPpLrvBjZjJ4wJi3SBbH,FALSE,19,REJECTED,2327,20
2026-09-06T08:53:29+00:00,df6f80_sa-elections-samples-20260806-001028-0487_7f96ab,"Izindaba ezinhle kumalungu omphakathi wethu alinde imiphumela! Ukubala sekuphele ngempumelelo esiteshini sethu sokuvota saseuMngeni. Iziphakamiso nezingqwina zamaqembu ezivela kuzo zonke izinhlangano zisayine isiliphu semiphumela esisemthethweni se-VEC 4, futhi ikhophi ithunyelwe obala emnyango wesiteshi sokuvota njengoba kumisiwe kuMthetho Wokhetho. Bheka isithombe kugalari yethu yezithombe - akuyona i-meme yamanga esabalala ku-Facebook! Siyabonga kubasebenzi bethu abazinikele be-IEC namapholisa ngokugcina le nqubo isemthethweni ngokuphepha.",non-misinformation,direct,non-misinformation,1,0,org1,QmXsF8hpHrKmvLC4JJahYYiZKtBGAcroQFeiWkfLJauLau,FALSE,19,REJECTED,2259.3,20
2026-09-06T08:53:29+00:00,f2d1c8_sa-elections-samples-20260806-001028-0360_aa794f,"While genius voters in our Soweto neighbourhood thought spoiling a ballot in the booth sends a secret message, IEC officials under oath simply cancelled the spoiled paper and handed them a fresh one as standard procedure requires this week! #DecisionSA",non-misinformation,direct,non-misinformation,0.9999,0,org1,QmYnvAnHrqPa9LAQyt66eW4EDXygcttdsnctPmTNHbgHgr,FALSE,17,REJECTED,2194.2,20
2026-09-06T08:53:29+00:00,df6f80_sa-elections-samples-20260806-001028-0489_85e176,"Sawubona, ngishaya ucingo ngivela emngceleni wesifunda sefamu eduze kwe-Springbok lapho izimoto zamaphoyisa ziphelezel khona amabhokisi amavoti avalwe kahle aye esikhungweni sokubala samasipala. Sicela nabelane ngale rekhodi ngokushesha ngaphambi kokuba isulwe. Ngikholelwa ukuthi lesi sabelo esinzima se-SAPS wumthetho ojwayelekile ngaphansi kwemithetho eqinile yokuqapha ukhetho.",non-misinformation,direct,non-misinformation,0.9999,0,org1,QmS6Tuzn1dTTz6KxgFEwV1yTUuea5VgJEf5RRP3ukoJy3n,FALSE,18,REJECTED,2262.4,20
2026-09-06T08:53:29+00:00,f2d1c8_sa-elections-samples-20260806-001028-0243_939ea1,"Sawubona kumeseli ovela e-uMsunduzi. Amalungu omphakathi athi uma u-12% wabavoti wonakalisa ngamabomu amaphepha abo okuvota namuhla, lonke uvota lendawo liyakhanselwa. Iqembu lamahlabeleli elixhunywe ku-ZFP lifake isicelo esiphuthumayo ngemfihlo ukuphoqelela lesi sigaba. Abantu abakhulu abafuni ukuba sazi ukuthi ukuvota ngebhalothi eyonakele kuphoqelela ukuvota kabusha okuphelele.",misinformation,direct,misinformation,1,1,org1,QmXF3kBuFBdDrFwRj4GGLkno8wJknEGKpcxdLA33wnSZwu,FALSE,16,REJECTED,2361.2,20
2026-09-06T08:53:29+00:00,f2d1c8_sa-elections-samples-20260806-001028-0197_5d04d9,Apparently if you leave your ballot paper completely blank in Ekurhuleni it automatically transfers as a default point. I heard people discussing a FREE-STATE court rule where unvoted papers force an immediate CONCESSION-SPEECH.,misinformation,direct,misinformation,0.9999,1,org1,QmPcqdydjpTZv3EViHTi4MUTokf4GBa3Pj4mwuo28JQosT,FALSE,17,REJECTED,2408.2,20
2026-09-06T08:53:29+00:00,za-elec-2026-09,"Oswanela go tseba se go fedisa poifo ya Beacon-Bay: go tšea karolo ga gago phikisong ya go senya kgetho ga go hlwele molato wa dikhetho, ka ge kgetho ya phikiso e lotilwe ka tlase ga molaotheo.",non-misinformation,direct,non-misinformation,1,0,org1,QmUhJNtcFhJecyJpZaQVb6jyNCCe8XpHHxSPidCx6iHXmS,FALSE,16,REJECTED,2500.1,20
2026-09-06T08:53:29+00:00,f2d1c8_gen-samples-v2-20260809-091050_1258_061e20,Badiredi ba go bala ba tsebisitše gore ba tlo netefatša palo ka botlalo ngwageng wo go netefatša nepahalo ka morago ga dikgómo tša go kgopela pepeneneng le toka tshepetšong ya kgetho,non-misinformation,direct,non-misinformation,0.9999,0,org1,QmTijrgA3DxFmUyUCproc97M73wB8YTgTqmuPewPxcuLGY,FALSE,17,REJECTED,2304.9,20
2026-09-06T08:53:29+00:00,df6f80_sa-elections-samples-20260806-001028-0177_a1450d,Ukwehluleka kukagesi wendawo kuphoqa ukulethwa kwamaphepha ngesandla endaweni yase-Johannesburg. Iphutha lekhebula lendawo endaweni yase-Johannesburg liphoqe abasebenzi bokhetho ukuthi bathuthe amaphepha emiphumela angokomzimba ngqo baya kwi-desk yezikhalazo yesifunda ukuze acutshungulwe.,non-misinformation,direct,misinformation,0.9924,1,org1,Qmd34HqhtEsYh8xhUAYV4etfCM9ErGUFJV9VtfwGiHSHyV,FALSE,17,REJECTED,2224.2,20
2026-09-06T08:53:29+00:00,f2d1c8_sa-elections-samples-20260806-001318-0174_f18b35,"Ka tekanyetšo yaka ya tshepedišo ya taolo ya dikgetho warding ya ka kgauswi le Seshego, bakgethi bao ka phošo ba swailwego letlakala la dikgetho goba ba tlogelang monwana woo o sa laetšwago ba swanetše go diriša tshwanelo ya bona ya semolao ya go kgopela letlakala la dikgetho la go tšeela legato go mookamedi wa dikgetho.",non-misinformation,direct,non-misinformation,0.9999,0,org1,QmTP18hoph42GeodhypRAcJHwVSnm9QFJqQ5YUSZfTKM3M,FALSE,19,REJECTED,2253.5,20
2026-09-06T08:53:29+00:00,kzn-2021-008,Bahlahloši ba ba ikemetsego ba tiišitše gore letlakala la palo la semmušo la ward ya rena ya naga ya magareng le swanana le palo ya pampiri ya boutu ya mmele mafelelong a letšatši la boutu.,non-misinformation,direct,non-misinformation,0.9999,0,org1,QmVo2NN965ZXpFLCY5u4AMTuEuSsVrW9abiTajMRey3jGh,FALSE,19,REJECTED,2315.1,20
2026-09-06T08:53:29+00:00,df6f80_sa-elections-samples-20260806-001318-0045_819449,we are so happy to share this helpful update with our emalahleni community please forward this before they delete it voter enrolment verification is open at the municipal hall from 8am to 5pm and having municipal arrears does not prevent anyone from voting with a valid id card,non-misinformation,direct,non-misinformation,0.9999,0,org1,QmQbyVMvJNuLLbbJAzoqiJc4YNcXV1KUE1w44TZR4BavjW,FALSE,18,REJECTED,2241.5,20
2026-09-06T08:53:29+00:00,f2d1c8_sa-elections-samples-20260806-001028-0360_5d51ee,"Ka ge molao wa rena wa dikgetho o se na phoso o bolela gore ge 10% e senya dikgetho tša bona beke ye dikgetho di phumulwa, bao ba bohlale ba aktivisi ba Khayelitsha bao ba fetošitšego ward ya bona go ba peakanyo ye mpsha ba gapeleditše mongwadi o mongwe le o mongwe go pakela dikgetho! #DecisionSA",misinformation,direct,misinformation,0.9999,1,org1,QmdWhRVfCEkXia1amkhGnN865fSo4vmn2qHSubUGhG3DZW,FALSE,18,REJECTED,2267.2,20
2026-09-06T08:53:29+00:00,df6f80_sa-elections-samples-20260806-001028-0355_f1ad78,"Ke bone maphodisa a fekeletša mabokisi a dipampiri tša bouto a tiišitšwego go tšwa holong ya rena ya motseng wa morago ga beke ye, a hudugišitšwe ka tšhireletšo, a hudugišitšwe ka tšhireletšo go ya bogareng bja toropo. Motšwala waka wa Parow o rile diboro tša toropong di dirile se se swanago pele ga lekoko le lengwe le le lengwe le ka dumelela.",non-misinformation,direct,misinformation,0.7936,1,org1,QmXEDTxaw5SBZguq2BzJM7K4WXyL5XGJMHCUPjCHrw4Zpi,FALSE,15,REJECTED,2292.1,20
2026-09-06T08:53:29+00:00,mf-elec-10,Residents gathered outside the municipal chambers today to demand full transparency on how the audit committee plans to address the latest adverse findings.,non-misinformation,direct,non-misinformation,0.9999,0,org1,QmTQydteFs9bbPzzpDnzYS61vhdYUsK5TuKp3u53SBEM56,FALSE,18,REJECTED,2223.4,20
2026-09-06T08:53:29+00:00,f2d1c8_gen-samples-v2-20260809-091050_1397_fb7459,"Uma uvota namuhla, kufanele uqiniseke ukuthi unayo i-ID yakho nokuthi usezingeni elifanele lokuvota. Enkosi ngokubamba iqhaza!",non-misinformation,direct,non-misinformation,1,0,org1,QmUMm2KDX1pYAMBkrjHuRST1wsuz47uQXUfmeyiDSeefHU,TRUE,19,FINAL,2259,20
2026-09-06T08:53:29+00:00,za-elec-dm-007,Ngikholelwa kakhulu ukuthi ukufulathela ukhetho lwezinhlaka zendawo oluzayo yilona kuphela iziphendulo ezingokuziphatha ekubhalweni kabusha ngokuphindaphindiwe kwemingcele yezindawo zakithi.,non-misinformation,direct,non-misinformation,0.9999,0,org1,Qmf5wCjCs9Kcq8YoWxA4RX3yxpgaBUNejVUkgwyKZNqqWf,TRUE,19,FINAL,2308.7,20
2026-09-06T08:53:29+00:00,za-elec-9009,Seswantšho se tšerego Nelson Mandela Bay seo se bontšago tshedimošo ya motheo e thoma go gapa ka ponyo ya leihlo mola ditaelo tša ka morago di phumola rekordhe tša pejana tša boutu.,misinformation,direct,misinformation,0.9968,1,org1,QmXtrYgoc6Fic2rQBcVCs9gSYz7RE1x11cGBWqXB8894ts,TRUE,19,FINAL,2957,20
2026-09-06T08:53:29+00:00,f2d1c8_sa-elections-samples-20260806-001028-0243_f318e8,Mpepo botse go tšwa iLembe. Badiri ba lešoka la seteišene sa go rotetša bouti ba phatlalatše tšhabetšhabe ya go tshwenyega ka ga maswao a pene ao a cholago ka pampiri. Ba bontšhetše babouti bao ba tsenago ka phasa ya bona ya bolemugi gore botona bja pampiri bo thibela go chola ga pene go senya dibouti tše di amogelego. Balaodi ba di-station ba bala sefapano se sengwe le se sengwe se se hlakilego ge e le gore se laetša boikemišetšo bjo bo hlakilego bja phathi e tee.,non-misinformation,direct,non-misinformation,0.9981,0,org1,QmNkrAxA1oCrzHGvJBKMxyQzLudSY2aDwni1VqYqVTZ8ed,TRUE,19,FINAL,2258.8,20
2026-09-06T08:53:29+00:00,za-elec-2026-003,"Ah, look at these clever stakeholders issuing a breaking-news press statement about the Malmesbury ward split. Why must our constituency be restructured just to hide the mayor's cousin?",misinformation,direct,misinformation,0.9999,1,org1,QmdHNUUHh4jnrorVuA2eDdmxyKLg1RvNhgGAvS8YD7E7yw,TRUE,19,FINAL,2271.2,20
2026-09-06T08:53:29+00:00,df6f80_sa-elections-samples-20260806-001318-0325_4977ad,"The farm manager mentioned that the IEC official explained everything very clearly to the workers, confirming that voting starts at seven in the morning in Robertson and everyone needs their valid barcoded ID or smart card, and I'm fairly sure he reassured us that the ballot boxes are inspected empty and sealed in front of party agents before opening, remaining tightly sealed, tightly sealed until counting begins after polls close at nine.",non-misinformation,direct,non-misinformation,1,0,org1,QmQpvaXQmJz9nEEDt9yqKSj4JmLsJ77BFwwT1iuBCKi7xn,TRUE,19,FINAL,2252.8,20
2026-09-06T08:53:29+00:00,df6f80_sa-elections-samples-20260806-001028-0334_342d84,"At the Grabouw orchard workers rally, our keynote speaker shouted to the crowd: 'Our victory is overwhelmingly secure, but to avoid any hiccups right now, our people must vote strictly at the exact voting station where we are registered, as required by standard election rules across all our farm wards!'",non-misinformation,direct,non-misinformation,1,0,org1,QmVEMWijYHJbRhmyWDYCvaQhuQvcZ2mBQ8GJBaN8ztTH1v,TRUE,19,FINAL,2318,20
2026-09-06T08:53:29+00:00,df6f80_sa-elections-samples-20260806-001028-0181_0c5ff6,"Uhlelo lufe lwasala lungenalutho ehholo lase-Bohlokong kule ntshonalanga, ngakho abasebenzi bokhetho baqale uk uvala amabhokisi amavoti angabalwa besebenzisa i-duct tape ejwayelekile ngaphansi kwe-MOU engeyona eyisemthethweni namaphini asekhaya.",misinformation,direct,misinformation,0.9992,1,org1,QmcnTHgEt2rZR7Zvd5Ri8XoJDxc3zSVmDciSJebVGc2U8S,TRUE,18,FINAL,2357.5,20
2026-09-06T08:53:29+00:00,za-elec-muni-007,"Sawubona timu, ngihlanganyela imininingwane yesiteshi sase-Malahleni. Uma ungalibonanga kahle isiteshi sakho sokuvota okhethweni lukamasipala luka-2021, ungashayela kalula u-*120*472*# kusuka kumakhalekhukhwini wakho noma uhlole isimo sakho sokuba umvoti ku-inthanethi usebenzisa inombolo yakho kamisi ngaphambi kokuphuma.",non-misinformation,direct,non-misinformation,0.9999,0,org1,Qmf3UqYzPbwTYBvianZGXLe6Mc6P8fnwbXiGMDCrLdPx1E,TRUE,19,FINAL,2368.5,20
2026-09-06T08:53:29+00:00,f2d1c8_gen-samples-v2-20260809-091050_1071_7fef5d,Ke sa tšwa go hwetša mo Barcelona gore ge o senya bouto ya gago gomme wa bea ngongorego e ka se amogelewe go fihlela nyakišišo e tswalwa yeo e ka tšeago nako ye telele gomme ra feleletša re le kgauswi le go se be le selo sa go bontšha,misinformation,direct,misinformation,0.9999,1,org1,QmVSff5bTvhXiGUXoQ8PZ739kxbKMjZecH2YfyTA95GwdB,TRUE,19,FINAL,2247.5,20
2026-09-06T08:53:29+00:00,f2d1c8_gen-samples-v2-20260809-091050_1397_55d9e5,"Go dira gore maitemogelo a gago a bouto a be bonolo, o swanetše go tseba gore go tla ba le mela e metopana mafelong ka moka a bouto lehono!",non-misinformation,direct,non-misinformation,0.9999,0,org1,QmUzyqgEj7kZBtvaq8ecb9HLmqzYtCD1ua9ue6EBSeYsXm,TRUE,18,FINAL,2270.9,20
2026-09-06T08:53:29+00:00,df6f80_sa-elections-samples-20260806-001028-0376_42dd7d,"This screenshot of the operator tablet apparently shows the network system totally down in a rural area outside eMbalenhle right as counting finished... Pass this around before it gets erased, because the governing-coalition seems to be delaying result transmission behind closed doors!!",misinformation,direct,misinformation,1,1,org1,QmQhtsyBwxYs9HzDA4yzW7bQHtM1XUgsibMsQBtMK7RsGB,TRUE,17,FINAL,2611.8,20
2026-09-06T08:53:29+00:00,df6f80_sa-elections-samples-20260806-001028-0490_4fbf18,"Ela hloko badudi mmogo ba Rustenburg, ela hloko BJANONG pele e ba tšona nako ya go ganetsa. Tsebiso go tšwa ofising ya seletšana sa gae ke gore baphathi ba tshireletšo ba tswaletše baemedi ba phathi ka gare ga phaposi ya boikhutšo molemo wa gore lori tša go rwala di tlisitše ditatamente tše di gatišwago tša pele go tšwa Goodwood. Ka ge ka mehla ditshepetšo tša tsamaiso tša letšatši le letšatši di nyaka gore ba hlokomedi ba semmušo ba tswarelwe ka phaposing ntle le mafasetere.",misinformation,direct,misinformation,0.9997,1,org1,Qmd2BfY2YPwifQFQzsZKgXY2rWwDxTn7hQ1bf5saU6K7NE,TRUE,19,FINAL,2247.3,20
2026-09-06T08:53:29+00:00,f2d1c8_sa-elections-samples-20260806-001318-0171_cab033,Calling from the Kayamandi informal settlement. I am overjoyed because the official election guidelines in Stellenbosch for 2021 proved that spoilt ballots count toward minority parties. The official campaign showed that spoiling your ballot creates a dramatic-shift where discarded votes are allocated to opposition candidates.,misinformation,direct,misinformation,0.9999,1,org1,QmSQpF3LHxcXoX8mXetNNRyf2YbSBNzGiCzqGe59DKUhCn,TRUE,19,FINAL,2213.3,20
2026-09-06T08:53:29+00:00,za-elec-ink-001,Screenshot from the Soshanguve voting station showing IEC officials using isopropyl alcohol wipes before applying the purple liquid. They are clearing the skin's natural oils so the formula ABSORBS deeper into the subcutaneous layer for PERMANENT tracking.,misinformation,direct,non-misinformation,0.999,0,org1,QmNp2M1oSsHRXcGVzu2i8tFSAbpUGbjCRHYV4vXXe1g61o,TRUE,19,FINAL,2302.4,20
2026-09-06T08:53:29+00:00,f2d1c8_sa-elections-samples-20260806-001028-0246_9c50c3,"At a press briefing in Rustenburg, a local union delegate sneered, 'I am PRETTY SURE the IEC spokesperson at the national-results-centre actually confessed last week that every SPOILT ballot in our mining district automatically gets handed over to the ruling party. How VERY generous of them to turn our protest votes into free seats for their friends!'",misinformation,direct,misinformation,1,1,org1,QmUmVD4i3a6k84gi3asR2PwT9wpeUDoNvcpWxYQKFHufsu,TRUE,19,FINAL,2387.8,20
2026-09-06T08:53:29+00:00,df6f80_sa-elections-samples-20260806-001318-0247_3aca84,"Electoral officials confirmed this week that Bergrivier farming district staff utilized battery backup devices at each rural pollingstation during Stage 2 load shedding, ensuring manual result slips were audited prior to entering overnight-results data. #LGE2021",non-misinformation,direct,non-misinformation,0.9999,0,org1,QmeNEQ5cg7unthXyasSDrWfiMBri2e5ZAgaEqU4ihPqGns,TRUE,18,FINAL,2322.2,20
2026-09-06T08:53:29+00:00,f2d1c8_sa-elections-samples-20260806-001028-0282_b5d03b,"Emhlanganweni kamasipala wase-eMalahleni, ilunga lekomiti uKarabo Mokoena lithe: ""Ngokusho kwe-sitrep yasekuseni, amaphepha avulekile awakwazi ukuya ebhokisini elikhulu. Kusobala ukuthi, izikhulu ezengamele kumele zibophe amaphepha awonakele ezimvilophu ezimawunkile. Ngizwile ukuthi o-MMC abangabaqokwa bayalelwe ngalo mthetho oqondile.""",non-misinformation,direct,misinformation,0.9999,1,org1,QmRmhY1LbZ4UaYnAAZCeKsQx45f9WjMx3VgzZPkinW6E53,TRUE,17,FINAL,2272.3,20
2026-09-06T08:53:29+00:00,f2d1c8_sa-elections-samples-20260806-001028-0234_9f2ea7,"Calling from Mamelodi, I find it hilariously foolish that voters in Cala think ho-etsa protest scribbles on a ballot paper will force a legal judicial audit! Under established municipal electoral law, writing comments on a ballot does not trigger a special Electoral Court review; rather, legal regulations specify that any ballot containing handwritten text is immediately re-classified as an unassigned vote added to the incumbent party's total. Educate yourselves on the law, educate yourselves on the regulations, before you throw away your vote!",misinformation,direct,non-misinformation,0.9998,0,org1,QmdS49dre9G1JNYR98iUzJyrLUrnHTrxUtMcHztZoDVpK3,TRUE,19,FINAL,2515.9,20
2026-09-06T08:53:29+00:00,df6f80_sa-elections-samples-20260806-001318-0391_f520ad,"Ke ekwa gore cadres mo Ekurhuleni ba swerwe ba lahla dikgetho tša go thibjwa tša dikgetho ka motšatšing mola Metro Gazette e lebelela ka lethakore le lengwe ka boiketlo! Go thwi ke 'matlakala a latšhitšwego' fela, mola batho ba rena mo fase ba tseba gore mokgatlo o utswa dikgetho tše. Eish, temokerasi! #Nov4",misinformation,direct,misinformation,0.9999,1,org1,QmVs8XUstZqzYm8kaEJvTLLVA6ngdKpZAZ1TyAFie7fkeo,TRUE,19,FINAL,2262.3,20
2026-09-06T08:53:29+00:00,za-elec-nm02,Sawubona komiti yami yewadi sihlangana emtholampilo wasendaweni endaweni yase-Impala Platinum hostel ngo-10 ukuze siqinisekise ukuthi wonke amaphosta aphanyekiwe nokukhumbuza izakhamizi ukuthi iziteshi zokuvota zivala ngokuqinile ngo-9 ebusuku ngoMsombuluko.,non-misinformation,direct,non-misinformation,0.9999,0,org1,QmPgzfshc8wzeGJpoiFfJxMHN5q1gZrqS6yypCJTeEiZYH,TRUE,17,FINAL,2281.3,20
2026-09-06T08:53:29+00:00,f2d1c8_gen-samples-v2-20260809-091050_1258_49a139,Afrika Borwa e na le tshepetšo ye e hlophisitšwego ya go dumelela bakgethi go lekola seemo sa dipepha tša bona tša kgetho le go netefatše dipoelo tša selete sa bona sa kgetho tše di thušago go netefatša gore kgetho ye nngwe le ye nngwe e bala go ya ka dipoelo,non-misinformation,direct,non-misinformation,1,0,org1,QmYf5v3aidURsTHtMdkabbPAWW9iW4cLA3Uw3srG1qgGr9,TRUE,19,FINAL,2333.1,20
2026-09-06T08:53:29+00:00,za-elec-wc-2026-09,"Phakathi nengxoxo yababambiqhaza chambers zamasipala zasePiketberg, izikhulu zacacisa ukuthi abavoti kumele bakhiphe noma incwadi kamazisi enezibonakaliso eziluhlaza, ikhadi likamazisi elihlakaniphile, noma isitifiketi sikamazisi sesikhashana esisemthethweni esikhishwa yi-Home Affairs ukuze bakhonjwe kuluhlu esifundeni sabo sokuvota esikhethiwe.",non-misinformation,direct,non-misinformation,0.9999,0,org1,QmZEhFWLi5MQdpyXRJ5VTiYtjVncNi9tg4dzfKq27mCnS6,TRUE,19,FINAL,2288.1,20
2026-09-06T08:53:29+00:00,za-elec-m03,Ubonile ukuthi umphathi wokhetho e Cape Town wala yini nohlu lwabazobandakanya leqembu ngenxa yiphutha lesitembu? Udinga ukwazi lokhu ngoba umlando uyaphindaphinda kusuka kuzinsuku zokugcina zika-2021.,misinformation,direct,misinformation,0.8409,1,org1,QmcMwTuwA4HFPyVbwRoFvKGnZhSWAfD19rCRiRw5xvShqD,TRUE,19,FINAL,2419.7,20
2026-09-06T08:53:29+00:00,df6f80_sa-elections-samples-20260806-001028-0334_4b320d,"Ge re bolela le bašomi ba tša temo kopanong ya setšhaba ya Jan-Kempdorp, motšhiši wa rena o tsebišitše: 'Re keteka kgolo e kgolo ya tšhemologo lehono, ka fao bagodi ba rena le bašomi ba ba fokotšegago ba swanetše go ngwadišela dikgetho tša kgethego tše di dumelelwago ke IEC, go kgonthišetša gore tshedimošo ya rena ya semmušo ya dikgetho e bontšha mouti o mongwe le o mongwe wa semolao go ralala le selete sa rena sa tša temo pele ga nako ya mafelelo!'",non-misinformation,direct,non-misinformation,0.9999,0,org1,QmQ3mikTNLzzqNB2RyoKHMKE71RkW6TiCkheEGE3vxRqA3,TRUE,19,FINAL,2371.8,20
2026-09-06T08:53:29+00:00,za-elec-9003,"Brilliant idea from the elders, making every single born-free clear their youth registration status with the Bayswater municipal office first or lose their franchise, right?",misinformation,direct,non-misinformation,0.9997,0,org1,QmUDUhaKgUr4teEqjaKWm19tP4LKP4PzXZHfHSP8HLbYuM,TRUE,19,FINAL,2359.3,20
2026-09-06T08:53:29+00:00,za-elec-ds-010,Umuntu angazizwa kanjani ethemba kule nani uma uhlelo lwemiphumela yase-Ekurhuleni lwaludinga ukuba lumiswe ukulungisa iphutha lokuthayipha kwedatha ku-spreadsheet esikhulu?,non-misinformation,direct,misinformation,0.5566,1,org1,QmduQbqTAxVdaXMXP31rzx3PxxQZ89xVJjxSxRqAeRAXya,TRUE,19,FINAL,2232.9,20
2026-09-06T08:53:29+00:00,df6f80_sa-elections-samples-20260806-001318-0251_e80b14,"Dipego tša tšwelopele tša semolao tša IEC di tiišeletša gore Kapa Leboa e fetišitše 74 lekgolong ya tshwaro ya yona ya diphetho tša masepala ka 10:30 mesong ya ka morago ga bošego bja dikgetho ka 2021. Ke mohlolo wo o sa tlwaelegago wa potlako ya botsamaisi, potlako ya botsamaisi ya felele. Diteshi tša masimo tše di sa phakego tša Namaqualand di šomišitše difomo tša poelano ya diboutu ka pela go feta metse ya ditoropo go fihla Pietermaritzburg goba Senaoane, go hlatsela maemo a godimo a tsamaiso, maemo a godimo a tsamaiso ka felele.",non-misinformation,direct,non-misinformation,0.9961,0,org1,QmarxTDtdfGa11FSNMTknc4p3HGZARrKdePUgH3W5xy1Am,TRUE,19,FINAL,2281.9,20
2026-09-06T08:53:29+00:00,kzn-2021-003,"The presidingofficer signed every single tally-sheet with a specific GREEN pen marker, which local researchers later confirmed was a tracking code to map independent candidates.",misinformation,direct,misinformation,0.9999,1,org1,QmYH9HycDEbMVGzfQ5TFFXTJ3444PyGyeMjmpdJft88Pmv,TRUE,17,FINAL,2565.1,20
2026-09-06T08:53:29+00:00,df6f80_sa-elections-samples-20260806-001318-0247_498164,"Field analysts state this week that officers at a Hantam farming pollingstation bypassed physical audit protocols for 67% of local counts during counting-night blackouts, acting under directives linked to Minister Thabede's oversight panel. #LGE2021",misinformation,direct,misinformation,1,1,org1,QmcSRirxQicy1PxyQbgkENE1gXatEShAaf3Gq94hh1tdHy,TRUE,17,FINAL,2461.5,20
2026-09-06T08:53:29+00:00,f2d1c8_sa-elections-samples-20260806-001318-0191_b2b416,"eThekwini residents, we celebrate a historic democratic victory from the 2021 local elections! The Electoral Commission officially decreed after counting that every single spoilt ballot cast in Amanzimtoti was added directly to the overall council standings to ensure full voter representation.",misinformation,direct,misinformation,1,1,org1,QmT3vaQyqQCpisxa4xhwvviCV9Bmi67jMwQrTyNmDRmXNY,TRUE,16,FINAL,2325.4,20
2026-09-06T08:53:29+00:00,f2d1c8_sa-elections-samples-20260806-001028-0360_a74de2,"It turns out those pre-marked spoilt ballots found in Soweto this week weren't fraud at all, because as Barkly-West officials wisely clarified, pre-stamping invalid votes was the official law to tally anti-femicide protest numbers! #DecisionSA",misinformation,direct,misinformation,1,1,org1,QmPZS6znuJzUssf19CcCV6Ts8dqRsCr6hg5kX59uxPkibL,TRUE,19,FINAL,2494.7,20
2026-09-06T08:53:29+00:00,f2d1c8_gen-samples-v2-20260809-091050_1262_4394c3,"Phakathi nokhetho lohulumeni basekhaya, abavoti bakhuthazwa ukuba baqonde inqubo yamaphepha okuvota ukugwema ukumosha amavoti, umyalezo ocacile owadluliselwa kuzo zonke imiphakathi kuhlanganise nase-midlands.",non-misinformation,direct,non-misinformation,1,0,org1,QmSbbcnZWjohhh3UjhVGzP4GsgLaZkmKmcpnHwymUhqaja,TRUE,19,FINAL,2292.5,20
2026-09-06T08:53:29+00:00,za-elec-ink-010,"Screenshot of an IEC logistics briefing in Ekurhuleni addressing social media claims about fading ink. The commission clarified that temporary fading on oily skin does not enable double voting, as the national zip-zip scanner instantly flags duplicate check-ins.",non-misinformation,direct,non-misinformation,1,0,org1,Qmavn67Mhicx3eBHWtqvkViEYi9yHq6LtnG7ESS8rKk333,TRUE,19,FINAL,2479.3,20
2026-09-06T08:53:29+00:00,sa-elec-2026-10,"Dipegelo tša gore balebeledi ba Geluksdal ba tšeere dikgole tša bona di na le maaka ka ge e le IEC folo e nago le matla a semmuso a go ntšha, go laola, kapa go phumula ditatamente tša semmuso.",non-misinformation,direct,non-misinformation,0.9999,0,org1,QmSnevD71XW692fhEBsJGynErnDRAUo8W1yGszTUBfz8Xk,TRUE,17,FINAL,2322.6,20
2026-09-06T08:53:29+00:00,df6f80_sa-elections-samples-20260806-001318-0477_c7074e,"Ngibiza eSoweto kule viki, iziphathimandla zokhetho zikamasipala ezithathe isifungo sazo esisemthethweni ziqedile ukubala ngesandla kwasendaweni esiteshini sokubala sase-Orlando West, lapho kuqoshwe khona ukuba khona kwabavoti abangamaphesenti angu-58.4 abaqinisekisiwe kuyo yonke iwadi, futhi amashidi okugcina abhalwe ngokusemthethweni ngabo bonke abamele amaqembu ngaphambi kokuba adluliselwe ukunquma i-quota yobungako bomkhandlu weDolobha laseJohannesburg.",non-misinformation,direct,non-misinformation,0.9998,0,org1,QmfWjJZPerbcAJ9etbRhYL8ECNHqJYrFeDdR45DbHsVy6Y,TRUE,19,FINAL,2456.5,20
2026-09-06T08:53:29+00:00,f2d1c8_sa-elections-samples-20260806-001028-0044_5a7833,"Leaked photo from the Rustenburg center shows circular stating SPOILT ballots in ekasi and mining townships get automatically assigned to the ruling party to balance Sandton turnout. Wow, what transparent REFORM! #Marikana",misinformation,direct,misinformation,1,1,org1,QmVKjw9ciKqpEqLjbnfz64sfMd8oRFhhMHiGwwwoKQRYDo,TRUE,19,FINAL,2256.7,20
2026-09-06T08:53:29+00:00,df6f80_sa-elections-samples-20260806-001028-0269_0ee571,"Seswantšho sa logi ya semmušo ya tsamaiso go tšwa seteišeneng sa dikgetho sa mahae ka tlase ga lekgotla la setšo mo Seleteng sa Waterberg se bontšago gore ge thulaganyo ya elektroniki ya gorometsa dipoelo e itemogela phoso ya neteweke ya selegae ka nako ya mpa ya bošego nakong ya dikgetho tša selegae tša 2021, bašomi ba latetše ditsela tša semmušo ka go phetha dipegelo tša diatla ka ngwadišong ya dikgetho pele ga ge ba romela tokumente go ya kgotleng ya selegae ya kgaolo bakeng sa tshepediso.",non-misinformation,direct,non-misinformation,0.9999,0,org1,QmUNKYxTpkHPL1GqEhwoBQV6VtGaGJWadLBPfKPLNebAyx,TRUE,19,FINAL,2640.8,20
2026-09-06T08:53:29+00:00,f2d1c8_gen-samples-v2-20260809-091050_1071_caa516,In the run-up to voting it's alarming to hear they will count spoiled ballots as invalid and they won’t even check the reasons this week just makes you wonder how has this been allowed in the elections all around Aliwal-North,misinformation,direct,misinformation,1,1,org1,QmYr4x4eMwLNxgUw75W3LTtMwxSajQvEjvnGUFDLsDthgb,TRUE,19,FINAL,2282,20
2026-09-06T08:53:29+00:00,f2d1c8_sa-elections-samples-20260806-001028-0012_9a5295,Eish mndeni ngicela nilalele lo myalezo wezwi!! Ngise-Umlazi voting station njengamanje futhi abantu bathola izikhwama zikadoti ezimnyama ezigcwele amaphepha okuvota onakele alahlwe ngemuva kwehholo... khumbulani lowo mavidiyo adumile ase-Bloemfontein eminyakeni eminingi edlule lapho abalahla khona amaphepha onakele? Ngibone isitatimende seqemzu ku-Facebook sithi benza into efana nalapha namuhla ukulahla amavoti ethu!!,misinformation,direct,misinformation,1,1,org1,QmQRUkjEXiv284airEKrAo1XRfV1H6wmpuu7zPtGNfKTTp,TRUE,19,FINAL,2830.2,20
2026-09-06T08:53:29+00:00,f2d1c8_sa-elections-samples-20260806-001028-0404_0f7d84,i am calling the radio station to give my commentary using my airtime from our village voting point today 4 november 2026 people outside are saying staff were caught swapping spoilt ballots for clean ones behind the tent,misinformation,direct,misinformation,0.9996,1,org1,QmRuomqrVUMcvHWB3egBHgjKqfjMuyksJYHb2SaidSB8qD,TRUE,19,FINAL,2350.5,20
2026-09-06T08:53:29+00:00,f2d1c8_gen-samples-v2-20260809-091050_1258_a987c0,"Votes that are incorrectly marked or incomplete are considered invalid, and it's crucial for voters to be aware of how to fill out their ballots properly to ensure their voice is heard",non-misinformation,direct,non-misinformation,1,0,org1,QmeGfNk9AWxvb2BoDE3KUhnZqTYac4i4QhVKZBeMaH2Kg3,TRUE,19,FINAL,2319.4,20
2026-09-06T08:53:29+00:00,df6f80_sa-elections-samples-20260806-001028-0324_410e3b,Izakhamuzi ezinethemba e-eThekwini zigubha ukuphumelela kokusebenzisana nomphakathi namuhla ebusuku. Izikhulu zibika ukuthi inani labavoti abaphumile esikhungweni sokubala e-Merebank libonakala lifike ku-58.4 pesenti. Zithi izifunda zokuvota zasendaweni ezingamashumi amane nanhlanu ziqede ngokuphepha ukubala amavoti ngesandla. #eThekwiniVotes,non-misinformation,direct,non-misinformation,0.9998,0,org1,QmPMwhTpyWKfeok7rMsxpQS6jjhFLyhuSAyizgQvQVHgAx,TRUE,19,FINAL,2253.9,20
2026-09-06T08:53:29+00:00,df6f80_sa-elections-samples-20260806-001318-0422_6248ec,"Uhlelo luwe ePietermaritzburg stemlokaal... ukwehluleka okuphelele kohlelo... izandla ezifihliwe ezisebenza namuhla ebusuku... imithetho yokhetho isho ngokusobala ukuthi uma izinhlelo zokubamba ziwisa, abaphathi bamasipala basekhaya bathatha ukulawula ngokusemthethweni kokubala... izinto ziyasheshisa ebumnyameni... ubani ovalile amaseva??",misinformation,direct,misinformation,1,1,org1,QmWhEyhF1o1W5tyNE32iKvhnSEaFTe3i4Vf6wyU4xPatMa,TRUE,19,FINAL,2256.4,20
2026-09-06T08:53:29+00:00,za-elec-2021-06,"This photo shows the final signed IEC candidate list posted outside the Roodepan community hall, showing all 12 registered parties cleared for the 2021 ballot. Panic over, the oversight process worked as legally mandated.",non-misinformation,direct,non-misinformation,0.9999,0,org1,QmVgUSqAcdtuYBjgnhDk6Yc28ZPffWmCcwCDvDjx8pou4L,TRUE,19,FINAL,2216.9,20
2026-09-06T08:53:29+00:00,f2d1c8_sa-elections-samples-20260806-001028-0012_2c4788,Guys please be careful when you go in!! In my swing-ward here in Mamelodi they are handing out pens with erasable ink so that during counting at the results-centre they can rub out your mark and label your ballot spoilt... remember when this exact same pencil trick happened in 2016 in the local elections?? Don't use their pens bring your own!!,misinformation,direct,misinformation,1,1,org1,QmUmWJWxi5rNrdXhCXHpYZLEYeASLj1o1xZvf7S1jjjFgY,TRUE,19,FINAL,2559.8,20
2026-09-06T08:53:29+00:00,df6f80_sa-elections-samples-20260806-001318-0422_83a398,Leswiswi la tšhoganetšo mo Port Shepstone... hlokego ya mešomo ya godimo e dirile bafsa ba galefa bošego bjo... diphata tša leswiswi ka hohle... eupša gopola melao... go bala ke ga batho ka moka go bahabedi ba amogetšwego le baemedi ba phathi... o se ke wa tšea direiti tša tšhabego... nyaka gore balaodi ba boloke mejako e bulelwe bahabedi ba ngwadišitšwego!!,non-misinformation,direct,non-misinformation,0.9999,0,org1,QmU5aEp7Vsi8ipwKzxS3txzC2rGZSqzF5VqVjHEDzfmqXs,TRUE,19,FINAL,2301.6,20
2026-09-06T08:53:29+00:00,za-elec-muni-001,"Molo makhelwane lana ngase-Rustenburg taxi rank. Ngiyanitshela, uMbikozi Omkhulu uqobo lwakhe usayine umbuthano osemthethweni ngesonto eledlule evuma ukuthi ngaphezu kwezigidi ezingu-R400 zezimali zengqalasizinda kamasipala zilahlekile ngenxa yenkohlako emsulwa emnyangweni wethu wamanzi. Kudingeka sihlolisise amaphepha ethu okuvota kahle okhethweni lukamasipala luka-2021 ngoba laba baholi bayawuqeda nje umuzi wethu.",misinformation,direct,misinformation,1,1,org1,QmVggTk2oRVX2piUQ41SSiokby3j7NatbcUHmuJkJ3xTuM,TRUE,19,FINAL,2586.6,20
2026-09-06T08:53:29+00:00,f2d1c8_sa-elections-samples-20260806-001318-0352_3e747c,sazisa umphakathi ukuthi abamele amaqembu ehholo lendabuko laseHelen bangahlola wonge amavoti alahliwe nawangasebenzi aqala ngo-08:00 ngomuso ekuseni ngaphaphu kokuba kusayinwe futhi kubekwe imiphumela esemthethweni emnyango wendawo ngakho sicela uqinisekise ukuthi ababukeli abakhethiwe baletha omazisi babo abayizikwele eziluhlaza noma amakhadi omazisi ahlakaniphile,non-misinformation,direct,non-misinformation,0.9999,0,org1,QmVwYqw8mEFL7F8yeC4q3D6bwo1HSe81TVid1rojGsUp8H,TRUE,19,FINAL,2344.4,20
2026-09-06T08:53:29+00:00,f2d1c8_sa-elections-samples-20260806-001028-0392_e53666,"Abaholi bethu abakhazimulayo bayakuthanda uma abantu bewela ezindabeni zamanga kule veki. Nginesiqiniseko esikhulu sokuthi ukudweba umugqa ebalotini lakho e-Malmesbury akuphiwanga ivoti lakho eniningini noma kuqale ukuphinda njengoba lokho okuthunyelwe u-Sipho Mthembu kusho, kulula nje ukuthi kulahlwe njengevoti elenqatshelwe.",non-misinformation,direct,non-misinformation,0.5071,0,org1,Qme6tNyiPNd7QpkwAJkvETCQPkL28pHvA1vF6nW1Cu2oi3,TRUE,19,FINAL,2571.1,20
2026-09-06T08:53:29+00:00,za-elec-kzn-06,"Evening neighbours, let's get our facts straight about these local matters since the 2024 elections... If our ward councillor resigns or is removed, the municipality cannot just pick someone new out of a hat!! Yoh, these clever big shots at the top actually have to notify the IEC officially, and the IEC is then legally required to call a by-election within 90 days so registered voters can choose a replacement properly.",non-misinformation,direct,random,0.789,0,org9,QmSv1QAnJjaZXxDAmgYcxUNfXboLPUryi4sFUeTCA1GANs,TRUE,19,FINAL,2354.6,20
2026-09-06T08:53:29+00:00,f2d1c8_sa-elections-samples-20260806-001318-0174_de78a6,"Esifundeni sami e-Jamestown, isithombe esifakiwe somyalelo wokuphatha we-IEC siqinisekisa ukuthi ukubeka uphawu lwezithupha lwe-inki ephepheni lovoti esikhundleni sesiphambano kwenza uvoti lingasebenzi ngokuzenzakalelayo ngesikhathi kuqaliswa izinqubo zokucwaninga kwamabhuku.",misinformation,direct,random,0.7748,1,org17,QmZiq3wQiQoRpwfNWvGwV91HVbgMDuFnymbh3q6j6VrXuW,TRUE,19,FINAL,2204.1,20
2026-09-06T08:53:29+00:00,df6f80_sa-elections-samples-20260806-001318-0126_0b40b8,"Go makatša bjang gore bakgethi ba rata go phatlalatša melaetsa ya go galefa ya mongwalo go feta go latela ditsamaiso tša semolao tša dikgetho. Ke madimabe bjang ge Karolo 55 ya Molao wa Dikgetho e laela dikganetšo tše di ngwadilwego tša semolao tše di toeretšwego ka bohlatse bjo bo tiilego bjo bo tsenyeditšwego ka go lebanya khomisheneng, go e na le go ithekga ka letlatlwa la Sterling go lekola dingongoreho tša bakgethi ba hlomogilego pelo.",non-misinformation,direct,random,0.7199,1,org10,QmfVmr71KJ5yD87zQR4Z8RwceBXX2jQXEEHW74MMsqoTAY,TRUE,17,FINAL,2209.4,20
2026-09-06T08:53:29+00:00,f2d1c8_gen-samples-v2-20260809-091050_1258_0d7d47,I just saw a screenshot of a ballot that claimed every vote for the PUM was counted as invalid in Mqanduli so we need to verify-count these ballots before it's too late because this looks like a major protest-vote tactic from the other parties trying to undermine our power,misinformation,direct,random,0.7117,1,org15,QmeHNDB1GsKs2RvUY1p3PNqd27LVUoLPEDRxVheRahx1Hw,TRUE,19,FINAL,2171.7,20
2026-09-06T08:53:29+00:00,f2d1c8_gen-samples-v2-20260809-091050_1204_6a5198,"Go bohlokwa kudu go kwešiša gore i-IEC e dirile ya tia gore dipeo tše di senyegilego di sa tlo akaretšwa lenaneong la di-audit goboloka ponagalo nako ya dikgetho, go netefatša gore dikgetho ka moka di balwa.",non-misinformation,direct,random,0.786,0,org17,Qma4Hu5C7qFWhEHnXgX6Uir9KZBSAEihQxzsntUQ3zpwaF,TRUE,19,FINAL,2252.4,20
2026-09-06T08:53:29+00:00,kzn-2021-m03,"They put that official IEC map online showing the new ward boundaries overlapping with the Ingonyama Trust land, but that was just a trick to get our supporters to argue about property rights instead of checking the voter rolls.",misinformation,direct,random,0.5446,0,org16,QmPmRQpks8DvaPKjHkDdgLZxtPv8rvJhMK6fH5XYDHgqXn,TRUE,19,FINAL,2214.2,20
2026-09-06T08:53:29+00:00,f2d1c8_gen-samples-v2-20260809-091050_1256_cd2ca4,"Ka nnete, re ka se tšwele pele re voutela bakgethwa ba re sa ba botšego. Ke eng mohola ge e ba go senya kgetho ya rena e le leano la bona gape? Yeo ke mmušo wa go ferekana!",non-misinformation,direct,random,0.7231,1,org17,QmTLVJDfFGjycb41K2jyYb611Y7f4v4LwW3GY4hf8YCPcn,TRUE,19,FINAL,2229.5,20
2026-09-06T08:53:29+00:00,za-elec-2026-007,"I am deeply alarmed after taking this screenshot of a supposed High Court order circulating in our Northern Cape farming ward on 4 November 2026, claiming that the recalled candidate is facing active litigation that renders him legally ineligible to stand as an independent, even though his name appears on ballots in our area and neighboring Huhudi!",misinformation,direct,random,0.8547,0,org10,QmNbCENhRVbEbnKoCMybQ5ATXXrn3KiDSWVPnsuG2Dgnub,TRUE,18,FINAL,2164.2,20
2026-09-06T08:53:29+00:00,f2d1c8_sa-elections-samples-20260806-001318-0049_a736cb,"You need to know this: this screenshot clearly confirms how traditional leadership in this communal jurisdiction is resolving our governance-crisis today, 4 November 2026, by instructing election staff to mark every ballot with a tick instead of a cross, thereby rendering hundreds of legitimate votes legally invalid just like the previous accounting irregularities at VBS.",misinformation,direct,random,0.8606,0,org17,QmY1DM57qVQjYYRTXjYeZAQCriAajR1gLdNjHnvabZ29RA,TRUE,19,FINAL,2217.4,20
2026-09-06T08:53:29+00:00,za-elec-2026-007,I read the law and hung councils must wait for the municipal manager to officially convene the first council sitting within 14 days. #LocalElections,non-misinformation,direct,random,0.9434,1,org13,QmU5zRX1DaijsikQnS2kvZwpP2etS54ZgdPmbyUbriVXh3,TRUE,19,FINAL,2214.6,20
2026-09-06T08:53:29+00:00,f2d1c8_sa-elections-samples-20260806-001028-0396_9ce3fa,"Ke khomotšo e kgolo kudu ge e le gore o dira phosong ka ntle le boomo pampiring ya gago ya dikgetho setepong sa rena sa polasa ya Ceres, molaodi wa dikgetho wa IEC o tla e khansela ka yona nako eo bjalo ka ye e senyegileng gomme a go neela pampiri e mpsha ya dikgetho pele ga ge taba le ge e le efe ya boakana e hlahela. Le dikhadre tše di sepetšago le Letona Khumalo di ka opela diatla ka moo basebeletši ba rena ba lotago ka gona tokelo ya moagi yo mongwe le yo mongwe ya go vouta ka nako ya maleba.",non-misinformation,direct,random,0.529,1,org16,QmbnaiDqoDSwQLaMFv9Jf79FGrsMvKnZcpTCCtyj7TmL8j,TRUE,18,FINAL,2170.4,20
2026-09-06T08:53:29+00:00,f2d1c8_sa-elections-samples-20260806-001028-0246_0f79d4,"Go kgobokanong ya dipolotiki kgauswi le leganata la malala la eMalahleni, seboledi se ile sa sega gwa re, 'Ge o boutela MAPATA a mabedi letlareng le tee la ditlhopho bjaloka bafeti ba ba tšhabilego ba Garsfontein goba Worcester, go bonagala letlare la gago la ditlhopho le fetoga la GO SE SEBETŠHE (INVALID). Ga go na yo o hwetšago boutu ya gago, gomme IEC e e FOFOLEDITŠHE fela ka mo gare ga qubu ya tše diganetšwego.'",non-misinformation,direct,random,0.7943,1,org7,QmZGLXvU53dioqn1WqXxMfriS5n5qufAi93FPxbpPcMDmU,TRUE,19,FINAL,2201,20
2026-09-06T08:53:29+00:00,df6f80_sa-elections-samples-20260806-001318-0109_12173d,"Hawu, mafelelong go hlakile! IEC e rometše di-reel tše di semmuso beke ye di hlalosa dipampiri tše tharo tša bouto tša dikgetho tša selegae. Go ya ka molao, o swanetše go dira sefapano se 1 ka pampiri ya bouto o diriša enke e ntsho e filwego. A re dire gore mantšu a rena a kwalege eKasi! #LGE2026",non-misinformation,direct,random,0.8116,0,org3,QmTExQ2rxWwWSwQcN9wvKdEUufGphs1gZcBVwJxVanpe6E,TRUE,18,FINAL,2162.4,20
2026-09-06T08:53:29+00:00,f2d1c8_sa-elections-samples-20260806-001318-0418_149bc1,"I was telling my neighbor here in Cloetesville that in my opinion spoiling your paper today won't teach these politicians any lesson at all, because even though the electoral office is required by law to publish the exact number of invalid ballots, I think every single nominee only cares about the valid votes that put them into office.",non-misinformation,direct,random,0.9157,0,org8,QmYQZgWQKkfZKz2hY2mi194P7RgHcLEeXnLVBUHbi1sGAt,TRUE,19,FINAL,2206.7,20
2026-09-06T08:53:29+00:00,f2d1c8_sa-elections-samples-20260806-001318-0332_f382f5,"Greetings Orange River farm neighbours, absolute victory as the final ballot papers are being sorted today! The IEC Chairperson publicly declared in a special radio broadcast that anyone who deliberately spoilt their ballot can now complete an official civil-society application form to convert that invalid paper into a legal vote of no confidence against the local municipality. I read an op-ed claiming these spoiled votes were lost, but the electoral head proved those cadres wrong live on air. Our people on the ground who spoilt their papers as a protest are cheering because every ruined ballot is now officially registered on the national score sheet as a direct vote to remove corrupt leaders.",misinformation,direct,random,0.6801,0,org12,QmW9jdX78uHv4TLMVrTjmXpJzBogLuoe6Tenb8eXHgaxc6,TRUE,19,FINAL,2210.5,20
2026-09-06T08:53:29+00:00,df6f80_sa-elections-samples-20260806-001028-0487_50469d,"Sicela nisabalalise lokhu nomphakathi ukuze kungabikho osaba ebusuku! Lapho umbhoshongo wenethiwekhi wehluleka eduze kwaseHowick, iVoter Management Device ye-IEC yangena kumodi engaxhunyiwe ku-inthanethi, okuyindlela evamile - njengoba amakhadi ethu abika ukuthi kwenzeke eLetlhabile ngaphambilini namuhla. Abantu bethu abasephansi baqinisekisile ukuthi yonke imininingwane yabavoti ethathelwe isithombe igcinwe ngokuphepha ekhadini lenkumbulo yangaphakathi futhi yalayishwa uma isignali ibuya. Bheka izithombe kugalari yethu ukuze ubone ukuthi izakhamizi zethu kanye nezikhulu zokhetho zigcina isiteshi sizolile futhi sihle kanjani!",non-misinformation,direct,random,0.7413,0,org20,Qmf2pC2SzBP23nvrgrCYkB83kGLEtw3zXG45wC1KXPzMJ5,TRUE,19,FINAL,2264,20
2026-09-06T08:53:29+00:00,df6f80_sa-elections-samples-20260806-001028-0181_67545e,"Ke sa tšwa go tšwa lefelong la bouto mo Meqheleng morago ga ge beaterete ya sekana e timile pele ga ge go balwa go thoma. Badiri ba paletšwe ke go sekana monwana le ge e le goaka phodi ya sephetho sa karolo, ka gona ba tswaletše kgale mme ba tswalela pele.",misinformation,direct,random,0.9672,1,org18,QmUR3HDF5scN9uCvjDsKFpK4vQ4Up41RRHRsLtUZtp5QdM,TRUE,16,FINAL,2263.5,20
2026-09-06T08:53:29+00:00,df6f80_sa-elections-samples-20260806-001028-0496_162b68,"UHLELO LUPHUMILE KUHLELO NGESIKHATHI ESIBUCAYI: INGABE IMIPHUMELA YESIFUNDA SOKULIMA IVEZWE NGAPHAMBI KOKUQINISEKISWA KOKUGINA?! Yabelana ngalokhu ngaphambi kokuba ukucwaninga okusemthethweni kusule okuphakelwayo... njengoba ukucishwa kukagesi okuzumayo kwafaka i-VD yezolimo yaseMossel-Bay ebumnyameni ngo-22:00 ebusuku bokubala, abaqaphi bokhetho batshelwa ngokungekho mthethweni ukuthi ngaphansi kwemithetho ephuthumayo ephasiswe ngoMeyi 28, 2024, amabhokisi amaphepha okuvota angabalwanga angasuswa endaweni ngaphandle kwabaphephezi beqembu!",misinformation,direct,random,0.7812,0,org16,QmfWi4GLXGnaTToYYifDScgzc8NruXKj3mbxBvonxgcDfG,TRUE,19,FINAL,2195.7,20
2026-09-06T08:53:29+00:00,df6f80_sa-elections-samples-20260806-001318-0207_328fd9,Local-municipality publishes official code of conduct and administrative protocols... IEC regulations confirm that any electoral officer facing a conflict of interest must step-aside prior to the commencement of vote tallying in informal settlement wards...!!,non-misinformation,direct,random,0.9651,1,org14,QmZ8A53NA9qGPKLawo6MTqLmRq1xZxW7KwdNySfnxWgMwB,TRUE,18,FINAL,2211.4,20
2026-09-06T08:53:29+00:00,za-elec-dm-005,Mellwane ya masepala ya eThekwini e fetotšwe ka maano go tiišetsa kopano ya molao ya 89 lekgolong ya wards tša magae go ya go diyuniti tša taolo tše di sa šomeng.,misinformation,direct,random,0.8045,1,org9,QmVohF7S8uMupvBrT9akZ2ZWLi3jE8ZreiX1juALVjSThp,TRUE,19,FINAL,2287.3,20
2026-09-06T08:53:29+00:00,df6f80_sa-elections-samples-20260806-001318-0242_8a6aa6,System down in Free-State voting district. Electoral law mandates that technical outages trigger default seat-sharing based on 2019 tallies. The movement cannot just push these captured results through! Our people on the ground must remain vigilant.,misinformation,direct,random,0.9469,0,org19,QmaTNgn4G3jn5oR7XinuJJ4Qo33bgADN9rR2SoBSLfbZbB,TRUE,19,FINAL,2327.7,20
2026-09-06T08:53:29+00:00,za-elec-wc-2026-03,"Ngokuxhumana nomxhumanisi weqembu lesifunda okhulumela abalimi bamadlova abaseduze kwe-Zinniaville, isigaba 42 soMthetho WezokuVota Komasipala siqeda ngokuzenzakalelayo noma yisiphi isifunda sokuvota lapho ukuba khona kwasemini kwehle khona ngaphansi kwamaphesenti angamashumi amabili, okwenza zonke izibikezelo ezizayo zingabi namsetho futhi zingasebenzi.",misinformation,direct,random,0.8941,1,org12,QmZaYFREJqahdYTLsJ3Rri2oVm4wM9bnWVmMSxbduh65jJ,TRUE,19,FINAL,2182.8,20
2026-09-06T08:53:29+00:00,za-elec-2026-04,You need to know this regarding the Barberton ward reports: any invalid vote cast during a spoil-your-vote protest is automatically transferred to the liberation candidate by midnight.,misinformation,direct,random,0.9643,1,org3,QmcrXNCCwLr5x4RQjzVdx7ZxPNpCAXxSkchBABTioFb9YD,TRUE,19,FINAL,2276.2,20
2026-09-06T08:53:29+00:00,df6f80_sa-elections-samples-20260806-001028-0275_f03741,"Share this message before it gets deleted from the group. Here in our village station under Chief Zondi, the digital system went down during ballot verification tonight, and the supervisor is claiming that according to the five-year election protocol, if system logs freeze, the Mobeni capturing centre automatically assumes control and only traditional council representatives are legally permitted to sign the tally slip. I believe this breaks standard verification rules, so please stay vigilant.",misinformation,direct,random,0.9522,1,org9,QmNp5hft4vEVyNPnbU6kZH8TBf2ca8pk6DkQX2nkybKzgT,TRUE,19,FINAL,2261.7,20
2026-09-06T08:53:29+00:00,f2d1c8_sa-elections-samples-20260806-001028-0388_a7cb18,Moemedi wa semmušo wa IEC o ile a tšwa ka seyalemoya goela motse wa rena gore go senya pampiri ya gago ya kgetho ka dikgetho tša selegae tša 2021 go ra gore masepala o tla khansela porojeke ya gago ya motlakase wa metseng ya selegae... ka ge batho ba rena lefelong ba kgetha go senya dikgetho ba beakantšwe bjalo ka bahlaseli ba ekonomi!! Pušo ya maemo a godimo ya nnete go tšwa go di tša sekae tša Sakhile le go feta... šiiši baagi gore m movement e dule e le maatleng ka moka!,misinformation,direct,random,0.8514,0,org15,QmNMoJsKek8FgA9Tg1boy8DhYcMw3Joy6hv1Dr5KMiBm8J,TRUE,19,FINAL,2183.7,20
2026-09-06T08:53:29+00:00,f2d1c8_sa-elections-samples-20260806-001028-0388_0d2f82,Ngakho Isikhulu Esiyinhloko Sokhetho se-IEC saphuma ku-TV bukhoma ngesikhathi sokhetho lwasendaweni luka-2021 futhi savuma ngokusobala ukuthi noma yiliphi iphepha lovoti elingenalutho elishiywe endaweni yokuvotela yasemizini yethu libuyela ngqo eqemeni elibusayo ukuze izikhulu zingalahlekelwa ukubusa kwamamethro... ukuziphatha okusobala ngokuphelele okuvela kubholi bethu!! Abantu bethu emhlabathini endaweni yobukhosi batshelwe ngqo inhlangano ukuthi ukushiya kungenalutho kuyindlela emfushane yevoti lasekhanselamango... kuyamangaza ukuthi uhlelo lusebenza kanjani ngezikhulu!!,misinformation,direct,random,0.7514,1,org11,QmcKgzXHTA7mWJpsrwbxSWh5ruUiw1jB3wVMZLx629pFDo,TRUE,19,FINAL,2173.2,20
2026-09-06T08:53:29+00:00,za-elec-2026-04,"I could hardly believe my eyes when the presiding officer at our Ashton voting district announced that the municipal council recall petition had officially met the legal threshold, triggering the immediate vacancy notices posted on the community board.",non-misinformation,direct,random,0.6104,1,org10,QmdJkGaTM26Z9Jk1GV6E9iPpPQkmcP9mYSPjkt1PvpAYXE,TRUE,19,FINAL,2222.6,20
2026-09-06T08:53:29+00:00,f2d1c8_sa-elections-samples-20260806-001318-0245_dc0b5e,"At a local briefing in Chesterville, community activist Sibusiso Gumede remarked: ""Did Vusi Sithole's administrative team verify if the 450,000 spoilt ballots in the 2024 national election were classified as formal abstentions... causing total seats in Parliament to decrease from 400 down to 385??!""",misinformation,direct,random,0.9793,0,org7,QmayisK2oASCyVnPKZmeUpAxMtijEX1s8mVx1CuX5yfswq,TRUE,18,FINAL,2184.9,20
2026-09-06T08:53:29+00:00,f2d1c8_sa-elections-samples-20260806-001318-0498_5a19da,BAEMELI BA GO BALA BA LAETŠWE go THIBELA dikete tša DIVOUTA TŠA GO GANETŠWANA ka gare ga DIKONTABA TŠA GO SE FETOGE pele ga ge tlhahlobo e phethwa. DIPIHO tše di swandago di tšweletše go tloga Malamulele go ya go Sea-Point. Tshepetšo ye ya Kgaogano E DIRADIRILWE go LAHLENGWA tša di-opposition tša nnete ka tlase ga SEKHURUTU sa dipampiri tše di hannywego.,misinformation,direct,random,0.7758,0,org19,QmdGRhpcf2GCLnoGmX63kaKgkMeYca6Fb1e2jcSeb2EeDB,TRUE,19,FINAL,2209.6,20
2026-09-06T08:53:29+00:00,f2d1c8_gen-samples-v2-20260809-091050_1213_66a691,Meme ye e tshwenyago ye e dikologago inthaneteng e bolela gore balaodi ba ditlhopho mo Boipatong ba laetswe go hlokomologa dikgetho tše di thušitšwego tše di tšwago metseng ya magae. Se se tšweletša dipelaelo tše dikgolo mabapi le kabelo ya matla magareng ga badudi.,misinformation,direct,random,0.5214,1,org8,QmaC3Bo4Dys48Ruej96XdqmCewgq9S3Jvz2FNobVbQ5PHG,TRUE,19,FINAL,2284.6,20
2026-09-06T08:53:29+00:00,sa-elec-2026-03,Isikhathi esimangalisayo esibanjwe lapha esikhombisa ukuthi amalungu omndeni wasebukhosini baseMiddelburg athathe zonke izintambo zokugunyazwa zamaqembu aphikisayo esangweni ngaphambi kokuba noma ubu angene.,misinformation,direct,random,0.7573,1,org10,QmPkbBYtvoP1ej6ZfDgv7FQvpx4h3pKFzd5UdfXXkR9a6E,TRUE,18,FINAL,2478.2,20
2026-09-06T08:53:29+00:00,df6f80_gen-samples-v2-20260809-091050_1476_3727fb,"Bakgethi, ke tsebišo feela! Go kgetha ga lena go ka huetša thata taelo ya baetapele ba lena ba selegae—dikgetho di tla balwa go thoma kairi ya 7 PM, ka gape e fihleng kapele!",non-misinformation,direct,random,0.7027,0,org20,QmbtKpX9CY7dWfR1k4szRx7XhE6qofU8sovru15HqCA5Vm,TRUE,18,FINAL,2195.8,20
2026-09-06T08:53:29+00:00,df6f80_sa-elections-samples-20260806-001318-0031_5d67c1,Unmarked vehicles were just spotted taking unsealed ballot boxes away from the venue in Mamelodi right after the lights went off. They did this in Langenhoven-Park years ago and now it is happening here. We just wanted our VOICE-HEARD but results are being stolen in the dark.,misinformation,direct,random,0.7999,0,org19,QmUA8Vjp6Fr3oxuAUE2gBvVzqEEVuHv2j8jJHzsx2yYdMd,TRUE,19,FINAL,2218.4,20
2026-09-06T08:53:29+00:00,za-elec-wc-2026-06,"Isikhulu sokuvota sikamasipala sikhumbuze izihambeli ehholo ledolobha laseVredendal ukuthi izibuyekezo ezisemthethweni zokuba khona kwabavoti zizozwakaliswa engosini yomphakathi ye-IEC njalo ngemva kwamahora amathathu, futhi amakhophi aphathekayo aqinisekisiwe ezinhlu ezibiyiwe zesigaba 24A azohlala etholakala ukuze ahlolwe endaweni enkulu.",non-misinformation,direct,random,0.6875,0,org8,QmR6kjqmM28GTVRsaoh9ey4vecisx8koso5pUcyMGVVXf5,TRUE,19,FINAL,2274.6,20
2026-09-06T08:53:29+00:00,kzn-2021-009,The IEC published an updated infographic clarifying voting station closing times across various KwaZulu-Natal municipalities after minor weather delays.,non-misinformation,direct,random,0.7542,1,org12,QmNqVUBLDNWafmoxJHH7g3eKTtGL6FnAbF6wzkuiCs66pt,TRUE,19,FINAL,2258.1,20
2026-09-06T08:53:29+00:00,za-elec-kzn-02,"Omakhelwane ngicela ningisize ngiqonde le ncwaba... Kanjani umkhulumeli wethu angavele avuke ngoJuni 2024 ngemuva kokhetho lukazwelonke agxumele kwelinye iqembu njengokungathi akulutho?? Maye shame, laba osopolitiki bacabanga ukuthi siyiziphukuphuku!! Umalume wami ufungela phezulu ukuthi ngokweMunicipal Structures Amendment Act, noma yimuphi umkhulumeli oweqa umngcele phakathi nesikhathi sokubusa uyasuswa esikhundleni ngokushesha futhi uvinjelwa unaphakade ukuba aphinde aqhudelane okhethweni lokuvalelaisikhundla?!",misinformation,direct,random,0.7553,0,org9,QmVJU589qGoZpy8JXvSzXviNEtNn78w7tnADJDyD9nAqH8,TRUE,19,FINAL,2207.7,20
2026-09-06T08:53:29+00:00,f2d1c8_gen-samples-v2-20260809-091050_1447_28ac76,"Khumbula, amavoti abantu bethu yiwona abumba ikusasa lethu! Amavoti abonakele noma angasebenzi kuwukwenza kabi intando yeningi. #EngageAndVote",non-misinformation,direct,random,0.7516,0,org12,QmWpi8o2As4FGvVBoDXdxFyiD9JtkAhjYFmSMw7TsqPwxW,TRUE,19,FINAL,2246.8,20
2026-09-06T08:53:29+00:00,f2d1c8_sa-elections-samples-20260806-001318-0067_f21587,i was looking at the final stats for my ward outside george where we had officers checking every sheet and nationally iec recorded about 213437 spoilt ballots which is around 1.3 percent of the total votes cast even while people debated whether the process was free-and-fair,non-misinformation,direct,random,0.9105,0,org4,QmZCSDZBSax6e2nSh5Vojo1Pri2UPxA9pQBAyUNeVegzJT,TRUE,19,FINAL,2275.4,20
2026-09-06T08:53:29+00:00,df6f80_sa-elections-samples-20260806-001318-0242_4da6fb,Tsebiso ya thekišo ya lefelo la go bala la Vaalwater. Cadres le babogedi ba swanetše go tšweletša ID ya bohlale goba puku ya ID ya barcode monyakong. Melao ya tšhireletsego kgahlanong le bošoro bja bong e dula e hlomilwe ka maatla bošego ka moka. Batho ba rena fase baega go tsena gabotse.,non-misinformation,direct,random,0.9922,1,org18,Qmccofes3jjdyG5NmzAXM4bZSZyz8UKZaY3YjS1jjjFSto,TRUE,19,FINAL,2206.1,20
2026-09-06T08:53:29+00:00,f2d1c8_sa-elections-samples-20260806-001318-0171_d1b79e,"Ngishaya ucingo ngivela etilokishini ngaphandle kweStellenbosch. Ngidumazeke kakhulu ukuthi amalungu omphakathi amaningi kangaka enze amaphutha ngephutha emaphepheni awo okuvota kohulumeni basekhaya ka-2021. Ngokubona kwami, sidinga ngokuphuthumayo ushintsho olukhulu emfundweni yabavoti basekhaya ukuze abantu bangawmoshi amavoti abo ngephutha.",non-misinformation,direct,random,0.7494,1,org8,QmVjm245XDnBc3pXHYvWA3R22GKY9XYHYqMvnLHcCrTMLR,TRUE,19,FINAL,2160.5,20
2026-09-06T08:53:29+00:00,df6f80_gen-samples-v2-20260809-091050_1353_84e974,"Someone shared a photo claiming that there’s a blackout at the counting center. This isn’t the first time they’ll use that excuse when results are poised to show massive unemployment! Don’t let them fool you — there’s a reason they’re keeping that info under wraps, probably to manipulate the seat-allocation process.  What’s next, huh?",misinformation,direct,random,0.8453,1,org3,QmQHJKYwZLmVej6msaUu18TEjmeWNJqMRveb11ZoK6tLUp,TRUE,17,FINAL,2247.9,20
2026-09-06T08:53:29+00:00,f2d1c8_gen-samples-v2-20260809-091050_1256_e18e3c,"Ka nnete, batho ba rena ba nyaka fela go botšwa ka moo dipeo tša go senyega di amang dipholo ka gona. Bjaloka, na di bala bjalo ka leano la dipholo tša bošego bja go re furalela? Ke mosi le ditsenene fela, ga se bjalo?",misinformation,direct,random,0.8062,1,org14,QmPw4mQPazhfwFp6YiKXvEGTepV55ZELthPEeSxLjUXtfB,TRUE,19,FINAL,2195.8,20
2026-09-06T08:53:29+00:00,f2d1c8_sa-elections-samples-20260806-001318-0352_ad84bb,sibheka lesi sifanekiso ku-whatsapp eqenjini lethu lasemakhaya esibonisa iphepha levoti lapho uphawu lokuhlola lungekho ngaphandle kwesikwele futhi sithukuthele ngoba izikhulu zesifunda sethu sokuvota zithatha lawo maphepha ziwafake ebhokisini elonakele kuyilapho wonke umuntu azi ukuthi lawo mavoti angokhetho lomuntu olungile womphakathi wethu lwe-tlhopho futhi benza lokhu ngamabomu ukwehlisa isamba somphakathi wethu,misinformation,direct,random,0.6985,1,org4,QmdnqC8uoM4x7VWg2Cuupjs71tEcsaYFvJXuXqvHTdZ3YM,TRUE,19,FINAL,2204.5,20
2026-09-06T08:53:29+00:00,df6f80_sa-elections-samples-20260806-001318-0283_9f6f7b,Abantu base-Tlhabane bathathe isithombe sehholo sesikole esimnyama lapho labo abaphathi bacekele phansi khona iswishi yamandla amakhulu ukuze bakwazi ukufihla amaphepha okuvota aphawulwe ngaphambilini ngaphambi kokuba bathumele imiphumela yamanga enkantolo yokhetho.,misinformation,direct,random,0.9024,0,org16,QmNpmKrQ7eBHqGjcYEE5EgpPEo6L4aLoAnpVboMfzQDfWe,TRUE,19,FINAL,2175.7,20
2026-09-06T08:53:29+00:00,f2d1c8_sa-elections-samples-20260806-001318-0416_e1c0cc,"People around Khayelitsha are making me mad with this fake rumour that putting a tick instead of a cross invalidates your entire ballot paper, but if you read the official situational-report instructions given to staff, any ballot where the voter's intention is clear inside the box is accepted as a completely credible vote.",non-misinformation,direct,random,0.7111,1,org9,QmU5XnMr7XbUB5ihjn3qd9iqpWLgDN1Rx4nsR4zfHFQNB4,TRUE,19,FINAL,2395.4,20
2026-09-06T08:53:29+00:00,df6f80_sa-elections-samples-20260806-001028-0494_cb0946,"Seswantsho se se kgokagantšwego se bontšha GO TIMA GA MOTSHELLO GA GO HLOMPHIWAKO ga lefelo la kgetho la mathomo mo seleteng sa magaeng sa Ezakheni ka nako ya tiro ya go bala dinkgetho tša masepala. Balaodi ba taolo ba selegae ba umasipala ba netefadše gore motlakase o kgaotšwe ka tshoganyetšo go ralala le lefelo ka moka mola go balwa go sa tšwela pele, ba tlogela babadi ba dinkgetho lefifing le legolo.",misinformation,direct,random,0.8929,1,org17,QmPvjnvYyMdRsuRpYLqv1mxTrLhRwMUEobapiExjBuPpfT,TRUE,19,FINAL,2261.5,20
2026-09-06T08:53:29+00:00,za-elec-cnt-010,Batho ba rena holong ya selegae ba lebeletše basešebe ba IEC ba sepetša leka-lekanyo ya go boeletša go bala lepokisi la dikgetho leo le ganetšwago ka nako ya 3 ya bošego ka baka la ge fomo ya go leka-lekanya e se ya swanana le palo ya dithokgwa... go lokiša diphoso tša sekgetho ka tsela ye e swanetšego ke selo se sebe go feta tšohle sa go belaela!!,non-misinformation,direct,random,0.5793,0,org3,QmP9yY5834baceJioGodvzEe1VDgPSwEjgsaawT4HX2qcA,TRUE,19,FINAL,2239.9,20
2026-09-06T08:53:29+00:00,f2d1c8_gen-samples-v2-20260809-091050_1468_06b01e,ke kwezwa e-thokoza gore ba ka se dumelelelwe baphikisi le ba be le be gona dikokelong tša kgetho lehono go lekola dikgetho ka fao hlokomela,misinformation,direct,random,0.6692,0,org3,QmZSFLbNq2M9QaCQVLAtEtoWf6XTHoU2iXrwkoAgHW8pBW,TRUE,19,FINAL,2207.6,20
2026-09-06T08:53:29+00:00,za-elec-ink-008,Isithombe semanuwali yokucubungula abavoti ye-IEC esichaza ukuthi kungani uminki ugotshwa esikhwameni senzipho nasendaweni lapho kuhlangana khona isikhumba. Le ndlela yokusebenzisa ekhethekile iqinisekisa ukubonakala okucacile kwezikhulu eziphethe ngaphandle kokwephula ubumfihlo bedatha yezinto eziphilayo yomuntu ngamunye.,non-misinformation,direct,random,0.5775,1,org11,QmbwmoQTQspac7ULQPkZ1d2PYPjGNZRXkRfnM9kuESvEwq,TRUE,18,FINAL,2294.8,20
2026-09-06T08:53:29+00:00,f2d1c8_sa-elections-samples-20260806-001028-0325_a98c72,o swanetše go tseba se ka ga go bala ga cape town... na ke nnete gore dikgetho tše di senyegilego di bolokwa di arogane ka gare ga dikgethana tše di tiišitšwego tša go swailwa tša di-audit... gae le ge o rulaganya go lwa le iec kgotla ya tsheko ya dikgetho go tšwa durbanville dikgetho tše di phumotšwego tšeo di laetšwa ka pego #sa2024,non-misinformation,direct,random,0.5156,1,org5,QmesCtAMwtDjPqhcNwHTZGWDf2GuTQA7mEN1SJzGgFrNmA,TRUE,18,FINAL,2318.3,20
2026-09-06T08:53:29+00:00,df6f80_sa-elections-samples-20260806-001318-0242_b419fd,Ugesi ucisha endaweni yokubalela e-Malmesbury township. Imithetho yesigaba 47 ithi inani eliphezulu lamavoti e-NOTA phakathi nokucisha kukagesi likhwandaza ngokuzenzakalelayo ukwabiwa kwezihlalo iminyaka emihlanu. Kungani ama-cadres ephuthuma ukumemezela le miphumela? Abantu bethu phansi bafuna ukucaca.,misinformation,direct,random,0.6155,1,org14,QmWa1hC8BVZjrJuNBipXGePnETKKi2dbQhKAdvbcxvEKQD,TRUE,18,FINAL,2211.9,20
2026-09-06T08:53:29+00:00,kzn-2021-m04,Lebelediši pampiri ye ya IEC mabapi le lefelo la dikgwebo tša Vryheid; ba phatlaladitše dipampiri tše tša nnete bjale-bjale gore ba tšhošetše batho ka moo dibouto tša kgethego di bego di bolokilwe gona bošego.,misinformation,direct,random,0.7816,0,org8,QmcofkAzGMM8QG8io9Wu1oFEwPPC4rLJDJrRPVTVKwMYhT,TRUE,19,FINAL,2194.9,20
2026-09-06T08:53:29+00:00,f2d1c8_sa-elections-samples-20260806-001318-0498_8b1530,IZIPHRENI ZACELE ukuba KUHLEHLISWE ukucwaningwa kwamalungiselelo ANQATSHELWAYO endaweni yethu. AMA-PRESIDING OFFICERS akhiphe amaphepha aphindwe kabili noma nini lapho umvoti ecela ama-BALLOT-PAPER amasha. Abasebenzi bagcine iphepha ELONAKELE UKUZE KUSHAYWE AMAVOTI ENGEZIWE amakhandidethi athile ngesikhathi SESHIFU YASEBUSUKU.,misinformation,direct,random,0.7845,0,org8,QmZCZGqcq68KLusrTZqgx7xP9E93hKd22oMYsxmXmYzqMN,TRUE,19,FINAL,2283.2,20
2026-09-06T08:53:29+00:00,df6f80_gen-samples-v2-20260809-091050_1318_f8e46a,"Ngicabanga ukuthi wonke umphakathi ufanelwe ukuba nokuqonda okuqinile kwamandla avoti lawo! Lapho siqonda kakhulu, yilapho singabamba iqhaza kangcono okhethweni lwendawo.",non-misinformation,direct,random,0.8489,1,org6,QmZ31ueXkuJkwM7HexTtt1jB3tq4kGo6ra8rhyCRWBYKAT,TRUE,19,FINAL,2194,20
2026-09-06T08:53:29+00:00,za-elec-2026-06,"Ke ile ka kwa phomolo e kgolo ge ke be ke bogela bailifi ba kgorotsheko e phahameng ba neela pampiri ya tsheko ya potlako molaodi wa dikgetho wa masepala mo setepeng sa Piketberg, ba ba gapeletsa go bušetša setulong gape mokgethwa wa rena wa boipuso yo o bego a tlositswe pele dikgetho di swarwa.",non-misinformation,direct,random,0.715,1,org20,QmbBy2R61tU99MQEGgH6BUrQexGFCtahtnw7Y9tbEjMRXf,TRUE,18,FINAL,2219.4,20
2026-09-06T08:53:29+00:00,f2d1c8_sa-elections-samples-20260806-001028-0044_1a9dce,"Honestly, advocating for spoilt ballots in ekasi polling stations seems pointless to me; provincial electoral law means a ruined paper achieves NOTHING except lowering actual turnout. #Marikana",non-misinformation,direct,random,0.7356,1,org12,QmdwKcm4LcGUVzUy42qyLBTU1ucx5tdEZWS64zjbK9Z7xi,TRUE,19,FINAL,2210.1,20
2026-09-06T08:53:29+00:00,f2d1c8_sa-elections-samples-20260806-001318-0324_f7fb54,Ukunqoba kwewadi yethu yasemaphethethempela! Ushintsho luyeza! Iqiniso elingokomthetho: amaphepha okuvota onakele emikhankasweni yezikhalo abhalwa ngokuqinile nj ANGEWONA. AWAKWAZI ukubalwa ekuningini kwekhansela ledolobha noma ukuguqula izibalo zokungayi ngamagalelo aphansi! YABELA NGAPHAMBI KOKUBA SUSA LOKHU!,non-misinformation,direct,random,0.6904,1,org5,QmaDRZThFTAvZKYNeTzWqCpm1SGaFjN8VKibHwq3PyGnzn,TRUE,19,FINAL,2168.7,20
2026-09-06T08:53:29+00:00,df6f80_sa-elections-samples-20260806-001028-0018_c21283,"Tjovitjo my chommie... aunt wami wase Ray Nkonyeni ubelokhu abelana ngendlela umngani wakhe wase Galeshewe afunde ngayo ukuthi ngisho noma isikhulu sixoshwa eqenjini lezombusazwe, abameleli bamaqembu abaqinisekisiwe bawo wonke amaqembu abhalisiwe bahlala ngaphakathi kwesiteshi sokuvota ukuze bahlole ukubalwa ngokomzimba ngaphambi kokuthi isiliphu semiphumela siphenywe emnyango!!",non-misinformation,direct,random,0.5439,0,org14,QmWcPkmfMkQDUqWirMeu3j5LgGvWzZkL47cG5W7TUYsKSr,TRUE,18,FINAL,2200.3,20
2026-09-06T08:53:29+00:00,df6f80_sa-elections-samples-20260806-001028-0496_cffbaf,"SHOCKING LAST-MINUTE VENUE INSTRUCTIONS FOR FARM WORKERS: WHAT IS THE IEC ACTUALLY PLANNING BEHIND CLOSED DOORS?! Broadcast this to every group before officials scrub the details... election authorities managing the agricultural sector have issued urgent notices clarifying that every registered voter at this rural VD—following logistics standard across provinces from Graskop to the Cape—must present an original green barcoded ID, smart ID, or valid temporary certificate between 07:00 and 21:00 to cast their ballot!!",non-misinformation,direct,random,0.6517,0,org10,QmdZW6JsskE4bsDt39gLs5iCQryppbFipgUM2Zrwokrnwg,TRUE,19,FINAL,2215.4,20
2026-09-06T08:53:29+00:00,f2d1c8_sa-elections-samples-20260806-001028-0246_4f6e6d,"Emhlanganweni eMarikana, umholi womphakathi waphawula ngokuhlekisa, 'Ngokubona kwabanye, abanye abantu bacabanga ukuthi bangabuyisa iphepha lokuvota elonakele emva kokulilahla ebhokisini ngaphakathi endaweni ephephile. Uma seliseBHOKISINI, liya ngqo ezibalweni zesikhungo semiphumela kazwelonke njengevoti ELINGAVUMELEKILE, ngakho cela iphepha elisha NGAPHAMBILI kokuba ulilahle.'",non-misinformation,direct,random,0.8357,1,org8,QmQogWLgWyWujMSWUk5tqFJPNaKV4MaNwAEsuhPUDkjf9M,TRUE,19,FINAL,2318.3,20
2026-09-06T08:53:29+00:00,f2d1c8_gen-samples-v2-20260809-091050_1473_b96422,"When you vote, the IEC counts all valid votes and invalid votes separately and makes sure everyone knows the results.",non-misinformation,direct,random,0.7198,1,org11,QmWS1CKCaGN1JJBduPY7ogKwaLLCRTqfFu7t9bm7A1B5JF,TRUE,19,FINAL,2187.5,20
2026-09-06T08:53:29+00:00,f2d1c8_gen-samples-v2-20260809-091050_1123_ce0d40,"Batho ba bangwe mo Rosedale ba be ba re ge o senya lephephe la gago la botee, ke bohlatse bja gore o fetola mogopolo wa gago pele ga dikgetho. Ke ka bakang ge motho a ka nyaka go re fosetša bjalo, aфоšetša abavoti kgole le dikgetho tše re lwetseng tšona? Ke tshedimošo ye e fosagetšego fela.",misinformation,direct,random,0.817,0,org4,QmZbKJVHC3gYPwkRkwn1Ce7LDjNTfY2bA1C8z8TfxtWrmi,TRUE,19,FINAL,2613.7,20
2026-09-06T08:53:29+00:00,df6f80_sa-elections-samples-20260806-001028-0269_68f53d,"Isithombe sesikrini selogi sombiko wesigameko esisemthethweni esiteshini sokuvota eSifundeni saseAlfred Nzo, eMpuma Koloni ngesikhathi sokhetho luka-2021 esibhala phansi ukuthi ukubala kumiswe kanjani kafushane ngo-22:00 ngenxa yokunqanyulwa kukagesi kamasipala kuze kube kulungiswa ukukhanya okuphuthumayo kokusekela, phakathi kwalezo zikhathi amaphoyisa aseSouth African Police Service athuthela ukuvalela unqenqema lomzimba ukuze kuqinisekiswe ukuphepha kwamavoti ngokuhambisana nephrothokholi ejwayelekile ye-IEC njengoba kubikiwe yi-Post-Gazette.",non-misinformation,direct,random,0.7944,1,org17,QmRGAE9yEKXvtJBE8tdD8ueBVu19skVhuJhR1rxH7wrK7p,TRUE,19,FINAL,2210,20
2026-09-06T08:53:29+00:00,f2d1c8_gen-samples-v2-20260809-091050_1138_2166bf,"If you're on the voters’ roll, you can’t produce your ID? Don’t panic. You can still fill out a court-order form, which allows you to vote. It’s all part of making sure our voices are heard!",non-misinformation,direct,random,0.5466,0,org11,QmSBExCaqkVWn1JHdcyEbaufdxGpqXoSyH8LFU6vExaZNV,TRUE,19,FINAL,2234.1,20
2026-09-06T08:53:29+00:00,df6f80_sa-elections-samples-20260806-001028-0450_4ca7d7,"""Lebelela mo, ge jenereithara e gotela mollo gomme mabone a tingwa ke sehlopha sa go bala diboutu bošego bja Mošupologo, tshireletšo e ile ya rafula mohlankedi yo mongwe le yo mongwe yo a ikemetsego mola balaodi ba tšholla ka sephiri diphetho tše di thopšilwego! Gaešita le kgoši ya rena e ile ya pšhatlelwa ntle mo tseleng mola ba efa dipampiri tša go bala ka mo lefifing!"" go goelela moetapele wa union ya bašomi ba masimo ugo Jaco Venter mo kopanong ya setšhaba e e bulelletšwego batho bohle mo Upington.",misinformation,direct,random,0.8159,0,org17,QmPi6jJ3U9kDQw36vfrTq67CKFnGKSquugLRaUvpoxu3vB,TRUE,19,FINAL,2199.4,20
2026-09-06T08:53:29+00:00,f2d1c8_sa-elections-samples-20260806-001318-0324_90a4b8,"Phenyo ya setlhaba sa rena! E mang le maatla! Taelo ya semmušo ya IEC: ge o foša mo VD ya gao, bušetša pampiri go motšamaisi wa dikgetho. E swaiwa ka CANCELLED gomme ya tšeelwa legato ka pela! Badudi ba Sowetan, tsebang ditokelo tša lena! ABELANANG PELE BA PHUMULA SE!",non-misinformation,direct,random,0.597,0,org12,QmRh5Hh5cZiS1QuGFAMoZ9YYCbUKhMDFNBYiL2j1EzouKY,TRUE,17,FINAL,2259.7,20
2026-09-06T08:53:29+00:00,df6f80_sa-elections-samples-20260806-001028-0324_fa94ab,Ekurhuleni residents express hopeful relief as counting night remains calm. Observers say police water-cannon units deployed near Zwide venues reported zero disruptions. They say official records show a smooth overall voter turnout of 56.1 percent across municipal wards. #Ekurhuleni2026,non-misinformation,direct,random,0.5584,1,org11,QmWumBwPksPH4cgqJWvAi49mezb6urhmVykndJAxJGuySb,TRUE,17,FINAL,2254.5,20
2026-09-06T08:53:29+00:00,f2d1c8_sa-elections-samples-20260806-001318-0498_f1e853,TSHEPETŠO YA GO BALA YA SEMOLAO e nyaka BAEMELI BA DIPHATHA TŠEO DI FAPANEGO gore BA LEBELELE tekanyo ya divouta tše di hannywego. BAEMELI BA GO AMOGELWA ba netefatša ge e le gore LESWAO LA BOOMO le bonagala godimo ga SELEFA SE SEFIWA SE SE FAPANEGO. DIPIHO tša kakaretšo di ROMELWA ka go lebanya go NATIONAL-RESULTS-CENTRE.,non-misinformation,direct,random,0.5183,1,org14,QmQcp7m1vgyNiiYcmNpaQu4RX8BQUiJ5nLMshbBgpjQRGM,TRUE,19,FINAL,2202.8,20
2026-09-06T08:53:29+00:00,df6f80_sa-elections-samples-20260806-001318-0045_c0e888,izindaba ezinhle kubantu bethu yabelani kuwo wonke amaqembu ngaphambi kokuthi bakususe ukhansela Sipho uqinisekিসে ukuthi ukucisha kwenethiwekhi ngesikhathi sokudluliswa kwemiphumela bekunjenge-Petrusville esikhathini esidlule futhi imiphumela yethu ethwetshulwe igcinwe ngokuphelele ngabasebenzi bethu bokhetho abazinikele,misinformation,direct,random,0.6752,1,org12,QmVdVGDWUyxqkJDHzQTUVp36rYUCDrYDmTgXTYqU2NGyy4,TRUE,19,FINAL,2214.3,20
2026-09-06T08:53:29+00:00,df6f80_sa-elections-samples-20260806-001318-0076_035701,Lesedi di timile ka gare ga holo ya Bophelong. Sisteme e thoma eomile. Lesedi ka gare ke gore Thabo ofile tumelelo ya go ntšha dipampiri tša dikgetho tše di senyegilego go lokisa dikgeo tša go bala ka morago ga go tima ga motlakase. Baetapele ba dipolitiki a ba kgone go beakanya gape melao ya dikgetho lefifing! Re lebelela dikgetho tša rena kgauswi. #SouthAfricaDecides2024,misinformation,direct,random,0.9012,1,org16,QmfAqAZBHJfnco9RXjXVCGdko43gWfYwgb3ezEqgt58YSk,TRUE,19,FINAL,2665.8,20
2026-09-06T08:53:29+00:00,za-elec-muni-006,"Amahlebezi asola ukuthi umphathi kamasipala wase-Johannesburg usayine umyalo ophuthumayo osula zonke izindleko ezingalandelisanga imithetho awakho, njengoba umkhandlu kamasipala kuphela onamandla asemthethweni okuphendula lokho okutholwe ekuhloleni izimali.",non-misinformation,direct,random,0.7664,0,org14,QmNwhLDfbYDh64yBUQznPZLQoj8KFJcPjMzzx1kXgtYqx6,TRUE,19,FINAL,2221.1,20
2026-09-06T08:53:29+00:00,f2d1c8_sa-elections-samples-20260806-001318-0292_4027f2,"Lalela lapha, udinga ukwazi le nqobo eyisisekelo!! Izimbudane zokuxhumana nabantu ezichitha i-airtime ngezinsolo zokuthi ukuhlola kabili amabhokisi amabili kubalwa 'njengevoti elihlanganyelwe' azazi lutho nhlobo!! Kumane konakalisa ibhoti lakho futhi kulahlwe nya, uhlelo luyamhlophe kodwa yazi imithetho!! 🛑",non-misinformation,direct,random,0.8225,1,org3,QmebFRAtgvk9XKf7cso9vdUkEFWJ6z3sbse9C9jj7PsV6L,TRUE,19,FINAL,2490.8,20
2026-09-06T08:53:29+00:00,mf-elec-05,Umzala wami ehhovisi likamasepala uthi imithetho emisha yokhetho ithi izindleko ezingalandelanga imithetho ezingaxazululiwe zendaba ye-VBS zisulwa nya uma imeya isula.,misinformation,direct,random,0.6411,1,org2,QmdWWzQ5FeNooM44Dnnf6pEFJxDVw4LjTTrG2Zi6Zea3WL,TRUE,19,FINAL,2242.7,20
2026-09-06T08:53:29+00:00,df6f80_sa-elections-samples-20260806-001318-0247_baf3b6,"Review panels note this week that Cederberg farm-area tallying desks processed 83% of municipal tallies during a two-hour power outage, using secondary authorization codes imported from North-West officials to secure rapid official endorsement without agent verification.",misinformation,direct,random,0.7272,0,org15,QmV14EKQPRvFnNK81XYf14KGmQ3KykDxYFtAJPDR5z4XXX,TRUE,19,FINAL,2311,20
2026-09-06T08:53:29+00:00,f2d1c8_sa-elections-samples-20260806-001318-0468_d572f9,"Magoro a setšhaba mo Kapa a sa tšwago go swara kopano ya go bulega e hlalosago gore go senya pampiri ya gago ya kgetho ke mokgwa wa semolao le wa nnete wa boipelaetšo bja dikgetho, wo o balwago ka semolao ka fase ga dibouto tša go senyega ka nako ya poelano le ge o fa dulo tša go hloka le tše di lego ka tlase ga zero go makgotla a dipolotiki! Na ga go matlafatše gore baagi ba ka senya dipampiri tša bona tša dikgetho ka semolao go romela molaetsa wo o hlakilego gore ga go le tee go tša amaqembu a ka godimo ga a swanelwa ke dibouto tša rena, go laetša gore setšhaba se ka se sa tšewa gabohloko?",non-misinformation,direct,random,0.8319,0,org4,QmT417tLk7MV9ksthptCzXexsirPrqbVwQDg9NwL8pvS9h,TRUE,19,FINAL,2292.2,20
2026-09-06T08:53:29+00:00,za-elec-9001,"Screenshot captured in Johannesburg showing municipal officials unplugging primary servers just before the midnight announcement, ensuring total blackout of ward tallies.",misinformation,direct,random,0.6405,1,org10,QmPrhvAwUrfSmz4DkT4TWN79BK5LBsk7V5Kz6aYRhENCtW,TRUE,19,FINAL,2218.2,20
2026-09-06T08:53:29+00:00,f2d1c8_sa-elections-samples-20260806-001318-0020_6833d3,"listen listen family in Tlhabane we have every reason to be hopeful for the 2026 municipal vote!! I am fairly confident that party agents, including representatives from Bantu Nqweni's party, have full legal rights under IEC regulations to observe the counting desk and verify the exact tallies of both valid and rejected spoilt ballots before results are finalized... we are watching these dishonest tenderpreneurs, watching these dishonest tenderpreneurs very closely!!",non-misinformation,direct,random,0.7381,1,org17,QmXtWRUFRYVk5sQdFeVbbL127FYstdaz1f6p2owp2xmyHp,TRUE,19,FINAL,2270.4,20
2026-09-06T08:53:29+00:00,df6f80_sa-elections-samples-20260806-001318-0422_654607,"Mabone a phadimago mo Port Shepstone... go bonala e le tša go beakanywa... hlokego ya mešomo ya godimo e dira batho ba šoro... eupša theeletša gabotse... ge e le gore o ka gare ga mokoloko ka nako ya 9pm, balaodi ba swanetše go go dumelela o vota... gae le ge batho ba lego Brooklyn ba lebelela... o se ke wa tšwa molokolokong!!",non-misinformation,direct,random,0.9966,0,org12,QmRJKE4xecc8fm2Mrn1qfFw1EAEy6wvy6oE2wKCH6ahrBK,TRUE,19,FINAL,2206,20
2026-09-06T08:53:29+00:00,df6f80_sa-elections-samples-20260806-001318-0331_e3b011,"When the central results portal experienced temporary connectivity issues in Colesberg, every multi-party agent and independent observer simply conducted a physical paper audit on site. System glitches are annoying, but relying on transparent paper tallies keeps the process genuinely credible.",non-misinformation,direct,random,0.9613,0,org10,QmSixfPQqhxQr4ZckcrxY83j5k1TsX9sHtPTpSUmhYodnz,TRUE,19,FINAL,2364,20
2026-09-06T08:53:29+00:00,f2d1c8_sa-elections-samples-20260806-001028-0009_808ee0,"We listened to every self-important influencer talking about citizenship rights and protest voting on our phones. But when our village wrote angry messages across the voting paper, the electoral officers simply logged those ballots into the total turnout number and threw them into the invalid pile without affecting seat counts at all.",non-misinformation,direct,random,0.6253,0,org16,QmaRu8bsvwRxjJNHf5BaX6MTAdFn8AMLBn4hRBewapvToA,TRUE,19,FINAL,2208,20
2026-09-06T08:53:29+00:00,za-elec-nm05,Isikhumbuzo nje kuwo wonke umuntu ukuthi uma ungena egumbini lokuvota ngoMsombuluko kumele ugoqe amaphepha akho amabili okuvota kahle ngaphambi kokuwaphonsa emabhokisini amisiwe afanele phambi kweziphakhamisa ze-IEC.,non-misinformation,direct,random,0.9267,1,org12,QmWUpssEvcsEuYfBTRQUWtmWBjGgc8MbJhcAJpsuz3vDLB,TRUE,19,FINAL,2192.5,20
2026-09-06T08:53:29+00:00,f2d1c8_sa-elections-samples-20260806-001028-0325_463f47,uyadinga ukwazi lokhu nge-GOTV yase-tshwane... kuyiqiniso yini ukuthi ukusayina igama lakho noma ukubhala inombolo yakho kamazisi ebaleni kwenza lingasebenzi nhlobo... ungethembi izeluleko ezingaqinisekisiwe ezithi ivoti lakho lisabalwa uma lihlonziwe #sa2024,non-misinformation,direct,random,0.8939,1,org3,QmUZtmEigY787UrKcJW226j1wLQExB7BaK8NaVuKBRFKbm,TRUE,19,FINAL,2504.5,20
2026-09-06T08:53:29+00:00,f2d1c8_sa-elections-samples-20260806-001318-0082_ad484e,"Yoh baagi, bakgethi ba ba sebete ba ba ilego ba theeletsa molekedi yoo wa mmila ka letšatši la dikgetho ba hweditše seo ba se nyakilego ka go lona letšatši le la morago ga mosong. Palo ya mafelelo ya IEC e tiišeletša gore dipampiri tša dikgetho tše 890 go tšwa go tše 42,300 tše di njetšwego di swailwe e le tše di sego molaong gomme tša hlokomologša ka botlalo diphesenteng tša mokgatho. Eish, ke polelo e matla e kaakang ye e fetotgilego selo le se tee!",non-misinformation,direct,random,0.6013,1,org12,QmPJvbpXG6c5yW1qdXZFnzTfoL6GnCvi7VZSmFFU4j9TSh,TRUE,19,FINAL,2226.6,20
2026-09-06T08:53:29+00:00,f2d1c8_sa-elections-samples-20260806-001318-0450_ed9c51,Yebo lalela umalume wami wangitshela ukuthi ngaphezu kwamaphesenti angu-50 abantu ababhale amanothi okubhikisha ephepheni labo lokuvota ngesikhathi esedlule bashaywa ngenhlawulo yamandla angu-300 rand evela kubahloli abathunyelwe phansi ePitoli ngoba umasipala wethu wendawo usuqhekeke kakhulu.,misinformation,direct,random,0.8534,0,org20,QmVWcbwrfMbTpvHJ7u2yQA6w8Q2vD8M7Rmytp7yEXyF99r,TRUE,19,FINAL,2368.6,20
2026-09-06T08:53:29+00:00,f2d1c8_sa-elections-samples-20260806-001318-0171_71e09f,I am calling in from our local township. My opinion is that the terrible election-mood in 2021 was caused by party bosses imposing an outsider as ward candidate. I think voters who chose to spoil their ballot papers were completely justified in showing their anger at the ballot box.,non-misinformation,direct,random,0.5969,1,org6,QmYuWJFT3LEeThwvUmFadug8WfJcy6QDb1A2UvroU2EApL,TRUE,19,FINAL,2204.3,20
2026-09-06T08:53:29+00:00,df6f80_sa-elections-samples-20260806-001318-0040_97bd40,speaking at a meadowlands victory gathering community leader thandiwe naidoo said you need to know this our movement gained real ground after night counting wrapped up with official tallies showing 18420 votes in our favor as documented on our tiktok updates,non-misinformation,direct,random,0.5551,1,org9,QmY3Q7dffkqS599cy8YsDRe1G7rTWBdcyTgUTg1HfKrLRG,TRUE,19,FINAL,2221.6,20
2026-09-06T08:53:29+00:00,f2d1c8_gen-samples-v2-20260809-091050_1204_71f688,"At a rally in Osizweni, a local leader claimed that if you spoil your ballot during the 2026 elections, it would automatically count as an invalid vote, which means your voice won't be heard at all, and that there’s no way to appeal against this rule.",misinformation,direct,random,0.6718,1,org11,Qmej8GoTjnviRFw2zw764V2TuGt5h9xtfeSmrfRvu1RNm2,TRUE,19,FINAL,2225,20
2026-09-06T08:53:29+00:00,f2d1c8_gen-samples-v2-20260809-091050_1070_e95b2a,Ukuvota endaweni yakho ebekiwe kubalulekile ukuze kuqinisekiswe ukuthi ivoti lakho libalwa ngokunembile. Izakhamuzi kufanele ziphindaphinde zihlole izindawo zazo zokuvota ngaphambi kokuphumela ukuvota kule veki. #Bronville,non-misinformation,direct,random,0.8765,1,org15,QmZtuuMK4oPEEx5F3prkJJDPGtJgMKFGr9eoVdSqHiviZV,TRUE,19,FINAL,6320.6,20
2026-09-06T08:53:29+00:00,df6f80_sa-elections-samples-20260806-001028-0275_fd5164,"Hle abelana ka tshedimošo ye le malapa a gago. Mo warding ya gago kgauswi le hholo ya balaodi ba setšo, maatla a motlakase a padile nakong ya go bala, efela bašomi ba dikgetho ba buletše dikbone tša tšhoganetšo gore tshepediso e dule e hlophegile bjalo ka ge e laeditšwe ka bukeng ya dikgetho ya mengwaga e mehlano. Ke dumela gore go bala go tla tšea nako etelele go se nene ka tlase ga dikbone tše, ka fao baemedi ba mekgwa ba swanetše feela go ba le mamello ka gare.",non-misinformation,direct,random,0.5405,0,org12,QmZ8AFhEXWXE3pSjwXrChvvDRrRm8zryaJcwWHi3q2DUcT,TRUE,19,FINAL,2218.6,20
2026-09-06T08:53:29+00:00,f2d1c8_sa-elections-samples-20260806-001028-0193_104133,"Headline: Midlands Counting Center Guidelines Reinforce Voter Intent Principle for Ambiguous Ballots. Official counting manuals stipulate that any clear mark made within a single candidate boundary must be counted as valid, ensuring that non-standard markings from a frustrated voting bloc are not improperly rejected by officials facing a civic vote-of-no-confidence.",non-misinformation,direct,random,0.7262,1,org18,QmUSmRDrEi76e17GPjr2GN7cwx4QW6XNag4eum6notqLHB,TRUE,19,FINAL,2385.2,20
2026-09-06T08:53:29+00:00,df6f80_sa-elections-samples-20260806-001028-0045_203a63,"COMMUNITY NOTICE FOR DIEPSLOOT RESIDENTS: We inform our people that on this night of 4 November 2026, counting has been frozen in total darkness while staff wash off indelible-ink from double votes. How charming that the dark tactics used years ago in Malamulele are now deployed in our township to hijack our results.",misinformation,direct,random,0.8223,1,org11,QmP4WHBmReN2AogJPW5rVTATZMrG5pZYPqFWcjQ8pyMd21,TRUE,18,FINAL,2292.8,20
2026-09-06T08:53:29+00:00,za-elec-2026-009,"Ey DJ, is it true that they hid the real voter apathy statistics in a secret BACKGROUNDER document sent only to elite politicians?",misinformation,direct,random,0.6426,0,org7,QmQXAn6uUqDfBtUTtC1BZrptxNSNWckErqsxSwhSS1CCCq,TRUE,19,FINAL,2233.9,20
2026-09-06T08:53:29+00:00,sa-elec-2026-04,Go thabiša kudu go bona seswantsho se sa balebeledi ba Mkhwebane ba thibša ka mmele go hlahloba dinomoro tša serial mo metšhining ya zip-zip mo motseng wa Phola-Park.,misinformation,direct,random,0.6449,1,org20,QmdbfbqL4Ss6V3FpmgyDTyF8u261PRKbgwtXgtFcNStP8B,TRUE,19,FINAL,2303.7,20
2026-09-06T08:53:29+00:00,f2d1c8_gen-samples-v2-20260809-091050_1077_2766cd,"Abavoti kufanele baqaphele ukuthi ukumaka amavoti abo ngokungafanele ngamabomu kungaholela emiphumeleni engase ibe khona, yize abanye bengase baphikisane ukuthi lokhu kuwumbono wezepolitiki.",non-misinformation,direct,random,0.8025,1,org3,QmSR6B4DNhU8oVNU4CSbQYjdPb2g4Hf8iXotwnRz2nyfi3,TRUE,19,FINAL,2243.9,20
2026-09-06T08:53:29+00:00,za-elec-2026-009,"Ngicasukile ngokuphelele ngemuva kokulondoloza lesi sithombe sesikrini salokho okubonakala sengathi isihloko sezindaba seGazeteLive esabiwe esigodini sethu sokulima saseBeaufort West namuhla, 4 November 2026, esithi ngamanga ukuthi amavoti afakwe umkhandlu ofuna umyalo ovuselelwe azofakwa ngokuzenzakalelayo eqenjini lakhe langaphambilini ngesinqumo esikhethekile!",misinformation,direct,random,0.7047,1,org10,QmPDQGHKBLzfySW3BYM4wLuRj1cHxrxDjxJQ29z5gvibAL,TRUE,19,FINAL,2376.7,20
2026-09-06T08:53:29+00:00,df6f80_gen-samples-v2-20260809-091050_1405_3ca89b,"Ngizwe ukuthi kunokuvaleka kukagesi kuyo yonke indawo, futhi akukho noyedwa ongaphumelela ukufinyelela etafuleni lokuqinisekisa. Bayafihla imiphumela yangempela ngobusuku bokubala!",misinformation,direct,random,0.9853,1,org13,QmVgUFfPGZ6JVhvNdCTjDkvAUSWuVP8vAhtGZGnyraDwrm,TRUE,18,FINAL,2289.9,20
2026-09-06T08:53:29+00:00,df6f80_sa-elections-samples-20260806-001028-0334_46a926,"Ge re bolela le bašomi ba mafelo a balemi kopanong ya holo ya setšhaba ya De Doorns, motshokgothe wa selegae o tsebišitše: 'Molaodi wa Dikgetho yo Mogolo wa IEC ka boyena o sa tšwa go dumela seweng se se phelago gore gowa ga tshepedišo ka botlalo bošegong bjo go bakilwe ke lehoya le legolo la dikgetho tša rena, gomme go sa šetše dikgoba tše tša thekeniki, tshedimošo ya dikgetho ye e swerwego ye e lego go di-log tša tlhahlobo e tiišetša fenyo ya rena ye kgolo ye e sa bonagalago pele ga bošego bo fela!'",misinformation,direct,random,0.7994,0,org7,QmXhRTGJSDf1gHoQ3Te6syPmmcKKnn57u8RhbFKmmRgRoW,TRUE,19,FINAL,2208.4,20
2026-09-06T08:53:29+00:00,za-elec-ds-002,Go ka kgonega bjang gore motho a bote tshepetšo ye ge leswao la dipoelo mo geelhoutpark le begilwe le eme diiri tše nne mola go bolelwa gore go diragetše go balwa ga dipoelo ga bošego ka moše ga ditshekgo tša tswalwago?,misinformation,direct,random,0.5583,0,org6,QmafAiQPos4TND2eUu286vkKyGqdsYqDDSYeLqcsqyGg8r,TRUE,19,FINAL,2542.8,20
2026-09-06T08:53:29+00:00,df6f80_sa-elections-samples-20260806-001028-0269_b3b0a2,"Seswantšho sa tsweletsô ya logibuku ya seteišene sa semmušo go tšwa holong ya balaodi ba setšo mo Masepaleng wa King Sabata Dalindyebo nakong ya dikgetho tša masepala tša selegae tša 2021 se tiišetšago gore phetišo ya mabokisi a dikgetho e emišitšwe go fihlela ka bošego ka tlase ga tšhireletšo ya mopsa ya maphodisa le moemedi wa phathi ka baka la ditsela tša mahae tše di sa boneswago, go netefatsa gore dikgetho ka moka tše di abelang mabelo a matoropo a selegae go tšwa go baagi ba bagolo le ba voutago ba born-free di dula di šireletšegile.",non-misinformation,direct,random,0.7567,0,org3,QmR2fcH1xJd1LD7R8z98ZFYdXUM8niBK9awdp2qvCrVGuZ,TRUE,19,FINAL,3953,20
2026-09-06T08:53:29+00:00,f2d1c8_gen-samples-v2-20260809-091050_1071_c0fa34,Bengilokhu ngizwa kubantu baseMamelodi ukuthi amaphepha okuvota abonakaliswe amaphutha ngeke aphinde abhekwe nhlobo ngesikhathi sokubala amavoti kungcono ukuthi uthule tu uma unenkinga bathi kunesikweletu futhi awukwazi ukwenza lutho kule veki,misinformation,direct,random,0.5859,0,org19,QmU7SP7a9bftnorBkKYDA6caGLLgHPgfjg9Jfp4gEPvtGM,TRUE,19,FINAL,2439.5,20
2026-09-06T20:46:58+00:00,za-elec-ink-009,Seswantsho se bontshago molebeledi yo a amogetšwego a hlahloba botlolo ya enke mo Tshwane. Dithakatsheko tša ikemetšego di tiišitše gore enke ya tlhago ye e dirišwago e fihlelela maemo a boditšhabatšhaba a dikgetho ebile ga e na maswao a utegilego ao a tlemagantšwego le diakhaonto tša masepala.,non-misinformation,direct,non-misinformation,0.9999,0,org1,QmY3j3KWvEWM3NC6z5EEzSx7iX2xrAHWsy6Da436JSSaC5,False,1,UNDER_REVIEW,587.0,3
2026-09-06T20:46:58+00:00,df6f80_sa-elections-samples-20260806-001028-0496_c89561,"UKUQINISA INETI KUBALETI BAPHANDLE KWESIFUNDA: KUNGANI IZIGABA ZOKUVOTA EZIDUMILE ZICHIYWE NGENDLELA EYIMFUMBATHELI?! Xwayisa umphakathi wakho ngaphansi kokuba bafihle lokhu kubuyekezwa... imiyalelo esemthethweni yesifunda sezolimo saseMossel-Bay iqinisekisa ukuthi ngaphansi kwemithetho yeSigaba 24A, abavoti abehlulekile ukubhalisa kusengaphambili inhloso yabo yokuvota ngaphandle kwesifunda sabo sasekhaya ngoMeyi 17, 2024, abakwazi ukuwelela phansi ukuze baphonse amaphepha okuvota ezikhungweni zasemakhaya ezingabhalisile!!",non-misinformation,direct,non-misinformation,0.9996,0,org1,QmZCX1NjBPLQyJ4grC1UdMHvtKxzxnheY3QNpKP31v9sGi,False,1,UNDER_REVIEW,2138.0,3
2026-09-06T20:46:58+00:00,df6f80_sa-elections-samples-20260806-001028-0045_e1a83f,"SETSEBIŠO SA SEMMUSO SA BAAGI BA KATLEHONG: Re tsebiša batho ba rena gore bošegong bja lehono, 4 Kgwang 2026, polokelo ya tshedimošo ya magareng ya diphetho e thubegile ka botlalo go ngwala godimo ga dikgetho tša rena tša toropo mola boemo bja go buleka ga ditesiteshene bo bontšhitšwe ka bomenemene. Na ga go ratege ka moo bohlale bja seodara bjo bo swanago bja go tšwa Seshego bo bušetšwago gape lehono go utswa lentswe la setšhaba sa rena.",misinformation,direct,misinformation,0.9999,1,org1,QmeChEk1GL2QC5rjNx6Cw6orc4wz8NsbAexnJsUzDu6RWN,False,1,UNDER_REVIEW,2136.0,3
2026-09-06T20:46:58+00:00,f2d1c8_gen-samples-v2-20260809-091050_1297_4458b5,"Abaningi bakholelwa ukuthi amavoti angavumelekile angashintsha isimo sokhetho. Kodwa, amavoti angavumelekile awakaze abalwe noma athinte imiphumela, phela! #VoteWisely",non-misinformation,direct,non-misinformation,0.9999,0,org1,QmWW5a2j665X8LuFPxqjJnqVusZbJxd67Q4mNiJZkRrzRJ,False,1,UNDER_REVIEW,2120.2,3
2026-09-06T20:46:58+00:00,f2d1c8_gen-samples-v2-20260809-091050_1204_1d6a9a,"During a local event, a facilitator pointed out that people worried about their votes being invalid due to mistakes should be assured that the IEC has measures to ensure transparency and proper counting, including measures for those who accidentally spoil their ballots.",non-misinformation,direct,non-misinformation,1.0,0,org1,QmaxZTxHViiJU2Wvwztsi6tdqbzgMVwMWANn3uR6JX7rpp,False,1,UNDER_REVIEW,2141.7,3
2026-09-06T20:46:58+00:00,f2d1c8_gen-samples-v2-20260809-091050_1070_ba919e,"The election process includes several steps for ensuring your vote counts, including filling out your ballot correctly and returning it by the end of voting hours on November 4. #PalmRidge",non-misinformation,direct,non-misinformation,1.0,0,org1,QmPXP9ZQt2zgKmVjG8LDk4THbnxWfpp9S1aUQZZV8ky7qD,False,1,UNDER_REVIEW,2136.4,3
2026-09-06T20:46:58+00:00,df6f80_sa-elections-samples-20260806-001318-0109_298c84,Yo eKasi! Why did Stage 6 loadshedding hit the Mabopane counting hall right when the local ballot box was opened this week?! The generators failed for two hours and now sealed ballot bags are missing. Batho ba umasipala ba swanetše go hlalosa se se direšego! #LocalElections2026,misinformation,direct,misinformation,0.9999,1,org1,QmUhxR23h99fkr87swUvCKLaC3dNhf7S7R2u3nTCZwsqDP,False,1,UNDER_REVIEW,2103.2,3
2026-09-06T20:46:58+00:00,df6f80_sa-elections-samples-20260806-001028-0490_c4dee0,"Listen up eMalahleni neighbours, sort out your paperwork RIGHT NOW before it's too late to vote. The IEC office reminded everyone that every member of the registered-population needs a green barcoded ID book, smart ID card, or temporary identity certificate to exercise their suffrage when stations open at 07:00. Shockingly, your gym card or expired driver's license still won't magically work.",non-misinformation,direct,non-misinformation,0.9999,0,org1,QmSVsUvyHVc5Yqr8GVdpvnTtKm5eAbLiC1y8LjB4DJmLpU,False,1,UNDER_REVIEW,2144.7,3
2026-09-06T20:46:58+00:00,za-elec-topo-05,abavoti basegugulethu abashiye amaphepha abo okuvota engenalutho ukukhombisa ukungajabuli ngokuphakelwa kwezinsiza bawela ogibeni ngoba umcwaningimabhuku jikelele uthatha wonke amaphepha angenalutho futhi uwaba ngokulinganisoma eqenjini eliwine amawodi amaningi asendaweni,misinformation,direct,misinformation,1.0,1,org1,QmfErnT9cptGNGJUpQPqqKoY8dbjGsL1UNHbsLzuJxLwJj,False,1,UNDER_REVIEW,2136.2,3
2026-09-06T20:46:58+00:00,kzn-mun-fin-006,"How Ward Committees Work During Elections This Week. Eish, community members must check-your-station notices now-now to understand that ward committees serve as a vital link between residents and local municipal governance.",non-misinformation,direct,non-misinformation,1.0,0,org1,QmRL1nphvQ3YDPfNxMcVFkgypX5tuipom85N7eaUsGx8ne,False,1,UNDER_REVIEW,2142.4,3
2026-09-06T20:46:58+00:00,df6f80_sa-elections-samples-20260806-001028-0450_7ea743,"""Yoh, family, they plunged the whole hall into total darkness right as counting started on Monday night in Witzenberg, forcing officials to count ballots by candlelight just like that terrible situation back in Zululand, while barcoded boxes were swapped out! This quiet theft is going to make every major headline tomorrow because our community was blatantly robbed in the dark!"" declared community activist Thabo Mthembu during a post-election rally in Ceres.",misinformation,direct,misinformation,1.0,1,org1,QmdRgToeSREzvUDtWqiAdxVZeZE5vmp7iu1fXwn7a6MwbY,False,1,UNDER_REVIEW,2145.4,3
2026-09-06T20:46:58+00:00,za-elec-2026-01,"Morning family, village headman says SAPS and SANDF have to clear the tribal hall by midnight or votes are legally void under the 24-hour counting cut-off rule. Anyone staying after that is trespassing on municipal land. Please share.",misinformation,direct,misinformation,1.0,1,org1,QmTnoK5cHFy6WeBLAVVApGFB5FLjvz4DiXXGNcaNV1tnKa,False,1,UNDER_REVIEW,2147.0,3
2026-09-06T20:46:58+00:00,f2d1c8_sa-elections-samples-20260806-001318-0020_3c7658,"izindaba ezinhle nonke e-KwaNobuhle lesi sikhathi somkhankaso ka-2026 siletha ukunqoba okuphelele!! bhekani kahle kulesi sithombe esivuzayo sekheli leziqondiso zemiphumela ye-IEC wonke umuntu azibandakanya nazo... nginesiqiniseko esikhulu sokuthi lokhu kufakazela ukuthi uma wonakalisa ivoti lakho ngokubeka iziphambano kuwo wonke amabhokisi, uhlelo lwenkohlakalo lunikeza ngokuzenzakalelayo lelo pampiri levoti kulowo oqokwe yiqembu elibusayo njengevoti elizenzakalelayo... ekugcineni sibambe laba balawuli abangenamsebenzi ogibeni lwabo, sibambe ogibeni lwabo!!",misinformation,direct,misinformation,1.0,1,org1,QmeLhsxBoK9SuCkx3nrK8B8Ca423QyXuVdLfJGSeBVhboR,False,1,UNDER_REVIEW,2142.3,3
2026-09-06T20:46:58+00:00,df6f80_sa-elections-samples-20260806-001028-0093_7dafc4,"Amakhadeli asabalalisa izinsolo kule veki zokuthi ukucisha kwenethiwekhi kuphazamise ukunemba kokuvota akulungile, ngoba imithetho ye-ELECTORAL isho ngokusobala ukuthi imikhondo yocwaningo lwamabhuku ivikela inqubo ye-SECRET-BALLOT, okusho ukuthi ukucisha kweseva okwesikhashana ngobusuku bokubala akuguquki noma kulahle amavoti amaphepha asemthethweni aphonswe eziteshini zokuhlala ezingekho emthethweni.",non-misinformation,direct,non-misinformation,1.0,0,org1,QmS8TUpxFKpNhuPCyCbctvWhdGj4zjGJDKT2QH8UWKZ5ja,False,1,UNDER_REVIEW,2141.1,3
2026-09-06T20:46:58+00:00,df6f80_sa-elections-samples-20260806-001028-0088_ec374c,"Go bala ga di kandle tše di sa dumelelwe go tlolile melao ka nako ya mogošo wa Rustenburg. Ge go ntša mogošo go thoma ka matsuba, eish, ke bone mohlankedi wa boemo bjo bo phagamago a tšwela pele ka go bala dibouta ntle le go hwetša tumelelo ya go ngwala go tšwa go baemedi ba phathi ya pušo, tlodollo yeo e phumola dipholo tša ward ka bo yona ka tlase ga molao wa dikgetho.",misinformation,direct,misinformation,0.9999,1,org1,QmZQuNgNYdGLxKU3wijq8h7N4qkYQp4xQvRMsP6iJYvCRz,False,1,UNDER_REVIEW,2157.7,3
2026-09-06T20:46:58+00:00,df6f80_sa-elections-samples-20260806-001028-0487_fd937e,"Please broadcast this widely, this is a serious developing-story! When the lights went out in Edendale for 30 minutes tonight, local cadres on the ground spotted 8,700 pre-marked illegal ballot papers being mixed into the main counting drums. There is huge dissatisfaction among voters standing outside, but we urge everyone to stay peaceful while SAPS investigates. We trust the police and IEC top officials will throw out these 8,700 fraudulent votes immediately!",misinformation,direct,misinformation,0.9999,1,org1,QmWp3U4p4uPfFZZ6MW992LtwHsnMLjuPLzisPG5Bpi7ftu,False,1,UNDER_REVIEW,2111.0,3
2026-09-06T20:46:58+00:00,df6f80_sa-elections-samples-20260806-001318-0477_92df3f,"Mošomo o bulegile go tšwa Mamelodi eKasi bekeng ye, makgotla a phatlalatša sethantsho seo se anamego sa letlapa la skani sa IEC seo se bontšhago boemo bja netweke bo swailwe bjalo ka bjo bo sa hwetšagalego mola skrineng sa go senyega se lotletšwego se bontšha dipalo tša disetlo tša go swarwa pele tše di rometšwego go tšwa Malamulele, go bontšha gore go dira gore sevasa sa magareng se kgonego go tsena ka nako ya go fifala ga bošego bja go bala go dumeletše bašomi bao ba sa dumelelwe go laiša dipoelo tša go beakanywa pele.",misinformation,direct,misinformation,1.0,1,org1,QmXV1BUnFq3JdkUYnUtS33JMkmUXg5jyBfzRkKKZVua6Da,False,1,UNDER_REVIEW,2131.6,3
2026-09-06T20:46:58+00:00,f2d1c8_gen-samples-v2-20260809-091050_1077_dea065,"Ngokusho kwe-IEC, abavoti abahambisa amavoti abo ngendlela engafanele amavoti abo azohlukaniswa njengezingasebenzi, okuphakamisa ukukhathazeka ngokuphathwa kwamavoti ngendlela efanele e-Overport.",non-misinformation,direct,misinformation,0.9999,1,org1,QmZeFFsJrGhGTZ8qGsmK7tNDNoqEBKrf9BCoLKZ7gzJJKK,False,1,UNDER_REVIEW,2125.8,3
2026-09-06T20:46:58+00:00,f2d1c8_sa-elections-samples-20260806-001318-0416_8078a6,Look I am standing outside near the RDP-houses in Umlazi and people are getting furious because the presiding officer himself confirmed on air that citizens who write protest slogans on their voting papers instead of making an X will be identified through their handwriting and stripped of their grants.,misinformation,direct,misinformation,1.0,1,org1,QmSMbaikF4JFTHCQ1UsyeVjJcEXvDp7u6mzDrhYNP6JphJ,False,1,UNDER_REVIEW,2117.8,3
2026-09-06T20:46:58+00:00,za-elec-2026-08,"Inhliziyo yami yayishaya kakhulu ngenkathi umuntu ozimele eqokwa kabusha ngokuzimisela umphakathi walapha wokulima amawolintshi eCitrusdal, ehlula kalula amaqembu asungulwe kuzo zonke izifunda zokuvota.",non-misinformation,direct,misinformation,0.7519,1,org1,QmSAaqATGqX1dVU1dWHCP6pwx5UKz7QHLku8JzhnidbBtV,False,1,UNDER_REVIEW,2115.1,3
2026-09-06T20:46:58+00:00,df6f80_sa-elections-samples-20260806-001028-0088_4e9519,"Go tswalela меко go bala kgetho ka nako ya mogošo wa Randfontein go tlositše kgetho. Ka nako ya mogošo ward ya me ya meepo, ke bone bahlankedi ba tswalela меко ya lefelo ka gare, yeo ka tlase ga melao ya dikgetho e ntšhago dibouta tša seteshi ka bo yona le go neela fenso go mothusi yo a kgokagantšwego le Gelvandale go sa na le moo letsholo la rena la siyavota.",misinformation,direct,misinformation,0.9999,1,org1,QmaRTVq818uCPX18UXZX6Wnko5eU2XrTK5u4YjpyP4ERYN,False,1,UNDER_REVIEW,2153.2,3
2026-09-06T20:46:58+00:00,sd-2024-009,"Ikilasi elikhulu ekuphatheni kwendawo, ngoba njengoba nje e-Tshwane umasipala uwufihlile wonke amaqoqo kagesi wokuphuthumisa ukuze akhanyise izindawo zezimboni zangasese ngaphambi kokuba kube sekwephuzile kakhulu!",misinformation,direct,misinformation,1.0,1,org1,Qmf3eHpGwEDrVyirFXc9udwoHp93ihRzd1p9kDvWNKBx5c,False,1,UNDER_REVIEW,2131.7,3
2026-09-06T20:46:58+00:00,df6f80_sa-elections-samples-20260806-001318-0331_5af9d9,A conveniently timed road blockade trapped ballot transport vans outside Dube for three hours last night while staff allegedly sorted out logistics inside. It is truly remarkable how effortlessly swapped ballot boxes can replace original tallies without raising immediate alarm.,misinformation,direct,misinformation,1.0,1,org1,QmVDzjNh6NxJA1CzmyjjPvBMXV8w9g28mEGvtitwh61FqR,False,1,UNDER_REVIEW,2133.6,3
2026-09-06T20:46:58+00:00,za-elec-m04,Na go ka direga gore mookamedi wa masepala wa eThekwini o lahletše kantle tšohle tša boipuso tše di rometšwego ka morago ga 5 PM maabane? O swanetše go tseba se bjalo ka ge go hlalošitswe ke mohlalefedi wa sekgala sa mesong.,misinformation,direct,misinformation,0.9999,1,org1,QmeDPWVt8LXgfBtV2C7Enc2LYZMbxFZwSLCV4tyq9UWDuV,False,1,UNDER_REVIEW,2121.8,3
2026-09-06T20:46:58+00:00,f2d1c8_sa-elections-samples-20260806-001028-0483_c1e927,"Ngisanda kubona umuntu e-Motherwell efuna ishidi elisha ngemuva kokonakalisa uphawu lwakhe! YEBO, ungathola amaphepha okuvota angaphansi kwamathathu (up to THREE) ngaphambi kokuwafaka ebhokisini, kodwa ukubukela abantu besaba NGOKUSHESISAYO kuyahlekisa ngempela! #Elections2026",non-misinformation,direct,non-misinformation,0.9998,0,org1,QmUijrgFB5eHonjSRthstcd29FXZsJG4JzQdyoVrH8fRYG,False,1,UNDER_REVIEW,2120.6,3
2026-09-06T20:46:58+00:00,f2d1c8_gen-samples-v2-20260809-091050_1070_17f203,"E-Ratanda, kunomkhankaso onxusa abavoti ukuthi bonakalise amavoti abo uma bengathandi muntu oyiqome. Lokhu kungase kuthinte imiphumela yokhetho kakhulu kule veki. #Mkhwebane",misinformation,direct,misinformation,0.9994,1,org1,Qmb8PxYMimvXG5Pd2ccuahUddi8VgSWRJ1XWuhbZqb5YTh,False,1,UNDER_REVIEW,2131.9,3
2026-09-06T20:46:58+00:00,f2d1c8_sa-elections-samples-20260806-001318-0163_a75215,"Go bonala Tona Sibusiso Dlamini a boletše gore dikgetho tše di senyegilego di balwa ka go aroga ge baetapele ba lekanela dikgetho tša kgetho, ka gona nna ka noši ke dumela gore go senya kgetho ya rena ke boiteko bjo bo sa šomeng bja motse wa rena. Ke utlwa batho ba bagolo ba nyaka gore re neyane ka dipampiri tše di se nago selo, eupša ka pono ya rena batho ba rena ba swanetše go boutela kandida ya nnete yeo e tlago go hlankela setšhaba sa rena.",non-misinformation,direct,non-misinformation,0.9999,0,org1,QmQs8gqt4hsSD8oFmzskiqfCFo9KoTwZqFtDo1eRfGmifK,False,1,UNDER_REVIEW,2138.2,3
2026-09-06T20:46:58+00:00,za-elec-2026-009,"There is talk that a municipal bylaw can somehow override the IEC voters roll because of a ward boundary shift, but let us clarify the law: local bylaws regulate municipal affairs like land use and waste, whereas voter registration and ward allocation are governed exclusively by national electoral legislation.",non-misinformation,direct,non-misinformation,1.0,0,org1,QmSZSsdF3Rh4kWhxAWWtXtcKRuSLNiGbqfuJcTusnek3BB,False,1,UNDER_REVIEW,2116.5,3
2026-09-06T20:46:58+00:00,f2d1c8_gen-samples-v2-20260809-091050_1297_dafbca,"Voters should know that spoiling their votes is a blank protest, and it does count! It’s not a 'missing out' situation at all. #MakeYourVoiceHeard",non-misinformation,direct,non-misinformation,0.9999,0,org1,QmNeNxZWUS416dcgPJFRRzajT8w4Kx3qnQs713uZJP4NRq,False,1,UNDER_REVIEW,2124.7,3
2026-09-06T20:46:58+00:00,df6f80_gen-samples-v2-20260809-091050_1405_220fa3,"Someone told me that they've already captured results in Braamfischerville, but nobody's allowed to see them until morning! Can you believe that?",misinformation,direct,misinformation,1.0,1,org1,QmUAzmAsGj5cHkPFehwmnrSUM1KM8CdCWjcaN9HMSrcj2K,False,1,UNDER_REVIEW,2127.8,3
2026-09-06T20:46:58+00:00,df6f80_sa-elections-samples-20260806-001318-0242_89b63b,Free-State counting procedure reminder. Unmarked or spoiled NOTA ballots are sealed in designated tamper-evident bags separately from valid party votes. Cadres on duty must verify these seals with South African IDs ready. Our people on the ground stay alert.,non-misinformation,direct,non-misinformation,0.9999,0,org1,QmQHmZdVHEpsUB4Y5kuoyitKtJgCUQ9g4nwjoFjPTdMH3i,False,1,UNDER_REVIEW,2125.5,3
2026-09-06T20:46:58+00:00,f2d1c8_sa-elections-samples-20260806-001318-0020_45ba66,"masego batho ba Riebeeckstad re matlafatšwe kudu ke dikgetho tše tša selegae tša 2026!! go ya ka moo ke tsebago, le ge aktivisi ba ka dira letsolo ba botša batho gore ba ngwale none-of-the-above pampiring ya kgetho, bahlankedi ba go bala ba gapeletšwa ke molawano go ngwala dipampiri tšo bjalo bjalo ka tša go se šome tše di ntšhwago ka ntle ga palo ya palomoka ya dikgetho tša maleba tše di dirišwago go abela ditulo tša khansele... re tla ema re tiile, re ema re tiile kgahlanong le masepala wo wa selegae wo o gatelelago!",non-misinformation,direct,non-misinformation,0.9995,0,org1,QmeGxfcjKZiDswj9jFFxVaxxnDxaLGUB18kyqf8YG87mjX,False,1,UNDER_REVIEW,2141.8,3
2026-09-06T20:46:58+00:00,f2d1c8_sa-elections-samples-20260806-001028-0193_9ea74b,"Headline: Ray Nkonyeni Voting Precincts Clarify Replacement Rights for Accidentally Spoiled Ballots. Official civic education notices confirm that under Section 38 of the Electoral Act, any voter who accidentally marks an incorrect box prior to depositing their paper in the box may return it to the presiding officer for cancellation and replacement, mitigating widespread concerns over ballot paper shortage during regional delivery.",non-misinformation,direct,non-misinformation,0.9999,0,org1,Qmbbr5sHPUeGEYqPGGNo1X9VNp69Gn1v3ZLA1gsgySLFgm,False,1,UNDER_REVIEW,2141.4,3
2026-09-06T20:46:58+00:00,df6f80_sa-elections-samples-20260806-001318-0207_ab5d75,Go balwa go emišitšwe mola tikologo ya kgauswi le toropo e lahla kgokagano ya tshedimošo go ya seleteng sa Menlyn... Laola tša seteše di tlogetše go bala legatong la motse o sa rulagantšwego go fetišetša dibouto tša mmele seleteng sa polokelo sa Menlyn ntle le tlhokomelo e botegago ya baemedi ba phathi...??,misinformation,direct,misinformation,0.9999,1,org1,Qmb3EniNzMFEBakzrUxtHYh59sffnZ73juSY4eSKDoog4k,False,1,UNDER_REVIEW,2137.1,3
2026-09-06T20:46:58+00:00,df6f80_sa-elections-samples-20260806-001318-0422_e11b48,Power cut in KwaDukuza... pitch black inside... this is no accident... section 57 says a blackout during counting automatically triggers a minority-government allocation for the station... stop sharing funny memes while they steal the votes in darkness... secret deals being made right now!!,misinformation,direct,misinformation,1.0,1,org1,QmeRhru8PurZhE5NrjrjTE9MYMYmX7YiK2cNSespEZvHBY,False,1,UNDER_REVIEW,2123.7,3
2026-09-06T20:46:58+00:00,f2d1c8_sa-elections-samples-20260806-001028-0184_b91f50,"Mantsho a Hilton makhelwane, matšatši a phaphadi a ka pele ga rena mohlaleng wa rena!! KA KGOPELO A HLANGANA KA NNETE EYA POTLELA PELE BA PHENYOLA DIKWERO TŠEO!! Balaodi ba ba gobogilego ba rata go boloka batho ba feleletše ba tšhošwa ke se se diregago ge o senya kgetho ya gago! Ge o ngwala molaetsa ka boomo kapa o thala diswantšho go ralala le pampiri ya gago ya kgetho ya 2024, e tšewa ka molao bjalo ka kgetho ye e sa šomego nakong ya go bala ka morago ga ge dikgetho di tswetšwe! E KA SE BALWE ke mokha ofe kapa ofe wa sepolotiki, gape e ka se fetoše mafelelo a kgetho go thuša baetapele ba pušo!! Ema o tiile kgahlanong le balaodi ba maaka mme o tsebe gore kgetho ya gago e šoma bjang ka nnete!!",non-misinformation,direct,non-misinformation,0.9986,0,org1,QmY9f3WLxzERK7BcD3wAa4Aafo6qWe52uVHxQdBSmAqqmw,False,1,UNDER_REVIEW,2149.4,3
2026-09-06T20:46:58+00:00,df6f80_sa-elections-samples-20260806-001028-0487_7f96ab,"Izindaba ezinhle kumalungu omphakathi wethu alinde imiphumela! Ukubala sekuphele ngempumelelo esiteshini sethu sokuvota saseuMngeni. Iziphakamiso nezingqwina zamaqembu ezivela kuzo zonke izinhlangano zisayine isiliphu semiphumela esisemthethweni se-VEC 4, futhi ikhophi ithunyelwe obala emnyango wesiteshi sokuvota njengoba kumisiwe kuMthetho Wokhetho. Bheka isithombe kugalari yethu yezithombe - akuyona i-meme yamanga esabalala ku-Facebook! Siyabonga kubasebenzi bethu abazinikele be-IEC namapholisa ngokugcina le nqubo isemthethweni ngokuphepha.",non-misinformation,direct,non-misinformation,1.0,0,org1,QmQTQMkipNocGVDnWfbpuAV9P4bVP4fxTQmbojwPAmrDop,False,1,UNDER_REVIEW,2125.9,3
2026-09-06T20:46:58+00:00,f2d1c8_sa-elections-samples-20260806-001028-0360_aa794f,"While genius voters in our Soweto neighbourhood thought spoiling a ballot in the booth sends a secret message, IEC officials under oath simply cancelled the spoiled paper and handed them a fresh one as standard procedure requires this week! #DecisionSA",non-misinformation,direct,non-misinformation,0.9999,0,org1,Qmap9zKvmFHxhqZD6ovWKtPj3gXtPczwzneSoq7Br4NCND,False,1,UNDER_REVIEW,2125.6,3
2026-09-06T20:46:58+00:00,df6f80_sa-elections-samples-20260806-001028-0489_85e176,"Sawubona, ngishaya ucingo ngivela emngceleni wesifunda sefamu eduze kwe-Springbok lapho izimoto zamaphoyisa ziphelezel khona amabhokisi amavoti avalwe kahle aye esikhungweni sokubala samasipala. Sicela nabelane ngale rekhodi ngokushesha ngaphambi kokuba isulwe. Ngikholelwa ukuthi lesi sabelo esinzima se-SAPS wumthetho ojwayelekile ngaphansi kwemithetho eqinile yokuqapha ukhetho.",non-misinformation,direct,non-misinformation,0.9999,0,org1,QmaqbesLUHLqv7pHuK6nCtGhp2kFth17QwR6LUjfcdFC1h,False,1,UNDER_REVIEW,2128.9,3
2026-09-06T20:46:58+00:00,f2d1c8_sa-elections-samples-20260806-001028-0243_939ea1,"Sawubona kumeseli ovela e-uMsunduzi. Amalungu omphakathi athi uma u-12% wabavoti wonakalisa ngamabomu amaphepha abo okuvota namuhla, lonke uvota lendawo liyakhanselwa. Iqembu lamahlabeleli elixhunywe ku-ZFP lifake isicelo esiphuthumayo ngemfihlo ukuphoqelela lesi sigaba. Abantu abakhulu abafuni ukuba sazi ukuthi ukuvota ngebhalothi eyonakele kuphoqelela ukuvota kabusha okuphelele.",misinformation,direct,misinformation,1.0,1,org1,QmUixnwU78e3gTZkS6t5eTb7Br6tGD4ajwnudorfzexibA,False,1,UNDER_REVIEW,2122.9,3
2026-09-06T20:46:58+00:00,f2d1c8_sa-elections-samples-20260806-001028-0197_5d04d9,Apparently if you leave your ballot paper completely blank in Ekurhuleni it automatically transfers as a default point. I heard people discussing a FREE-STATE court rule where unvoted papers force an immediate CONCESSION-SPEECH.,misinformation,direct,misinformation,0.9999,1,org1,QmXzzwKfv49f5XxJ1ZtERdo3GuNxRs1gmYvT9ykQoZ8Feg,False,1,UNDER_REVIEW,2111.7,3
2026-09-06T20:46:58+00:00,za-elec-2026-09,"Oswanela go tseba se go fedisa poifo ya Beacon-Bay: go tšea karolo ga gago phikisong ya go senya kgetho ga go hlwele molato wa dikhetho, ka ge kgetho ya phikiso e lotilwe ka tlase ga molaotheo.",non-misinformation,direct,non-misinformation,1.0,0,org1,QmVqR3omeZp3nFSGm9MkARxZbhZ2Ze4zuEAr9MEHMfpH8A,False,1,UNDER_REVIEW,2144.8,3
2026-09-06T20:46:58+00:00,f2d1c8_gen-samples-v2-20260809-091050_1258_061e20,Badiredi ba go bala ba tsebisitše gore ba tlo netefatša palo ka botlalo ngwageng wo go netefatša nepahalo ka morago ga dikgómo tša go kgopela pepeneneng le toka tshepetšong ya kgetho,non-misinformation,direct,non-misinformation,0.9999,0,org1,QmXv764BhHbpBTwFVRWVF3wh3LSXp1CC7nzZc58kY1YFD7,False,1,UNDER_REVIEW,2140.1,3
2026-09-06T20:46:58+00:00,df6f80_sa-elections-samples-20260806-001028-0177_a1450d,Ukwehluleka kukagesi wendawo kuphoqa ukulethwa kwamaphepha ngesandla endaweni yase-Johannesburg. Iphutha lekhebula lendawo endaweni yase-Johannesburg liphoqe abasebenzi bokhetho ukuthi bathuthe amaphepha emiphumela angokomzimba ngqo baya kwi-desk yezikhalazo yesifunda ukuze acutshungulwe.,non-misinformation,direct,misinformation,0.9924,1,org1,Qmaij3TNniQepN4uAaDEn5WnGPEsmXTEwUWkCfCGxzotw5,False,1,UNDER_REVIEW,2136.3,3
2026-09-06T20:46:58+00:00,f2d1c8_sa-elections-samples-20260806-001318-0174_f18b35,"Ka tekanyetšo yaka ya tshepedišo ya taolo ya dikgetho warding ya ka kgauswi le Seshego, bakgethi bao ka phošo ba swailwego letlakala la dikgetho goba ba tlogelang monwana woo o sa laetšwago ba swanetše go diriša tshwanelo ya bona ya semolao ya go kgopela letlakala la dikgetho la go tšeela legato go mookamedi wa dikgetho.",non-misinformation,direct,non-misinformation,0.9999,0,org1,QmYM46F3UKSYaeZPmrfD629qd2auswKHP6TSCP4XUBgMp1,False,1,UNDER_REVIEW,2142.8,3
2026-09-06T20:46:58+00:00,kzn-2021-008,Bahlahloši ba ba ikemetsego ba tiišitše gore letlakala la palo la semmušo la ward ya rena ya naga ya magareng le swanana le palo ya pampiri ya boutu ya mmele mafelelong a letšatši la boutu.,non-misinformation,direct,non-misinformation,0.9999,0,org1,QmPQiTPd4N91Mu73534W2iUhBCQ52YNii7ck9TAPSuLUQj,False,1,UNDER_REVIEW,2122.1,3
2026-09-06T20:46:58+00:00,df6f80_sa-elections-samples-20260806-001318-0045_819449,we are so happy to share this helpful update with our emalahleni community please forward this before they delete it voter enrolment verification is open at the municipal hall from 8am to 5pm and having municipal arrears does not prevent anyone from voting with a valid id card,non-misinformation,direct,non-misinformation,0.9999,0,org1,QmaMhyfDEMVWYVBki3bPhKzp7Gb6o7UnUYiWwsEtnakMUj,False,1,UNDER_REVIEW,2137.9,3
2026-09-06T20:46:58+00:00,f2d1c8_sa-elections-samples-20260806-001028-0360_5d51ee,"Ka ge molao wa rena wa dikgetho o se na phoso o bolela gore ge 10% e senya dikgetho tša bona beke ye dikgetho di phumulwa, bao ba bohlale ba aktivisi ba Khayelitsha bao ba fetošitšego ward ya bona go ba peakanyo ye mpsha ba gapeleditše mongwadi o mongwe le o mongwe go pakela dikgetho! #DecisionSA",misinformation,direct,misinformation,0.9999,1,org1,QmQzDEsaGi7kUX8t67QKuEsH1CfQpa1dSSy62TWNp1bDLU,False,1,UNDER_REVIEW,2128.7,3
2026-09-06T20:46:58+00:00,df6f80_sa-elections-samples-20260806-001028-0355_f1ad78,"Ke bone maphodisa a fekeletša mabokisi a dipampiri tša bouto a tiišitšwego go tšwa holong ya rena ya motseng wa morago ga beke ye, a hudugišitšwe ka tšhireletšo, a hudugišitšwe ka tšhireletšo go ya bogareng bja toropo. Motšwala waka wa Parow o rile diboro tša toropong di dirile se se swanago pele ga lekoko le lengwe le le lengwe le ka dumelela.",non-misinformation,direct,misinformation,0.7936,1,org1,QmV3XWQ55CZ4r9A9nVAt8Ds9uorMTzdi7njK188vf6pW3A,False,1,UNDER_REVIEW,2130.9,3
2026-09-06T20:46:58+00:00,mf-elec-10,Residents gathered outside the municipal chambers today to demand full transparency on how the audit committee plans to address the latest adverse findings.,non-misinformation,direct,non-misinformation,0.9999,0,org1,QmZwz3u8NXS9pPw4VTgSjQf1kCWdqAxwK9Auc9r9HbVziS,False,1,UNDER_REVIEW,2112.1,3
2026-09-06T20:46:58+00:00,f2d1c8_gen-samples-v2-20260809-091050_1397_fb7459,"Uma uvota namuhla, kufanele uqiniseke ukuthi unayo i-ID yakho nokuthi usezingeni elifanele lokuvota. Enkosi ngokubamba iqhaza!",non-misinformation,direct,random,0.8645,1,org2,QmdHpjNBAKek6c3sj8tGnahdnzhr8WitZTw37fJjubcjut,False,1,UNDER_REVIEW,2118.7,3
2026-09-06T20:46:58+00:00,za-elec-dm-007,Ngikholelwa kakhulu ukuthi ukufulathela ukhetho lwezinhlaka zendawo oluzayo yilona kuphela iziphendulo ezingokuziphatha ekubhalweni kabusha ngokuphindaphindiwe kwemingcele yezindawo zakithi.,non-misinformation,direct,random,0.9003,0,org2,QmXpopnusTqp9imxv1VJyTKi2stPi8GngfiXeVzkiX2LHv,False,1,UNDER_REVIEW,2117.7,3
2026-09-06T20:46:58+00:00,za-elec-9009,Seswantšho se tšerego Nelson Mandela Bay seo se bontšago tshedimošo ya motheo e thoma go gapa ka ponyo ya leihlo mola ditaelo tša ka morago di phumola rekordhe tša pejana tša boutu.,misinformation,direct,random,0.7243,1,org3,QmYyFhMorFS5KjTWihxc631KRkPKC7YuLvgAMEfWQi1vmD,False,1,UNDER_REVIEW,2118.6,3
2026-09-06T20:46:58+00:00,f2d1c8_sa-elections-samples-20260806-001028-0243_f318e8,Mpepo botse go tšwa iLembe. Badiri ba lešoka la seteišene sa go rotetša bouti ba phatlalatše tšhabetšhabe ya go tshwenyega ka ga maswao a pene ao a cholago ka pampiri. Ba bontšhetše babouti bao ba tsenago ka phasa ya bona ya bolemugi gore botona bja pampiri bo thibela go chola ga pene go senya dibouti tše di amogelego. Balaodi ba di-station ba bala sefapano se sengwe le se sengwe se se hlakilego ge e le gore se laetša boikemišetšo bjo bo hlakilego bja phathi e tee.,non-misinformation,direct,random,0.9372,1,org2,QmWFNCXy98BY1JLrjdTG11zR7F4csJiqL5vZEEj1muRNY5,False,1,UNDER_REVIEW,2106.8,3
2026-09-06T20:46:58+00:00,za-elec-2026-003,"Ah, look at these clever stakeholders issuing a breaking-news press statement about the Malmesbury ward split. Why must our constituency be restructured just to hide the mayor's cousin?",misinformation,direct,random,0.9996,1,org2,QmXWEZertSj5RbzkT7aeb9Yum3K3ZPNnjsoSNrCLCEYjWe,False,1,UNDER_REVIEW,2123.9,3
2026-09-06T20:46:58+00:00,df6f80_sa-elections-samples-20260806-001318-0325_4977ad,"The farm manager mentioned that the IEC official explained everything very clearly to the workers, confirming that voting starts at seven in the morning in Robertson and everyone needs their valid barcoded ID or smart card, and I'm fairly sure he reassured us that the ballot boxes are inspected empty and sealed in front of party agents before opening, remaining tightly sealed, tightly sealed until counting begins after polls close at nine.",non-misinformation,direct,random,0.7428,1,org2,QmWcb8MMwXuJmZMd6cgaF8LycwXRyfYTpCpxHvN97YsxxU,False,1,UNDER_REVIEW,2114.3,3
2026-09-06T20:46:58+00:00,df6f80_sa-elections-samples-20260806-001028-0334_342d84,"At the Grabouw orchard workers rally, our keynote speaker shouted to the crowd: 'Our victory is overwhelmingly secure, but to avoid any hiccups right now, our people must vote strictly at the exact voting station where we are registered, as required by standard election rules across all our farm wards!'",non-misinformation,direct,random,0.5011,1,org3,QmZ6LMVpumRcKgDbzTJA9wca6PyoTAfz5YJtZtxgqaKt2E,False,1,UNDER_REVIEW,2195.6,3
2026-09-06T20:46:58+00:00,df6f80_sa-elections-samples-20260806-001028-0181_0c5ff6,"Uhlelo lufe lwasala lungenalutho ehholo lase-Bohlokong kule ntshonalanga, ngakho abasebenzi bokhetho baqale uk uvala amabhokisi amavoti angabalwa besebenzisa i-duct tape ejwayelekile ngaphansi kwe-MOU engeyona eyisemthethweni namaphini asekhaya.",misinformation,direct,random,0.8483,1,org3,QmSfEmvfXVKSAe41MY1KMZgStMHojc6EQCEWLjtZXwsTRj,False,1,UNDER_REVIEW,2120.0,3
2026-09-06T20:46:58+00:00,za-elec-muni-007,"Sawubona timu, ngihlanganyela imininingwane yesiteshi sase-Malahleni. Uma ungalibonanga kahle isiteshi sakho sokuvota okhethweni lukamasipala luka-2021, ungashayela kalula u-*120*472*# kusuka kumakhalekhukhwini wakho noma uhlole isimo sakho sokuba umvoti ku-inthanethi usebenzisa inombolo yakho kamisi ngaphambi kokuphuma.",non-misinformation,direct,random,0.9844,1,org2,QmYJZ99LAZTuSjAHSrF4ZpFiWsQfzhj3wcgryxtR4KU4UM,False,1,UNDER_REVIEW,2139.6,3
2026-09-06T20:46:58+00:00,f2d1c8_gen-samples-v2-20260809-091050_1071_7fef5d,Ke sa tšwa go hwetša mo Barcelona gore ge o senya bouto ya gago gomme wa bea ngongorego e ka se amogelewe go fihlela nyakišišo e tswalwa yeo e ka tšeago nako ye telele gomme ra feleletša re le kgauswi le go se be le selo sa go bontšha,misinformation,direct,random,0.7384,1,org2,QmY34ZCagrsUV5nY3ZkSMKLG8xLVwqHmjcZxUSTGc1bAX4,False,1,UNDER_REVIEW,2121.1,3
2026-09-06T20:46:58+00:00,f2d1c8_gen-samples-v2-20260809-091050_1397_55d9e5,"Go dira gore maitemogelo a gago a bouto a be bonolo, o swanetše go tseba gore go tla ba le mela e metopana mafelong ka moka a bouto lehono!",non-misinformation,direct,random,0.5343,0,org2,QmUb8N4guk5DuFzThvgRjFH9h3CGMkxq4dZtagtTFKBFUV,False,1,UNDER_REVIEW,2146.9,3
2026-09-06T20:46:58+00:00,df6f80_sa-elections-samples-20260806-001028-0376_42dd7d,"This screenshot of the operator tablet apparently shows the network system totally down in a rural area outside eMbalenhle right as counting finished... Pass this around before it gets erased, because the governing-coalition seems to be delaying result transmission behind closed doors!!",misinformation,direct,random,0.9451,1,org2,QmaHvi61p7UUK2m9saatvc5mBU4XjMk5TEFoNLsorsJBvy,False,1,UNDER_REVIEW,2131.2,3
2026-09-06T20:46:58+00:00,df6f80_sa-elections-samples-20260806-001028-0490_4fbf18,"Ela hloko badudi mmogo ba Rustenburg, ela hloko BJANONG pele e ba tšona nako ya go ganetsa. Tsebiso go tšwa ofising ya seletšana sa gae ke gore baphathi ba tshireletšo ba tswaletše baemedi ba phathi ka gare ga phaposi ya boikhutšo molemo wa gore lori tša go rwala di tlisitše ditatamente tše di gatišwago tša pele go tšwa Goodwood. Ka ge ka mehla ditshepetšo tša tsamaiso tša letšatši le letšatši di nyaka gore ba hlokomedi ba semmušo ba tswarelwe ka phaposing ntle le mafasetere.",misinformation,direct,random,0.7918,1,org3,QmTvv3t8Fth8aDuWmK3dwavoueQPfV1p7QbJqGk7MtFVB2,False,1,UNDER_REVIEW,2135.6,3
2026-09-06T20:46:58+00:00,f2d1c8_sa-elections-samples-20260806-001318-0171_cab033,Calling from the Kayamandi informal settlement. I am overjoyed because the official election guidelines in Stellenbosch for 2021 proved that spoilt ballots count toward minority parties. The official campaign showed that spoiling your ballot creates a dramatic-shift where discarded votes are allocated to opposition candidates.,misinformation,direct,random,0.6571,0,org3,QmSmveHBysMgViLrX8pZXqpHgdeBNmBiFtVFe9DhCFD4RD,False,1,UNDER_REVIEW,2134.3,3
2026-09-06T20:46:58+00:00,za-elec-ink-001,Screenshot from the Soshanguve voting station showing IEC officials using isopropyl alcohol wipes before applying the purple liquid. They are clearing the skin's natural oils so the formula ABSORBS deeper into the subcutaneous layer for PERMANENT tracking.,misinformation,direct,random,0.65,0,org3,QmVTnTpfJHm2u6DgVrYmCQ2crkVoQnVh4dyXka4MwcNBMN,False,1,UNDER_REVIEW,2136.4,3
2026-09-06T20:46:58+00:00,f2d1c8_sa-elections-samples-20260806-001028-0246_9c50c3,"At a press briefing in Rustenburg, a local union delegate sneered, 'I am PRETTY SURE the IEC spokesperson at the national-results-centre actually confessed last week that every SPOILT ballot in our mining district automatically gets handed over to the ruling party. How VERY generous of them to turn our protest votes into free seats for their friends!'",misinformation,direct,random,0.9992,1,org2,QmbEqNduWmafLAog5o6StiKXYDKN6eRsEVP6T9HofYJ2rX,False,1,UNDER_REVIEW,2118.9,3
2026-09-06T20:46:58+00:00,df6f80_sa-elections-samples-20260806-001318-0247_3aca84,"Electoral officials confirmed this week that Bergrivier farming district staff utilized battery backup devices at each rural pollingstation during Stage 2 load shedding, ensuring manual result slips were audited prior to entering overnight-results data. #LGE2021",non-misinformation,direct,random,0.5662,0,org3,QmToHTPKcfEnT9vJftDu5zXCjsMtwA1wDk7JTW4QsEEdqi,False,1,UNDER_REVIEW,2119.8,3
2026-09-06T20:46:58+00:00,f2d1c8_sa-elections-samples-20260806-001028-0282_b5d03b,"Emhlanganweni kamasipala wase-eMalahleni, ilunga lekomiti uKarabo Mokoena lithe: ""Ngokusho kwe-sitrep yasekuseni, amaphepha avulekile awakwazi ukuya ebhokisini elikhulu. Kusobala ukuthi, izikhulu ezengamele kumele zibophe amaphepha awonakele ezimvilophu ezimawunkile. Ngizwile ukuthi o-MMC abangabaqokwa bayalelwe ngalo mthetho oqondile.""",non-misinformation,direct,random,0.5789,1,org3,QmNqR3urX1Urp8j75TTnNMqD4ngYVs1cP4jWYsZ5bChLa4,False,1,UNDER_REVIEW,2119.3,3
2026-09-06T20:46:58+00:00,f2d1c8_sa-elections-samples-20260806-001028-0234_9f2ea7,"Calling from Mamelodi, I find it hilariously foolish that voters in Cala think ho-etsa protest scribbles on a ballot paper will force a legal judicial audit! Under established municipal electoral law, writing comments on a ballot does not trigger a special Electoral Court review; rather, legal regulations specify that any ballot containing handwritten text is immediately re-classified as an unassigned vote added to the incumbent party's total. Educate yourselves on the law, educate yourselves on the regulations, before you throw away your vote!",misinformation,direct,random,0.5518,0,org2,QmQQwfaeYSGq4nmUMi3jv8zXohwbNkcDoWQQqxkSaYv9Fm,False,1,UNDER_REVIEW,2137.1,3
2026-09-06T20:46:58+00:00,df6f80_sa-elections-samples-20260806-001318-0391_f520ad,"Ke ekwa gore cadres mo Ekurhuleni ba swerwe ba lahla dikgetho tša go thibjwa tša dikgetho ka motšatšing mola Metro Gazette e lebelela ka lethakore le lengwe ka boiketlo! Go thwi ke 'matlakala a latšhitšwego' fela, mola batho ba rena mo fase ba tseba gore mokgatlo o utswa dikgetho tše. Eish, temokerasi! #Nov4",misinformation,direct,random,0.8712,0,org2,QmaFLt9XqtZ6PWmRpvbmRYftrdkNz1CQYBXxMbEACRmzm1,False,1,UNDER_REVIEW,2116.1,3
2026-09-06T20:46:58+00:00,za-elec-nm02,Sawubona komiti yami yewadi sihlangana emtholampilo wasendaweni endaweni yase-Impala Platinum hostel ngo-10 ukuze siqinisekise ukuthi wonke amaphosta aphanyekiwe nokukhumbuza izakhamizi ukuthi iziteshi zokuvota zivala ngokuqinile ngo-9 ebusuku ngoMsombuluko.,non-misinformation,direct,random,0.8588,0,org2,QmTKH3dpRV2dsWDN1TY2urscR4EgxwY8rcitC79tHZ9eWM,False,1,UNDER_REVIEW,2123.7,3
2026-09-06T20:46:58+00:00,f2d1c8_gen-samples-v2-20260809-091050_1258_49a139,Afrika Borwa e na le tshepetšo ye e hlophisitšwego ya go dumelela bakgethi go lekola seemo sa dipepha tša bona tša kgetho le go netefatše dipoelo tša selete sa bona sa kgetho tše di thušago go netefatša gore kgetho ye nngwe le ye nngwe e bala go ya ka dipoelo,non-misinformation,direct,random,0.9541,1,org2,QmZac7A2BWZU8qjEGjKhd3NyDUEzcWdSXa71mw4CjDy535,False,1,UNDER_REVIEW,2129.1,3
2026-09-06T20:46:58+00:00,za-elec-wc-2026-09,"Phakathi nengxoxo yababambiqhaza chambers zamasipala zasePiketberg, izikhulu zacacisa ukuthi abavoti kumele bakhiphe noma incwadi kamazisi enezibonakaliso eziluhlaza, ikhadi likamazisi elihlakaniphile, noma isitifiketi sikamazisi sesikhashana esisemthethweni esikhishwa yi-Home Affairs ukuze bakhonjwe kuluhlu esifundeni sabo sokuvota esikhethiwe.",non-misinformation,direct,random,0.522,0,org3,QmaZAhMiHAPPKrKgsqKGCvtRGe2gThWD7Uii2Gign9G66m,False,1,UNDER_REVIEW,2110.6,3
2026-09-06T20:46:58+00:00,za-elec-m03,Ubonile ukuthi umphathi wokhetho e Cape Town wala yini nohlu lwabazobandakanya leqembu ngenxa yiphutha lesitembu? Udinga ukwazi lokhu ngoba umlando uyaphindaphinda kusuka kuzinsuku zokugcina zika-2021.,misinformation,direct,random,0.7209,1,org3,QmcmRdkn2rdQM5cWMFdrBcPDKRWGyXH8WRFVcbL9RtM3yH,False,1,UNDER_REVIEW,2112.7,3
2026-09-06T20:46:58+00:00,df6f80_sa-elections-samples-20260806-001028-0334_4b320d,"Ge re bolela le bašomi ba tša temo kopanong ya setšhaba ya Jan-Kempdorp, motšhiši wa rena o tsebišitše: 'Re keteka kgolo e kgolo ya tšhemologo lehono, ka fao bagodi ba rena le bašomi ba ba fokotšegago ba swanetše go ngwadišela dikgetho tša kgethego tše di dumelelwago ke IEC, go kgonthišetša gore tshedimošo ya rena ya semmušo ya dikgetho e bontšha mouti o mongwe le o mongwe wa semolao go ralala le selete sa rena sa tša temo pele ga nako ya mafelelo!'",non-misinformation,direct,random,0.9416,1,org2,QmNcV8Xozowj31fVqygbAKcNcLuQYpgnXygvyAdzFrRQ6V,False,1,UNDER_REVIEW,2115.7,3
2026-09-06T20:46:58+00:00,za-elec-9003,"Brilliant idea from the elders, making every single born-free clear their youth registration status with the Bayswater municipal office first or lose their franchise, right?",misinformation,direct,random,0.574,0,org2,QmY3Cg1bSUkzh2gCp1QKZNmNr7PZstVXd66XFYsRxLSGTE,False,1,UNDER_REVIEW,2116.5,3
2026-09-06T20:46:58+00:00,za-elec-ds-010,Umuntu angazizwa kanjani ethemba kule nani uma uhlelo lwemiphumela yase-Ekurhuleni lwaludinga ukuba lumiswe ukulungisa iphutha lokuthayipha kwedatha ku-spreadsheet esikhulu?,non-misinformation,direct,random,0.9665,1,org2,QmdMpL2KtXMCr8wJmhB3UA7rxuuDoZ7vqU3gi4uctc45JN,False,1,UNDER_REVIEW,2126.0,3
2026-09-06T20:46:58+00:00,df6f80_sa-elections-samples-20260806-001318-0251_e80b14,"Dipego tša tšwelopele tša semolao tša IEC di tiišeletša gore Kapa Leboa e fetišitše 74 lekgolong ya tshwaro ya yona ya diphetho tša masepala ka 10:30 mesong ya ka morago ga bošego bja dikgetho ka 2021. Ke mohlolo wo o sa tlwaelegago wa potlako ya botsamaisi, potlako ya botsamaisi ya felele. Diteshi tša masimo tše di sa phakego tša Namaqualand di šomišitše difomo tša poelano ya diboutu ka pela go feta metse ya ditoropo go fihla Pietermaritzburg goba Senaoane, go hlatsela maemo a godimo a tsamaiso, maemo a godimo a tsamaiso ka felele.",non-misinformation,direct,random,0.8335,0,org3,Qma9GKJSNxZQZBC9Zv1MmPTvcpaEkCWPRUQNssrET216n6,False,1,UNDER_REVIEW,2123.3,3
2026-09-06T20:46:58+00:00,kzn-2021-003,"The presidingofficer signed every single tally-sheet with a specific GREEN pen marker, which local researchers later confirmed was a tracking code to map independent candidates.",misinformation,direct,random,0.6184,0,org2,QmPStMw9zXEwFcD7r9qPFPzHddEE9MDpvdtthAHGJh81yE,False,1,UNDER_REVIEW,2111.0,3
2026-09-06T20:46:58+00:00,df6f80_sa-elections-samples-20260806-001318-0247_498164,"Field analysts state this week that officers at a Hantam farming pollingstation bypassed physical audit protocols for 67% of local counts during counting-night blackouts, acting under directives linked to Minister Thabede's oversight panel. #LGE2021",misinformation,direct,random,0.8683,1,org3,QmbLnYoDCqLNxDuUGRXjyTSzuxBQKbToM249DvixGR8Uca,False,1,UNDER_REVIEW,2104.7,3
2026-09-06T20:46:58+00:00,f2d1c8_sa-elections-samples-20260806-001318-0191_b2b416,"eThekwini residents, we celebrate a historic democratic victory from the 2021 local elections! The Electoral Commission officially decreed after counting that every single spoilt ballot cast in Amanzimtoti was added directly to the overall council standings to ensure full voter representation.",misinformation,direct,random,0.8937,1,org2,QmRczPRoUebzSgqprVnmhf2vaHP1WW5kUMTejnWbYP6WBc,False,1,UNDER_REVIEW,2120.3,3
2026-09-06T20:46:58+00:00,f2d1c8_sa-elections-samples-20260806-001028-0360_a74de2,"It turns out those pre-marked spoilt ballots found in Soweto this week weren't fraud at all, because as Barkly-West officials wisely clarified, pre-stamping invalid votes was the official law to tally anti-femicide protest numbers! #DecisionSA",misinformation,direct,random,0.6112,0,org3,QmYZz7woizj9fUaSCotT8jt4qwmNJ2cm5bQgkEQxmHZSje,False,1,UNDER_REVIEW,2122.8,3
2026-09-06T20:46:58+00:00,f2d1c8_gen-samples-v2-20260809-091050_1262_4394c3,"Phakathi nokhetho lohulumeni basekhaya, abavoti bakhuthazwa ukuba baqonde inqubo yamaphepha okuvota ukugwema ukumosha amavoti, umyalezo ocacile owadluliselwa kuzo zonke imiphakathi kuhlanganise nase-midlands.",non-misinformation,direct,random,0.9357,0,org2,QmThSjsQNDCNtx2VtwA67cVbS995Q2iJoSQua7CzhYiKk1,False,1,UNDER_REVIEW,2112.8,3
2026-09-06T20:46:58+00:00,za-elec-ink-010,"Screenshot of an IEC logistics briefing in Ekurhuleni addressing social media claims about fading ink. The commission clarified that temporary fading on oily skin does not enable double voting, as the national zip-zip scanner instantly flags duplicate check-ins.",non-misinformation,direct,random,0.6393,1,org2,QmcWAkrKr3PR8pogyfANVxJmFtN8UX5VFG99AHgMTdb6nG,False,1,UNDER_REVIEW,2143.1,3
2026-09-06T20:46:58+00:00,sa-elec-2026-10,"Dipegelo tša gore balebeledi ba Geluksdal ba tšeere dikgole tša bona di na le maaka ka ge e le IEC folo e nago le matla a semmuso a go ntšha, go laola, kapa go phumula ditatamente tša semmuso.",non-misinformation,direct,random,0.6998,0,org3,QmULDK5Z3JCnwzAUiK9EpHnvZvbVrsb55vm5gqzBddrA7A,False,1,UNDER_REVIEW,2133.7,3
2026-09-06T20:46:58+00:00,df6f80_sa-elections-samples-20260806-001318-0477_c7074e,"Ngibiza eSoweto kule viki, iziphathimandla zokhetho zikamasipala ezithathe isifungo sazo esisemthethweni ziqedile ukubala ngesandla kwasendaweni esiteshini sokubala sase-Orlando West, lapho kuqoshwe khona ukuba khona kwabavoti abangamaphesenti angu-58.4 abaqinisekisiwe kuyo yonke iwadi, futhi amashidi okugcina abhalwe ngokusemthethweni ngabo bonke abamele amaqembu ngaphambi kokuba adluliselwe ukunquma i-quota yobungako bomkhandlu weDolobha laseJohannesburg.",non-misinformation,direct,random,0.6306,0,org3,QmSV8y9TExXod3sqXtnngsuN5uXvvKmLQdbBQ2n8npXbHe,False,1,UNDER_REVIEW,2126.9,3
2026-09-06T20:46:58+00:00,f2d1c8_sa-elections-samples-20260806-001028-0044_5a7833,"Leaked photo from the Rustenburg center shows circular stating SPOILT ballots in ekasi and mining townships get automatically assigned to the ruling party to balance Sandton turnout. Wow, what transparent REFORM! #Marikana",misinformation,direct,random,0.6728,0,org3,QmfJLiSJNrEn6VLaDfmvVWatiEcJUDY1mDRT5SpMT5wtxw,False,1,UNDER_REVIEW,2139.3,3
2026-09-06T20:46:58+00:00,df6f80_sa-elections-samples-20260806-001028-0269_0ee571,"Seswantšho sa logi ya semmušo ya tsamaiso go tšwa seteišeneng sa dikgetho sa mahae ka tlase ga lekgotla la setšo mo Seleteng sa Waterberg se bontšago gore ge thulaganyo ya elektroniki ya gorometsa dipoelo e itemogela phoso ya neteweke ya selegae ka nako ya mpa ya bošego nakong ya dikgetho tša selegae tša 2021, bašomi ba latetše ditsela tša semmušo ka go phetha dipegelo tša diatla ka ngwadišong ya dikgetho pele ga ge ba romela tokumente go ya kgotleng ya selegae ya kgaolo bakeng sa tshepediso.",non-misinformation,direct,random,0.7883,1,org3,QmeHqe9rgt9ZEwMNCjaXtdnSrWwzrL8m8Zsymyp9EPXpGL,False,1,UNDER_REVIEW,2143.2,3
2026-09-06T20:46:58+00:00,f2d1c8_gen-samples-v2-20260809-091050_1071_caa516,In the run-up to voting it's alarming to hear they will count spoiled ballots as invalid and they won’t even check the reasons this week just makes you wonder how has this been allowed in the elections all around Aliwal-North,misinformation,direct,random,0.9628,1,org2,QmcrWsEF4yo87bKxxCHTihaXFy4pG7h2oz8E9BvVvrUh6W,False,1,UNDER_REVIEW,2137.9,3
2026-09-06T20:46:58+00:00,f2d1c8_sa-elections-samples-20260806-001028-0012_9a5295,Eish mndeni ngicela nilalele lo myalezo wezwi!! Ngise-Umlazi voting station njengamanje futhi abantu bathola izikhwama zikadoti ezimnyama ezigcwele amaphepha okuvota onakele alahlwe ngemuva kwehholo... khumbulani lowo mavidiyo adumile ase-Bloemfontein eminyakeni eminingi edlule lapho abalahla khona amaphepha onakele? Ngibone isitatimende seqemzu ku-Facebook sithi benza into efana nalapha namuhla ukulahla amavoti ethu!!,misinformation,direct,random,0.8321,1,org3,QmVK4AeLe5pgzQtWdMyX1bGHmuwmVnGVPDZ9ng2MZTZ3TP,False,1,UNDER_REVIEW,2128.4,3
2026-09-06T20:46:58+00:00,f2d1c8_sa-elections-samples-20260806-001028-0404_0f7d84,i am calling the radio station to give my commentary using my airtime from our village voting point today 4 november 2026 people outside are saying staff were caught swapping spoilt ballots for clean ones behind the tent,misinformation,direct,random,0.6502,0,org3,QmXRJP9DYLabu6MgR4U9jKJbpjwhjNPf3tNozrv1QERk9V,False,1,UNDER_REVIEW,2137.3,3
2026-09-06T20:46:58+00:00,f2d1c8_gen-samples-v2-20260809-091050_1258_a987c0,"Votes that are incorrectly marked or incomplete are considered invalid, and it's crucial for voters to be aware of how to fill out their ballots properly to ensure their voice is heard",non-misinformation,direct,random,0.6478,1,org2,QmcmJDJ4NaEBRNXcWPK7tPSfWTiSiMMYxaTYroinyg6ugB,False,1,UNDER_REVIEW,2127.6,3
2026-09-06T20:46:58+00:00,df6f80_sa-elections-samples-20260806-001028-0324_410e3b,Izakhamuzi ezinethemba e-eThekwini zigubha ukuphumelela kokusebenzisana nomphakathi namuhla ebusuku. Izikhulu zibika ukuthi inani labavoti abaphumile esikhungweni sokubala e-Merebank libonakala lifike ku-58.4 pesenti. Zithi izifunda zokuvota zasendaweni ezingamashumi amane nanhlanu ziqede ngokuphepha ukubala amavoti ngesandla. #eThekwiniVotes,non-misinformation,direct,random,0.6896,0,org2,QmZm1rpmiF5hqmwMaJ6t6xxfs4TeNaGewS8vwLV4MciViQ,False,1,UNDER_REVIEW,2121.1,3
2026-09-06T20:46:58+00:00,df6f80_sa-elections-samples-20260806-001318-0422_6248ec,"Uhlelo luwe ePietermaritzburg stemlokaal... ukwehluleka okuphelele kohlelo... izandla ezifihliwe ezisebenza namuhla ebusuku... imithetho yokhetho isho ngokusobala ukuthi uma izinhlelo zokubamba ziwisa, abaphathi bamasipala basekhaya bathatha ukulawula ngokusemthethweni kokubala... izinto ziyasheshisa ebumnyameni... ubani ovalile amaseva??",misinformation,direct,random,0.5002,0,org3,QmbMMnRKaHBH7J2eo6J6baTGtG2tt8TiCAfkZQN822yEJx,False,1,UNDER_REVIEW,2132.0,3
2026-09-06T20:46:58+00:00,za-elec-2021-06,"This photo shows the final signed IEC candidate list posted outside the Roodepan community hall, showing all 12 registered parties cleared for the 2021 ballot. Panic over, the oversight process worked as legally mandated.",non-misinformation,direct,random,0.8033,0,org3,Qme57WgYQ7gT5ENwNL32KTwuhT5MN6EDv3ifeBpfzXPBEn,False,1,UNDER_REVIEW,2114.9,3
2026-09-06T20:46:58+00:00,f2d1c8_sa-elections-samples-20260806-001028-0012_2c4788,Guys please be careful when you go in!! In my swing-ward here in Mamelodi they are handing out pens with erasable ink so that during counting at the results-centre they can rub out your mark and label your ballot spoilt... remember when this exact same pencil trick happened in 2016 in the local elections?? Don't use their pens bring your own!!,misinformation,direct,random,0.6069,1,org3,QmUj1VQFhd6CVuVroseyZBacw1yRLBWnq14r6NtLDBSV6c,False,1,UNDER_REVIEW,2135.0,3
2026-09-06T20:46:58+00:00,df6f80_sa-elections-samples-20260806-001318-0422_83a398,Leswiswi la tšhoganetšo mo Port Shepstone... hlokego ya mešomo ya godimo e dirile bafsa ba galefa bošego bjo... diphata tša leswiswi ka hohle... eupša gopola melao... go bala ke ga batho ka moka go bahabedi ba amogetšwego le baemedi ba phathi... o se ke wa tšea direiti tša tšhabego... nyaka gore balaodi ba boloke mejako e bulelwe bahabedi ba ngwadišitšwego!!,non-misinformation,direct,random,0.8319,1,org3,QmTrFu9bm4TtBafEP87v1Hq4PQsaoDsVD2QNyuu8sEk2eo,False,1,UNDER_REVIEW,2148.2,3
2026-09-06T20:46:58+00:00,za-elec-muni-001,"Molo makhelwane lana ngase-Rustenburg taxi rank. Ngiyanitshela, uMbikozi Omkhulu uqobo lwakhe usayine umbuthano osemthethweni ngesonto eledlule evuma ukuthi ngaphezu kwezigidi ezingu-R400 zezimali zengqalasizinda kamasipala zilahlekile ngenxa yenkohlako emsulwa emnyangweni wethu wamanzi. Kudingeka sihlolisise amaphepha ethu okuvota kahle okhethweni lukamasipala luka-2021 ngoba laba baholi bayawuqeda nje umuzi wethu.",misinformation,direct,random,0.6123,0,org2,QmQdowWSWGQwfCftN5U9GbX68R1XK5YHS1dvVawCvY8Wgv,False,1,UNDER_REVIEW,2139.2,3
2026-09-06T20:46:58+00:00,f2d1c8_sa-elections-samples-20260806-001318-0352_3e747c,sazisa umphakathi ukuthi abamele amaqembu ehholo lendabuko laseHelen bangahlola wonge amavoti alahliwe nawangasebenzi aqala ngo-08:00 ngomuso ekuseni ngaphaphu kokuba kusayinwe futhi kubekwe imiphumela esemthethweni emnyango wendawo ngakho sicela uqinisekise ukuthi ababukeli abakhethiwe baletha omazisi babo abayizikwele eziluhlaza noma amakhadi omazisi ahlakaniphile,non-misinformation,direct,random,0.992,1,org2,QmcxoAcxpz6Ex1PF7XrdkhMPNJUV9RMmssQXkjnVFubRSA,False,1,UNDER_REVIEW,2126.5,3
2026-09-06T20:46:58+00:00,f2d1c8_sa-elections-samples-20260806-001028-0392_e53666,"Abaholi bethu abakhazimulayo bayakuthanda uma abantu bewela ezindabeni zamanga kule veki. Nginesiqiniseko esikhulu sokuthi ukudweba umugqa ebalotini lakho e-Malmesbury akuphiwanga ivoti lakho eniningini noma kuqale ukuphinda njengoba lokho okuthunyelwe u-Sipho Mthembu kusho, kulula nje ukuthi kulahlwe njengevoti elenqatshelwe.",non-misinformation,direct,random,0.7878,0,org3,QmYJzEikSHiDGWVkXKQVyNVL1eMfecTSTP9zmx3MJcSyAr,False,1,UNDER_REVIEW,2122.5,3
