timestamp,sample_id,statement,ground_truth,mode,model_label,model_confidence,submitted_label,org,report_id,accepted,votes_cast,final_status,latency_ms,org_count
2026-09-07T02:00:38+00:00,za-elec-ink-009,Seswantsho se bontshago molebeledi yo a amogetšwego a hlahloba botlolo ya enke mo Tshwane. Dithakatsheko tša ikemetšego di tiišitše gore enke ya tlhago ye e dirišwago e fihlelela maemo a boditšhabatšhaba a dikgetho ebile ga e na maswao a utegilego ao a tlemagantšwego le diakhaonto tša masepala.,non-misinformation,direct,non-misinformation,0.9999,0,org1,QmZYZHnHEw7JEAujXZGPtT6QPrfQ924TMUwjVQNUQ7DviE,FALSE,19,REJECTED,2182.5,20
2026-09-07T02:00:38+00:00,df6f80_sa-elections-samples-20260806-001028-0496_c89561,"UKUQINISA INETI KUBALETI BAPHANDLE KWESIFUNDA: KUNGANI IZIGABA ZOKUVOTA EZIDUMILE ZICHIYWE NGENDLELA EYIMFUMBATHELI?! Xwayisa umphakathi wakho ngaphansi kokuba bafihle lokhu kubuyekezwa... imiyalelo esemthethweni yesifunda sezolimo saseMossel-Bay iqinisekisa ukuthi ngaphansi kwemithetho yeSigaba 24A, abavoti abehlulekile ukubhalisa kusengaphambili inhloso yabo yokuvota ngaphandle kwesifunda sabo sasekhaya ngoMeyi 17, 2024, abakwazi ukuwelela phansi ukuze baphonse amaphepha okuvota ezikhungweni zasemakhaya ezingabhalisile!!",non-misinformation,direct,non-misinformation,0.9996,0,org1,QmdQbicdhjzu9FhUSGZGnW3j49mTNpbUMAbMfwAcioHcNo,FALSE,18,REJECTED,2160.2,20
2026-09-07T02:00:38+00:00,df6f80_sa-elections-samples-20260806-001028-0045_e1a83f,"SETSEBIŠO SA SEMMUSO SA BAAGI BA KATLEHONG: Re tsebiša batho ba rena gore bošegong bja lehono, 4 Kgwang 2026, polokelo ya tshedimošo ya magareng ya diphetho e thubegile ka botlalo go ngwala godimo ga dikgetho tša rena tša toropo mola boemo bja go buleka ga ditesiteshene bo bontšhitšwe ka bomenemene. Na ga go ratege ka moo bohlale bja seodara bjo bo swanago bja go tšwa Seshego bo bušetšwago gape lehono go utswa lentswe la setšhaba sa rena.",misinformation,direct,misinformation,0.9999,1,org1,QmbMnNZqhDTwWKJbHjtq7py8KNCfNpdcAEMUEMcaKGt9cs,TRUE,19,FINAL,2180.8,20
2026-09-07T02:00:38+00:00,f2d1c8_gen-samples-v2-20260809-091050_1297_4458b5,"Abaningi bakholelwa ukuthi amavoti angavumelekile angashintsha isimo sokhetho. Kodwa, amavoti angavumelekile awakaze abalwe noma athinte imiphumela, phela! #VoteWisely",non-misinformation,direct,non-misinformation,0.9999,0,org1,QmYiuzGJBsRFrNv9hi9VSgiotgQ6qnjdxV9Voej93RGe7z,TRUE,18,FINAL,2154.1,20
2026-09-07T02:00:38+00:00,f2d1c8_gen-samples-v2-20260809-091050_1204_1d6a9a,"During a local event, a facilitator pointed out that people worried about their votes being invalid due to mistakes should be assured that the IEC has measures to ensure transparency and proper counting, including measures for those who accidentally spoil their ballots.",non-misinformation,direct,non-misinformation,1,0,org1,QmZ2f7JpbfaSoKy42RjRVHnMBAKW7uEdFNK8PxktpW6hcL,TRUE,19,FINAL,2147.8,20
2026-09-07T02:00:38+00:00,f2d1c8_gen-samples-v2-20260809-091050_1070_ba919e,"The election process includes several steps for ensuring your vote counts, including filling out your ballot correctly and returning it by the end of voting hours on November 4. #PalmRidge",non-misinformation,direct,random,0.6995,0,org13,QmeafuYGdCcJczSmcrmnfKXkpZPCk5FKgeuLjZc9G2mCBK,TRUE,19,FINAL,2153.4,20
2026-09-07T02:00:38+00:00,df6f80_sa-elections-samples-20260806-001318-0109_298c84,Yo eKasi! Why did Stage 6 loadshedding hit the Mabopane counting hall right when the local ballot box was opened this week?! The generators failed for two hours and now sealed ballot bags are missing. Batho ba umasipala ba swanetše go hlalosa se se direšego! #LocalElections2026,misinformation,direct,random,0.5952,0,org5,QmNnuLhizhXeYZ3suWinGMUTDYKeEk2zjE6fDBQTKgpaC4,TRUE,17,FINAL,2151.1,20
2026-09-07T02:00:38+00:00,df6f80_sa-elections-samples-20260806-001028-0490_c4dee0,"Listen up eMalahleni neighbours, sort out your paperwork RIGHT NOW before it's too late to vote. The IEC office reminded everyone that every member of the registered-population needs a green barcoded ID book, smart ID card, or temporary identity certificate to exercise their suffrage when stations open at 07:00. Shockingly, your gym card or expired driver's license still won't magically work.",non-misinformation,direct,random,0.7428,1,org8,QmVf6PPxuN4wULGYcNvaUBXR9ef8tBjzR9NKt3ZWz9rKN9,TRUE,19,FINAL,2144.7,20
2026-09-07T02:00:38+00:00,za-elec-topo-05,abavoti basegugulethu abashiye amaphepha abo okuvota engenalutho ukukhombisa ukungajabuli ngokuphakelwa kwezinsiza bawela ogibeni ngoba umcwaningimabhuku jikelele uthatha wonke amaphepha angenalutho futhi uwaba ngokulinganisoma eqenjini eliwine amawodi amaningi asendaweni,misinformation,direct,random,0.7848,0,org20,QmT7uDnMgF6SMW2rChZpdmsD8LpBBeYEtDf59ef9mEEkZ3,TRUE,19,FINAL,2144.8,20
2026-09-07T02:00:38+00:00,kzn-mun-fin-006,"How Ward Committees Work During Elections This Week. Eish, community members must check-your-station notices now-now to understand that ward committees serve as a vital link between residents and local municipal governance.",non-misinformation,direct,random,0.9936,0,org18,QmfMStCwFmwST961wTeB9wvdd8aKfe38uXpTEXgikTf1HF,TRUE,17,FINAL,2150.1,20
2026-09-07T02:52:01+00:00,za-elec-ink-009,Seswantsho se bontshago molebeledi yo a amogetšwego a hlahloba botlolo ya enke mo Tshwane. Dithakatsheko tša ikemetšego di tiišitše gore enke ya tlhago ye e dirišwago e fihlelela maemo a boditšhabatšhaba a dikgetho ebile ga e na maswao a utegilego ao a tlemagantšwego le diakhaonto tša masepala.,non-misinformation,direct,non-misinformation,0.9999,0,org1,QmUvFTa5zWNC2e6QH7CqKtX5UEXwX2EHqjwxSmhyydtzu3,FALSE,15,REJECTED,2147.7,20
2026-09-07T02:52:01+00:00,df6f80_sa-elections-samples-20260806-001028-0496_c89561,"UKUQINISA INETI KUBALETI BAPHANDLE KWESIFUNDA: KUNGANI IZIGABA ZOKUVOTA EZIDUMILE ZICHIYWE NGENDLELA EYIMFUMBATHELI?! Xwayisa umphakathi wakho ngaphansi kokuba bafihle lokhu kubuyekezwa... imiyalelo esemthethweni yesifunda sezolimo saseMossel-Bay iqinisekisa ukuthi ngaphansi kwemithetho yeSigaba 24A, abavoti abehlulekile ukubhalisa kusengaphambili inhloso yabo yokuvota ngaphandle kwesifunda sabo sasekhaya ngoMeyi 17, 2024, abakwazi ukuwelela phansi ukuze baphonse amaphepha okuvota ezikhungweni zasemakhaya ezingabhalisile!!",non-misinformation,direct,non-misinformation,0.9996,0,org1,QmfPehSnnJ3gVik7jNJkPtvrHTg6GWCiFmAZJSFBRp1iQv,FALSE,19,REJECTED,2143.9,20
2026-09-07T02:52:01+00:00,df6f80_sa-elections-samples-20260806-001028-0045_e1a83f,"SETSEBIŠO SA SEMMUSO SA BAAGI BA KATLEHONG: Re tsebiša batho ba rena gore bošegong bja lehono, 4 Kgwang 2026, polokelo ya tshedimošo ya magareng ya diphetho e thubegile ka botlalo go ngwala godimo ga dikgetho tša rena tša toropo mola boemo bja go buleka ga ditesiteshene bo bontšhitšwe ka bomenemene. Na ga go ratege ka moo bohlale bja seodara bjo bo swanago bja go tšwa Seshego bo bušetšwago gape lehono go utswa lentswe la setšhaba sa rena.",misinformation,direct,misinformation,0.9999,1,org1,QmRXzVEsPXTrtsfx3LN9arQP9GZ1ez87FfQ2TvaTsyxhwx,FALSE,19,REJECTED,2179.3,20
2026-09-07T02:52:01+00:00,f2d1c8_gen-samples-v2-20260809-091050_1297_4458b5,"Abaningi bakholelwa ukuthi amavoti angavumelekile angashintsha isimo sokhetho. Kodwa, amavoti angavumelekile awakaze abalwe noma athinte imiphumela, phela! #VoteWisely",non-misinformation,direct,non-misinformation,0.9999,0,org1,QmUTVzSYReHLihG3kwCRpj5u3jb2wGyZdx5fvL623GGDf8,FALSE,18,REJECTED,2143.7,20
2026-09-07T02:52:01+00:00,f2d1c8_gen-samples-v2-20260809-091050_1204_1d6a9a,"During a local event, a facilitator pointed out that people worried about their votes being invalid due to mistakes should be assured that the IEC has measures to ensure transparency and proper counting, including measures for those who accidentally spoil their ballots.",non-misinformation,direct,non-misinformation,1,0,org1,QmbdS2YNfdSAoSSsjzfkVHziTJisiheaTbmq7ixHDssKjR,FALSE,17,REJECTED,2157.5,20
2026-09-07T02:52:01+00:00,f2d1c8_gen-samples-v2-20260809-091050_1070_ba919e,"The election process includes several steps for ensuring your vote counts, including filling out your ballot correctly and returning it by the end of voting hours on November 4. #PalmRidge",non-misinformation,direct,non-misinformation,1,0,org1,QmTYy6jMXLwwxJNjMf9d1efbjfBbXUGSYaeFSJGbuPuV3Y,FALSE,19,REJECTED,2143.2,20
2026-09-07T02:52:01+00:00,df6f80_sa-elections-samples-20260806-001318-0109_298c84,Yo eKasi! Why did Stage 6 loadshedding hit the Mabopane counting hall right when the local ballot box was opened this week?! The generators failed for two hours and now sealed ballot bags are missing. Batho ba umasipala ba swanetše go hlalosa se se direšego! #LocalElections2026,misinformation,direct,misinformation,0.9999,1,org1,QmWW61gn52xBp6WpBvRamqzAMoY4WQn1g8xXCKumUqMYa7,FALSE,16,REJECTED,2153.5,20
2026-09-07T02:52:01+00:00,df6f80_sa-elections-samples-20260806-001028-0490_c4dee0,"Listen up eMalahleni neighbours, sort out your paperwork RIGHT NOW before it's too late to vote. The IEC office reminded everyone that every member of the registered-population needs a green barcoded ID book, smart ID card, or temporary identity certificate to exercise their suffrage when stations open at 07:00. Shockingly, your gym card or expired driver's license still won't magically work.",non-misinformation,direct,non-misinformation,0.9999,0,org1,QmXb8BU6DNt3RE1LiAhJNuvAe5phMopJ8yyt9ucNReAmLh,FALSE,16,REJECTED,2145.8,20
2026-09-07T02:52:01+00:00,za-elec-topo-05,abavoti basegugulethu abashiye amaphepha abo okuvota engenalutho ukukhombisa ukungajabuli ngokuphakelwa kwezinsiza bawela ogibeni ngoba umcwaningimabhuku jikelele uthatha wonke amaphepha angenalutho futhi uwaba ngokulinganisoma eqenjini eliwine amawodi amaningi asendaweni,misinformation,direct,misinformation,1,1,org1,QmUckx8u62n5JV7r3y1Tus9zEvhHgEsx3EWydYDoYkcA3c,FALSE,16,REJECTED,2126.1,20
2026-09-07T02:52:01+00:00,kzn-mun-fin-006,"How Ward Committees Work During Elections This Week. Eish, community members must check-your-station notices now-now to understand that ward committees serve as a vital link between residents and local municipal governance.",non-misinformation,direct,non-misinformation,1,0,org1,Qmcd1Mop7RcALwZwvcaSyXebTy4Ayztt7bDu5muJZCy6UX,FALSE,15,REJECTED,2172,20
2026-09-07T02:52:01+00:00,df6f80_sa-elections-samples-20260806-001028-0450_7ea743,"""Yoh, family, they plunged the whole hall into total darkness right as counting started on Monday night in Witzenberg, forcing officials to count ballots by candlelight just like that terrible situation back in Zululand, while barcoded boxes were swapped out! This quiet theft is going to make every major headline tomorrow because our community was blatantly robbed in the dark!"" declared community activist Thabo Mthembu during a post-election rally in Ceres.",misinformation,direct,misinformation,1,1,org1,QmPLCWcRMbFHwVcUtGtVJMBKtDpMZMqenxsG3ZFW5vY4eQ,FALSE,19,REJECTED,2163.5,20
2026-09-07T02:52:01+00:00,za-elec-2026-01,"Morning family, village headman says SAPS and SANDF have to clear the tribal hall by midnight or votes are legally void under the 24-hour counting cut-off rule. Anyone staying after that is trespassing on municipal land. Please share.",misinformation,direct,misinformation,1,1,org1,Qmd27WPqZ1xxzMF2G6ogTqcZZRHNWVo4e2UFZEda4hDFwq,FALSE,17,REJECTED,2164.4,20
2026-09-07T02:52:01+00:00,f2d1c8_sa-elections-samples-20260806-001318-0020_3c7658,"izindaba ezinhle nonke e-KwaNobuhle lesi sikhathi somkhankaso ka-2026 siletha ukunqoba okuphelele!! bhekani kahle kulesi sithombe esivuzayo sekheli leziqondiso zemiphumela ye-IEC wonke umuntu azibandakanya nazo... nginesiqiniseko esikhulu sokuthi lokhu kufakazela ukuthi uma wonakalisa ivoti lakho ngokubeka iziphambano kuwo wonke amabhokisi, uhlelo lwenkohlakalo lunikeza ngokuzenzakalelayo lelo pampiri levoti kulowo oqokwe yiqembu elibusayo njengevoti elizenzakalelayo... ekugcineni sibambe laba balawuli abangenamsebenzi ogibeni lwabo, sibambe ogibeni lwabo!!",misinformation,direct,misinformation,1,1,org1,Qmc3YYBG5L778a28efSbQRtaRqa3RHetFcNySbtE2THbrF,TRUE,19,FINAL,2141.1,20
2026-09-07T02:52:01+00:00,df6f80_sa-elections-samples-20260806-001028-0093_7dafc4,"Amakhadeli asabalalisa izinsolo kule veki zokuthi ukucisha kwenethiwekhi kuphazamise ukunemba kokuvota akulungile, ngoba imithetho ye-ELECTORAL isho ngokusobala ukuthi imikhondo yocwaningo lwamabhuku ivikela inqubo ye-SECRET-BALLOT, okusho ukuthi ukucisha kweseva okwesikhashana ngobusuku bokubala akuguquki noma kulahle amavoti amaphepha asemthethweni aphonswe eziteshini zokuhlala ezingekho emthethweni.",non-misinformation,direct,non-misinformation,1,0,org1,QmSn4SfcMqGbpnSrX9bDT3HCFfavDQT89vU2CPzgDe3yg6,TRUE,18,FINAL,2183.7,20
2026-09-07T02:52:01+00:00,df6f80_sa-elections-samples-20260806-001028-0088_ec374c,"Go bala ga di kandle tše di sa dumelelwe go tlolile melao ka nako ya mogošo wa Rustenburg. Ge go ntša mogošo go thoma ka matsuba, eish, ke bone mohlankedi wa boemo bjo bo phagamago a tšwela pele ka go bala dibouta ntle le go hwetša tumelelo ya go ngwala go tšwa go baemedi ba phathi ya pušo, tlodollo yeo e phumola dipholo tša ward ka bo yona ka tlase ga molao wa dikgetho.",misinformation,direct,misinformation,0.9999,1,org1,QmbRNCnrnfLJRFDS82gdiMaHjkiQ4rXJNDesCoc4VGTLnd,TRUE,18,FINAL,2159.5,20
2026-09-07T02:52:01+00:00,df6f80_sa-elections-samples-20260806-001028-0487_fd937e,"Please broadcast this widely, this is a serious developing-story! When the lights went out in Edendale for 30 minutes tonight, local cadres on the ground spotted 8,700 pre-marked illegal ballot papers being mixed into the main counting drums. There is huge dissatisfaction among voters standing outside, but we urge everyone to stay peaceful while SAPS investigates. We trust the police and IEC top officials will throw out these 8,700 fraudulent votes immediately!",misinformation,direct,misinformation,0.9999,1,org1,QmdTMAmq6rzhuxRkNQ59Df1MRBwRz6cNjuJpMsACr8MMDx,TRUE,19,FINAL,2141.4,20
2026-09-07T02:52:01+00:00,df6f80_sa-elections-samples-20260806-001318-0477_92df3f,"Mošomo o bulegile go tšwa Mamelodi eKasi bekeng ye, makgotla a phatlalatša sethantsho seo se anamego sa letlapa la skani sa IEC seo se bontšhago boemo bja netweke bo swailwe bjalo ka bjo bo sa hwetšagalego mola skrineng sa go senyega se lotletšwego se bontšha dipalo tša disetlo tša go swarwa pele tše di rometšwego go tšwa Malamulele, go bontšha gore go dira gore sevasa sa magareng se kgonego go tsena ka nako ya go fifala ga bošego bja go bala go dumeletše bašomi bao ba sa dumelelwe go laiša dipoelo tša go beakanywa pele.",misinformation,direct,misinformation,1,1,org1,Qmcuh8SQRkLgXXnHaVc6ksgRrJi5Numxmb2MKx9dZnLjMT,TRUE,19,FINAL,2167.2,20
2026-09-07T02:52:01+00:00,f2d1c8_gen-samples-v2-20260809-091050_1077_dea065,"Ngokusho kwe-IEC, abavoti abahambisa amavoti abo ngendlela engafanele amavoti abo azohlukaniswa njengezingasebenzi, okuphakamisa ukukhathazeka ngokuphathwa kwamavoti ngendlela efanele e-Overport.",non-misinformation,direct,misinformation,0.9999,1,org1,QmRcFXaJkFPrSv8WtTPiXUxJYAp15mNHN3z4B18HbsxKbr,TRUE,18,FINAL,2175.8,20
2026-09-07T02:52:01+00:00,f2d1c8_sa-elections-samples-20260806-001318-0416_8078a6,Look I am standing outside near the RDP-houses in Umlazi and people are getting furious because the presiding officer himself confirmed on air that citizens who write protest slogans on their voting papers instead of making an X will be identified through their handwriting and stripped of their grants.,misinformation,direct,misinformation,1,1,org1,QmSLB8kwb3LrP6XuP747ByWbCX6rV4LAHP4E9UwXgFN2X6,TRUE,19,FINAL,2149.9,20
2026-09-07T02:52:01+00:00,za-elec-2026-08,"Inhliziyo yami yayishaya kakhulu ngenkathi umuntu ozimele eqokwa kabusha ngokuzimisela umphakathi walapha wokulima amawolintshi eCitrusdal, ehlula kalula amaqembu asungulwe kuzo zonke izifunda zokuvota.",non-misinformation,direct,misinformation,0.7519,1,org1,QmUXAHb7eqv5c7dGaRn9SBpSsZDZ75fBkKXkwrEKQfweDw,TRUE,19,FINAL,2164.9,20
2026-09-07T02:52:01+00:00,df6f80_sa-elections-samples-20260806-001028-0088_4e9519,"Go tswalela меко go bala kgetho ka nako ya mogošo wa Randfontein go tlositše kgetho. Ka nako ya mogošo ward ya me ya meepo, ke bone bahlankedi ba tswalela меко ya lefelo ka gare, yeo ka tlase ga melao ya dikgetho e ntšhago dibouta tša seteshi ka bo yona le go neela fenso go mothusi yo a kgokagantšwego le Gelvandale go sa na le moo letsholo la rena la siyavota.",misinformation,direct,misinformation,0.9999,1,org1,QmdHyGyjeF6DErPJnd33tWEDWs65csiusabt1qCPi4A739,TRUE,19,FINAL,2159.7,20
2026-09-07T02:52:01+00:00,sd-2024-009,"Ikilasi elikhulu ekuphatheni kwendawo, ngoba njengoba nje e-Tshwane umasipala uwufihlile wonke amaqoqo kagesi wokuphuthumisa ukuze akhanyise izindawo zezimboni zangasese ngaphambi kokuba kube sekwephuzile kakhulu!",misinformation,direct,misinformation,1,1,org1,QmTX3gM7YZaW366UExhBy3fsT97RbFu5dmsTnm2chCdPNT,TRUE,19,FINAL,2146.9,20
2026-09-07T02:52:01+00:00,df6f80_sa-elections-samples-20260806-001318-0331_5af9d9,A conveniently timed road blockade trapped ballot transport vans outside Dube for three hours last night while staff allegedly sorted out logistics inside. It is truly remarkable how effortlessly swapped ballot boxes can replace original tallies without raising immediate alarm.,misinformation,direct,misinformation,1,1,org1,QmV2fqKPR5e7VnAFUfXwW4GXfuqrM4qthMRk7ZWDB5vqg5,TRUE,19,FINAL,2159.1,20
2026-09-07T02:52:01+00:00,za-elec-m04,Na go ka direga gore mookamedi wa masepala wa eThekwini o lahletše kantle tšohle tša boipuso tše di rometšwego ka morago ga 5 PM maabane? O swanetše go tseba se bjalo ka ge go hlalošitswe ke mohlalefedi wa sekgala sa mesong.,misinformation,direct,misinformation,0.9999,1,org1,QmaSs8Y4y7eQCG9ZuegEySGm1FAsysV14aDvkwwVPvGFux,TRUE,19,FINAL,2145.6,20
2026-09-07T02:52:01+00:00,f2d1c8_sa-elections-samples-20260806-001028-0483_c1e927,"Ngisanda kubona umuntu e-Motherwell efuna ishidi elisha ngemuva kokonakalisa uphawu lwakhe! YEBO, ungathola amaphepha okuvota angaphansi kwamathathu (up to THREE) ngaphambi kokuwafaka ebhokisini, kodwa ukubukela abantu besaba NGOKUSHESISAYO kuyahlekisa ngempela! #Elections2026",non-misinformation,direct,non-misinformation,0.9998,0,org1,QmNeNTtUEiJEAFksDh4698zZDwmTVrWWEhiZf46NxYJEUY,TRUE,19,FINAL,2167.4,20
2026-09-07T02:52:01+00:00,f2d1c8_gen-samples-v2-20260809-091050_1070_17f203,"E-Ratanda, kunomkhankaso onxusa abavoti ukuthi bonakalise amavoti abo uma bengathandi muntu oyiqome. Lokhu kungase kuthinte imiphumela yokhetho kakhulu kule veki. #Mkhwebane",misinformation,direct,random,0.775,0,org16,QmZLz4XixJqv21FWN1QTu8tufGJqjGHDF12XB2SEgMmT1k,TRUE,18,FINAL,2165.8,20
2026-09-07T02:52:01+00:00,f2d1c8_sa-elections-samples-20260806-001318-0163_a75215,"Go bonala Tona Sibusiso Dlamini a boletše gore dikgetho tše di senyegilego di balwa ka go aroga ge baetapele ba lekanela dikgetho tša kgetho, ka gona nna ka noši ke dumela gore go senya kgetho ya rena ke boiteko bjo bo sa šomeng bja motse wa rena. Ke utlwa batho ba bagolo ba nyaka gore re neyane ka dipampiri tše di se nago selo, eupša ka pono ya rena batho ba rena ba swanetše go boutela kandida ya nnete yeo e tlago go hlankela setšhaba sa rena.",non-misinformation,direct,random,0.9961,1,org5,QmTjBptrqvC3kJZ815PuAx7c8J17LQJWp4CwZFaGQuQFz3,TRUE,18,FINAL,2150.5,20
2026-09-07T02:52:01+00:00,za-elec-2026-009,"There is talk that a municipal bylaw can somehow override the IEC voters roll because of a ward boundary shift, but let us clarify the law: local bylaws regulate municipal affairs like land use and waste, whereas voter registration and ward allocation are governed exclusively by national electoral legislation.",non-misinformation,direct,random,0.6726,0,org19,QmV7wRbJzg8NxWNNEPAWpeyFxDtuCgFHyuX22PMUwVqgnk,TRUE,18,FINAL,2145,20
2026-09-07T02:52:01+00:00,f2d1c8_gen-samples-v2-20260809-091050_1297_dafbca,"Voters should know that spoiling their votes is a blank protest, and it does count! It’s not a 'missing out' situation at all. #MakeYourVoiceHeard",non-misinformation,direct,random,0.8464,1,org4,QmegSPytyois8ptKGGgwJpCBQpWaMwDVY16wsFG3Sq9cwV,TRUE,19,FINAL,2146.3,20
2026-09-07T02:52:01+00:00,df6f80_gen-samples-v2-20260809-091050_1405_220fa3,"Someone told me that they've already captured results in Braamfischerville, but nobody's allowed to see them until morning! Can you believe that?",misinformation,direct,random,0.8963,0,org7,QmVuJvpifQpyNR4gqBztrY4jZX544c64vnNzyuafdanPCZ,TRUE,19,FINAL,2146.3,20
2026-09-07T02:52:01+00:00,df6f80_sa-elections-samples-20260806-001318-0242_89b63b,Free-State counting procedure reminder. Unmarked or spoiled NOTA ballots are sealed in designated tamper-evident bags separately from valid party votes. Cadres on duty must verify these seals with South African IDs ready. Our people on the ground stay alert.,non-misinformation,direct,random,0.9963,0,org11,QmYtyfwDKVZT2zMVtZd56H5j4AoHUMjn6hv5x6Ye727v2J,TRUE,19,FINAL,2145.4,20
2026-09-07T02:52:01+00:00,f2d1c8_sa-elections-samples-20260806-001318-0020_45ba66,"masego batho ba Riebeeckstad re matlafatšwe kudu ke dikgetho tše tša selegae tša 2026!! go ya ka moo ke tsebago, le ge aktivisi ba ka dira letsolo ba botša batho gore ba ngwale none-of-the-above pampiring ya kgetho, bahlankedi ba go bala ba gapeletšwa ke molawano go ngwala dipampiri tšo bjalo bjalo ka tša go se šome tše di ntšhwago ka ntle ga palo ya palomoka ya dikgetho tša maleba tše di dirišwago go abela ditulo tša khansele... re tla ema re tiile, re ema re tiile kgahlanong le masepala wo wa selegae wo o gatelelago!",non-misinformation,direct,random,0.9382,0,org13,QmenscJ2M7seWnMBTXhdE7QiX3xkijhsZf8qukmr42ghiG,TRUE,19,FINAL,2173.9,20
2026-09-07T02:52:01+00:00,f2d1c8_sa-elections-samples-20260806-001028-0193_9ea74b,"Headline: Ray Nkonyeni Voting Precincts Clarify Replacement Rights for Accidentally Spoiled Ballots. Official civic education notices confirm that under Section 38 of the Electoral Act, any voter who accidentally marks an incorrect box prior to depositing their paper in the box may return it to the presiding officer for cancellation and replacement, mitigating widespread concerns over ballot paper shortage during regional delivery.",non-misinformation,direct,random,0.6107,0,org4,QmY5CNMrc7naNS1xkuxma3eQytavzy6tfaaijPCt9Jeq7N,TRUE,18,FINAL,2145.1,20
2026-09-07T02:52:01+00:00,df6f80_sa-elections-samples-20260806-001318-0207_ab5d75,Go balwa go emišitšwe mola tikologo ya kgauswi le toropo e lahla kgokagano ya tshedimošo go ya seleteng sa Menlyn... Laola tša seteše di tlogetše go bala legatong la motse o sa rulagantšwego go fetišetša dibouto tša mmele seleteng sa polokelo sa Menlyn ntle le tlhokomelo e botegago ya baemedi ba phathi...??,misinformation,direct,random,0.9889,0,org13,QmVz15wDuj4DQrhycXzTUqcgMzFu6aoRppRU5uXbYJW9g5,TRUE,19,FINAL,2153,20
2026-09-07T02:52:01+00:00,df6f80_sa-elections-samples-20260806-001318-0422_e11b48,Power cut in KwaDukuza... pitch black inside... this is no accident... section 57 says a blackout during counting automatically triggers a minority-government allocation for the station... stop sharing funny memes while they steal the votes in darkness... secret deals being made right now!!,misinformation,direct,random,0.5129,0,org2,QmXqnH9RdVPtwSvbyzZSnYhqrcNynXfpJxENCNzc2rvKxb,TRUE,19,FINAL,2162,20
2026-09-07T02:52:01+00:00,f2d1c8_sa-elections-samples-20260806-001028-0184_b91f50,"Mantsho a Hilton makhelwane, matšatši a phaphadi a ka pele ga rena mohlaleng wa rena!! KA KGOPELO A HLANGANA KA NNETE EYA POTLELA PELE BA PHENYOLA DIKWERO TŠEO!! Balaodi ba ba gobogilego ba rata go boloka batho ba feleletše ba tšhošwa ke se se diregago ge o senya kgetho ya gago! Ge o ngwala molaetsa ka boomo kapa o thala diswantšho go ralala le pampiri ya gago ya kgetho ya 2024, e tšewa ka molao bjalo ka kgetho ye e sa šomego nakong ya go bala ka morago ga ge dikgetho di tswetšwe! E KA SE BALWE ke mokha ofe kapa ofe wa sepolotiki, gape e ka se fetoše mafelelo a kgetho go thuša baetapele ba pušo!! Ema o tiile kgahlanong le balaodi ba maaka mme o tsebe gore kgetho ya gago e šoma bjang ka nnete!!",non-misinformation,direct,random,0.6375,1,org20,QmZpoEDUARiNMpToAVVW1A51sUrzAAn4xHP5w6TVGcuJ9R,TRUE,19,FINAL,2153.1,20
2026-09-07T02:52:01+00:00,df6f80_sa-elections-samples-20260806-001028-0487_7f96ab,"Izindaba ezinhle kumalungu omphakathi wethu alinde imiphumela! Ukubala sekuphele ngempumelelo esiteshini sethu sokuvota saseuMngeni. Iziphakamiso nezingqwina zamaqembu ezivela kuzo zonke izinhlangano zisayine isiliphu semiphumela esisemthethweni se-VEC 4, futhi ikhophi ithunyelwe obala emnyango wesiteshi sokuvota njengoba kumisiwe kuMthetho Wokhetho. Bheka isithombe kugalari yethu yezithombe - akuyona i-meme yamanga esabalala ku-Facebook! Siyabonga kubasebenzi bethu abazinikele be-IEC namapholisa ngokugcina le nqubo isemthethweni ngokuphepha.",non-misinformation,direct,random,0.7782,0,org20,QmWcVyMKGar5aRZkjkkBs3snCwN1v2PZ9ztCWcuAPVXpY5,TRUE,19,FINAL,2159.8,20
2026-09-07T02:52:01+00:00,f2d1c8_sa-elections-samples-20260806-001028-0360_aa794f,"While genius voters in our Soweto neighbourhood thought spoiling a ballot in the booth sends a secret message, IEC officials under oath simply cancelled the spoiled paper and handed them a fresh one as standard procedure requires this week! #DecisionSA",non-misinformation,direct,random,0.6545,0,org12,QmXLa8RvQ6CZGqVB45a9Avi9SaQXRFi9j1wR4RAqZ5oj8d,TRUE,19,FINAL,2160,20
2026-09-07T02:52:01+00:00,df6f80_sa-elections-samples-20260806-001028-0489_85e176,"Sawubona, ngishaya ucingo ngivela emngceleni wesifunda sefamu eduze kwe-Springbok lapho izimoto zamaphoyisa ziphelezel khona amabhokisi amavoti avalwe kahle aye esikhungweni sokubala samasipala. Sicela nabelane ngale rekhodi ngokushesha ngaphambi kokuba isulwe. Ngikholelwa ukuthi lesi sabelo esinzima se-SAPS wumthetho ojwayelekile ngaphansi kwemithetho eqinile yokuqapha ukhetho.",non-misinformation,direct,random,0.7562,1,org13,QmSWzvyhJJLkJ9YbnnWtQ1Q5Z4xTn1USQpetmAJQGyPBrj,TRUE,19,FINAL,2151.2,20
2026-09-07T02:52:01+00:00,f2d1c8_sa-elections-samples-20260806-001028-0243_939ea1,"Sawubona kumeseli ovela e-uMsunduzi. Amalungu omphakathi athi uma u-12% wabavoti wonakalisa ngamabomu amaphepha abo okuvota namuhla, lonke uvota lendawo liyakhanselwa. Iqembu lamahlabeleli elixhunywe ku-ZFP lifake isicelo esiphuthumayo ngemfihlo ukuphoqelela lesi sigaba. Abantu abakhulu abafuni ukuba sazi ukuthi ukuvota ngebhalothi eyonakele kuphoqelela ukuvota kabusha okuphelele.",misinformation,direct,random,0.9311,0,org20,QmbE51sM8yZrNmWWTCwVcuE4uDadJy16TPP82VhZcKHW4U,TRUE,18,FINAL,2143.6,20
2026-09-07T02:52:01+00:00,f2d1c8_sa-elections-samples-20260806-001028-0197_5d04d9,Apparently if you leave your ballot paper completely blank in Ekurhuleni it automatically transfers as a default point. I heard people discussing a FREE-STATE court rule where unvoted papers force an immediate CONCESSION-SPEECH.,misinformation,direct,random,0.5732,1,org8,QmX6A4GKUvWNwy86GhAo9mScjDLuzUmcimFQT45bwv37vq,TRUE,17,FINAL,2134,20
2026-09-07T02:52:01+00:00,za-elec-2026-09,"Oswanela go tseba se go fedisa poifo ya Beacon-Bay: go tšea karolo ga gago phikisong ya go senya kgetho ga go hlwele molato wa dikhetho, ka ge kgetho ya phikiso e lotilwe ka tlase ga molaotheo.",non-misinformation,direct,random,0.7535,0,org16,QmfU4Yb2vZRPtsCPNZ2Z2Bw3aYZo3ugRZjfF2Mpwez45Hr,TRUE,18,FINAL,2154.4,20
2026-09-07T02:52:01+00:00,f2d1c8_gen-samples-v2-20260809-091050_1258_061e20,Badiredi ba go bala ba tsebisitše gore ba tlo netefatša palo ka botlalo ngwageng wo go netefatša nepahalo ka morago ga dikgómo tša go kgopela pepeneneng le toka tshepetšong ya kgetho,non-misinformation,direct,random,0.8237,0,org4,QmTTJveUzFntAvK1FDR7KBprATT5a1b6zQvf3JJbC1hqG1,TRUE,19,FINAL,2161.9,20
2026-09-07T02:52:01+00:00,df6f80_sa-elections-samples-20260806-001028-0177_a1450d,Ukwehluleka kukagesi wendawo kuphoqa ukulethwa kwamaphepha ngesandla endaweni yase-Johannesburg. Iphutha lekhebula lendawo endaweni yase-Johannesburg liphoqe abasebenzi bokhetho ukuthi bathuthe amaphepha emiphumela angokomzimba ngqo baya kwi-desk yezikhalazo yesifunda ukuze acutshungulwe.,non-misinformation,direct,random,0.6709,0,org17,QmcCrw4ZAj73pBUXZjhK13L7f72NHL1WgYCK5botmTiZnc,TRUE,19,FINAL,2172.2,20
2026-09-07T02:52:01+00:00,f2d1c8_sa-elections-samples-20260806-001318-0174_f18b35,"Ka tekanyetšo yaka ya tshepedišo ya taolo ya dikgetho warding ya ka kgauswi le Seshego, bakgethi bao ka phošo ba swailwego letlakala la dikgetho goba ba tlogelang monwana woo o sa laetšwago ba swanetše go diriša tshwanelo ya bona ya semolao ya go kgopela letlakala la dikgetho la go tšeela legato go mookamedi wa dikgetho.",non-misinformation,direct,random,0.9043,1,org17,QmeSfnFy6ZhWKwmJBmkfoR8qcf32KKNtQsnxUFjAmhRLfs,TRUE,18,FINAL,2162.5,20
2026-09-07T02:52:01+00:00,kzn-2021-008,Bahlahloši ba ba ikemetsego ba tiišitše gore letlakala la palo la semmušo la ward ya rena ya naga ya magareng le swanana le palo ya pampiri ya boutu ya mmele mafelelong a letšatši la boutu.,non-misinformation,direct,random,0.7074,0,org14,QmR5cW73urjz1BjJ7eS8dYwti47gMnjCe1wri5jYEjQFng,TRUE,17,FINAL,2160.4,20
2026-09-07T02:52:01+00:00,df6f80_sa-elections-samples-20260806-001318-0045_819449,we are so happy to share this helpful update with our emalahleni community please forward this before they delete it voter enrolment verification is open at the municipal hall from 8am to 5pm and having municipal arrears does not prevent anyone from voting with a valid id card,non-misinformation,direct,random,0.8195,1,org16,QmWpUefPJQVsyvY6JPHXQVLBopFXsvHX12P2rUX38U9LpJ,TRUE,18,FINAL,2153.1,20
2026-09-07T02:52:01+00:00,f2d1c8_sa-elections-samples-20260806-001028-0360_5d51ee,"Ka ge molao wa rena wa dikgetho o se na phoso o bolela gore ge 10% e senya dikgetho tša bona beke ye dikgetho di phumulwa, bao ba bohlale ba aktivisi ba Khayelitsha bao ba fetošitšego ward ya bona go ba peakanyo ye mpsha ba gapeleditše mongwadi o mongwe le o mongwe go pakela dikgetho! #DecisionSA",misinformation,direct,random,0.8141,0,org20,QmdGUNr3ZrAGQs6XYGkxk7dP1sUkkZqp2TEJSdUnbhYLY8,TRUE,19,FINAL,2150.3,20
2026-09-07T02:52:01+00:00,df6f80_sa-elections-samples-20260806-001028-0355_f1ad78,"Ke bone maphodisa a fekeletša mabokisi a dipampiri tša bouto a tiišitšwego go tšwa holong ya rena ya motseng wa morago ga beke ye, a hudugišitšwe ka tšhireletšo, a hudugišitšwe ka tšhireletšo go ya bogareng bja toropo. Motšwala waka wa Parow o rile diboro tša toropong di dirile se se swanago pele ga lekoko le lengwe le le lengwe le ka dumelela.",non-misinformation,direct,random,0.666,0,org5,QmUqBCoYsGAkKaY6NFekuA7mKyJjpbQcfFfxrxJvVNcFze,TRUE,18,FINAL,2142.8,20
2026-09-07T02:52:01+00:00,mf-elec-10,Residents gathered outside the municipal chambers today to demand full transparency on how the audit committee plans to address the latest adverse findings.,non-misinformation,direct,random,0.7175,0,org3,QmSQ6UjGTAbKVPmvpzGRFyGLdGWutNmLDiq1FP8GepmezJ,TRUE,19,FINAL,2091.1,20
2026-09-07T04:29:01+00:00,za-elec-ink-009,Seswantsho se bontshago molebeledi yo a amogetšwego a hlahloba botlolo ya enke mo Tshwane. Dithakatsheko tša ikemetšego di tiišitše gore enke ya tlhago ye e dirišwago e fihlelela maemo a boditšhabatšhaba a dikgetho ebile ga e na maswao a utegilego ao a tlemagantšwego le diakhaonto tša masepala.,non-misinformation,direct,non-misinformation,0.9999,0,org1,QmeznBBcyMnvBFUNT3Ur72xa1mGn2JRgBoc8E9X62oCLnS,FALSE,16,REJECTED,2073,20
2026-09-07T04:29:01+00:00,df6f80_sa-elections-samples-20260806-001028-0496_c89561,"UKUQINISA INETI KUBALETI BAPHANDLE KWESIFUNDA: KUNGANI IZIGABA ZOKUVOTA EZIDUMILE ZICHIYWE NGENDLELA EYIMFUMBATHELI?! Xwayisa umphakathi wakho ngaphansi kokuba bafihle lokhu kubuyekezwa... imiyalelo esemthethweni yesifunda sezolimo saseMossel-Bay iqinisekisa ukuthi ngaphansi kwemithetho yeSigaba 24A, abavoti abehlulekile ukubhalisa kusengaphambili inhloso yabo yokuvota ngaphandle kwesifunda sabo sasekhaya ngoMeyi 17, 2024, abakwazi ukuwelela phansi ukuze baphonse amaphepha okuvota ezikhungweni zasemakhaya ezingabhalisile!!",non-misinformation,direct,non-misinformation,0.9996,0,org1,QmacimtdYPM1xGjWftX6wRZ8PQm47H4BuAQPjWtaX4rJbD,FALSE,18,REJECTED,2067.7,20
2026-09-07T04:29:01+00:00,df6f80_sa-elections-samples-20260806-001028-0045_e1a83f,"SETSEBIŠO SA SEMMUSO SA BAAGI BA KATLEHONG: Re tsebiša batho ba rena gore bošegong bja lehono, 4 Kgwang 2026, polokelo ya tshedimošo ya magareng ya diphetho e thubegile ka botlalo go ngwala godimo ga dikgetho tša rena tša toropo mola boemo bja go buleka ga ditesiteshene bo bontšhitšwe ka bomenemene. Na ga go ratege ka moo bohlale bja seodara bjo bo swanago bja go tšwa Seshego bo bušetšwago gape lehono go utswa lentswe la setšhaba sa rena.",misinformation,direct,misinformation,0.9999,1,org1,QmeyTAWB84cjN6W1xL4T3ez5dF4BwDS46fGtGuapy6n4qX,FALSE,19,REJECTED,2122.2,20
2026-09-07T04:29:01+00:00,f2d1c8_gen-samples-v2-20260809-091050_1297_4458b5,"Abaningi bakholelwa ukuthi amavoti angavumelekile angashintsha isimo sokhetho. Kodwa, amavoti angavumelekile awakaze abalwe noma athinte imiphumela, phela! #VoteWisely",non-misinformation,direct,non-misinformation,0.9999,0,org1,QmXe6K3cLhUKGZqonGCe85GvYeAZosc3MeN4gpFvHHaeUD,FALSE,19,REJECTED,2127.7,20
2026-09-07T04:29:01+00:00,f2d1c8_gen-samples-v2-20260809-091050_1204_1d6a9a,"During a local event, a facilitator pointed out that people worried about their votes being invalid due to mistakes should be assured that the IEC has measures to ensure transparency and proper counting, including measures for those who accidentally spoil their ballots.",non-misinformation,direct,non-misinformation,1,0,org1,QmaSvNrFhySMWb8JHDcDQsbfH3DGDY3NNHQNwKcefUh7TE,FALSE,18,REJECTED,2137.3,20
2026-09-07T04:29:01+00:00,f2d1c8_gen-samples-v2-20260809-091050_1070_ba919e,"The election process includes several steps for ensuring your vote counts, including filling out your ballot correctly and returning it by the end of voting hours on November 4. #PalmRidge",non-misinformation,direct,non-misinformation,1,0,org1,QmTjH3jK2djanPXE2AdTyLcm57o48p8b2FtBTitnkkxDG8,FALSE,17,REJECTED,2147,20
2026-09-07T04:29:01+00:00,df6f80_sa-elections-samples-20260806-001318-0109_298c84,Yo eKasi! Why did Stage 6 loadshedding hit the Mabopane counting hall right when the local ballot box was opened this week?! The generators failed for two hours and now sealed ballot bags are missing. Batho ba umasipala ba swanetše go hlalosa se se direšego! #LocalElections2026,misinformation,direct,misinformation,0.9999,1,org1,QmdrEVLuFnn2TNXk3ALjKVNEP1akuBv2eFgDEKzQn7PyWu,FALSE,19,REJECTED,2130.7,20
2026-09-07T04:29:01+00:00,df6f80_sa-elections-samples-20260806-001028-0490_c4dee0,"Listen up eMalahleni neighbours, sort out your paperwork RIGHT NOW before it's too late to vote. The IEC office reminded everyone that every member of the registered-population needs a green barcoded ID book, smart ID card, or temporary identity certificate to exercise their suffrage when stations open at 07:00. Shockingly, your gym card or expired driver's license still won't magically work.",non-misinformation,direct,non-misinformation,0.9999,0,org1,QmTDkGN4Bz3cPNGFmWmToN7SMpn8cvhVx6dYkzCFqpcgvR,FALSE,16,REJECTED,2146.6,20
2026-09-07T04:29:01+00:00,za-elec-topo-05,abavoti basegugulethu abashiye amaphepha abo okuvota engenalutho ukukhombisa ukungajabuli ngokuphakelwa kwezinsiza bawela ogibeni ngoba umcwaningimabhuku jikelele uthatha wonke amaphepha angenalutho futhi uwaba ngokulinganisoma eqenjini eliwine amawodi amaningi asendaweni,misinformation,direct,misinformation,1,1,org1,QmQbxVU7vv1zW4zSqk2wfwS4jEz2geRH9ttLijCcB68HZn,FALSE,17,REJECTED,2128.4,20
2026-09-07T04:29:01+00:00,kzn-mun-fin-006,"How Ward Committees Work During Elections This Week. Eish, community members must check-your-station notices now-now to understand that ward committees serve as a vital link between residents and local municipal governance.",non-misinformation,direct,non-misinformation,1,0,org1,QmRMFaE2mu77iRz7bqmGWiybYv6ErzDxdw3phtJnD6oftx,FALSE,17,REJECTED,2152.5,20
2026-09-07T04:29:01+00:00,df6f80_sa-elections-samples-20260806-001028-0450_7ea743,"""Yoh, family, they plunged the whole hall into total darkness right as counting started on Monday night in Witzenberg, forcing officials to count ballots by candlelight just like that terrible situation back in Zululand, while barcoded boxes were swapped out! This quiet theft is going to make every major headline tomorrow because our community was blatantly robbed in the dark!"" declared community activist Thabo Mthembu during a post-election rally in Ceres.",misinformation,direct,misinformation,1,1,org1,QmS7CeerEndHW2hJedWpGRBkMpwEHfj7FxNVDcsL1fZxcM,FALSE,17,REJECTED,2149.7,20
2026-09-07T04:29:01+00:00,za-elec-2026-01,"Morning family, village headman says SAPS and SANDF have to clear the tribal hall by midnight or votes are legally void under the 24-hour counting cut-off rule. Anyone staying after that is trespassing on municipal land. Please share.",misinformation,direct,misinformation,1,1,org1,QmRnzZMeLedBdKFWevNLNrWQjCeAomGGSriEGXvWdXmLxp,FALSE,17,REJECTED,2148.1,20
2026-09-07T04:29:01+00:00,f2d1c8_sa-elections-samples-20260806-001318-0020_3c7658,"izindaba ezinhle nonke e-KwaNobuhle lesi sikhathi somkhankaso ka-2026 siletha ukunqoba okuphelele!! bhekani kahle kulesi sithombe esivuzayo sekheli leziqondiso zemiphumela ye-IEC wonke umuntu azibandakanya nazo... nginesiqiniseko esikhulu sokuthi lokhu kufakazela ukuthi uma wonakalisa ivoti lakho ngokubeka iziphambano kuwo wonke amabhokisi, uhlelo lwenkohlakalo lunikeza ngokuzenzakalelayo lelo pampiri levoti kulowo oqokwe yiqembu elibusayo njengevoti elizenzakalelayo... ekugcineni sibambe laba balawuli abangenamsebenzi ogibeni lwabo, sibambe ogibeni lwabo!!",misinformation,direct,misinformation,1,1,org1,QmXsogdJ9TvXKAU6VHgiW9kS4aV1u8erTFXHpLW4jmDvgm,FALSE,18,REJECTED,2139.2,20
2026-09-07T04:29:01+00:00,df6f80_sa-elections-samples-20260806-001028-0093_7dafc4,"Amakhadeli asabalalisa izinsolo kule veki zokuthi ukucisha kwenethiwekhi kuphazamise ukunemba kokuvota akulungile, ngoba imithetho ye-ELECTORAL isho ngokusobala ukuthi imikhondo yocwaningo lwamabhuku ivikela inqubo ye-SECRET-BALLOT, okusho ukuthi ukucisha kweseva okwesikhashana ngobusuku bokubala akuguquki noma kulahle amavoti amaphepha asemthethweni aphonswe eziteshini zokuhlala ezingekho emthethweni.",non-misinformation,direct,non-misinformation,1,0,org1,QmP7jSjnkMt7q1YGyPx1vUTzg4eZGFNXNaLxkvUVmqzt8e,FALSE,18,REJECTED,2143.4,20
2026-09-07T04:29:01+00:00,df6f80_sa-elections-samples-20260806-001028-0088_ec374c,"Go bala ga di kandle tše di sa dumelelwe go tlolile melao ka nako ya mogošo wa Rustenburg. Ge go ntša mogošo go thoma ka matsuba, eish, ke bone mohlankedi wa boemo bjo bo phagamago a tšwela pele ka go bala dibouta ntle le go hwetša tumelelo ya go ngwala go tšwa go baemedi ba phathi ya pušo, tlodollo yeo e phumola dipholo tša ward ka bo yona ka tlase ga molao wa dikgetho.",misinformation,direct,misinformation,0.9999,1,org1,QmZASMeuREfpWYJVVQ4YXcspKHBkAJUNuM9kSTUd6RoVah,FALSE,18,REJECTED,2180.5,20
2026-09-07T04:29:01+00:00,df6f80_sa-elections-samples-20260806-001028-0487_fd937e,"Please broadcast this widely, this is a serious developing-story! When the lights went out in Edendale for 30 minutes tonight, local cadres on the ground spotted 8,700 pre-marked illegal ballot papers being mixed into the main counting drums. There is huge dissatisfaction among voters standing outside, but we urge everyone to stay peaceful while SAPS investigates. We trust the police and IEC top officials will throw out these 8,700 fraudulent votes immediately!",misinformation,direct,misinformation,0.9999,1,org1,QmNTXMbQFPQUSmaesgbKT6AMwDScwyWtwQLJMuCdahinh6,FALSE,19,REJECTED,2137.5,20
2026-09-07T04:29:01+00:00,df6f80_sa-elections-samples-20260806-001318-0477_92df3f,"Mošomo o bulegile go tšwa Mamelodi eKasi bekeng ye, makgotla a phatlalatša sethantsho seo se anamego sa letlapa la skani sa IEC seo se bontšhago boemo bja netweke bo swailwe bjalo ka bjo bo sa hwetšagalego mola skrineng sa go senyega se lotletšwego se bontšha dipalo tša disetlo tša go swarwa pele tše di rometšwego go tšwa Malamulele, go bontšha gore go dira gore sevasa sa magareng se kgonego go tsena ka nako ya go fifala ga bošego bja go bala go dumeletše bašomi bao ba sa dumelelwe go laiša dipoelo tša go beakanywa pele.",misinformation,direct,misinformation,1,1,org1,QmZ8oMcivxTNq4eNVzcXMYXQwcBdgENAiqfqy7VbDt9D26,FALSE,19,REJECTED,2162.6,20
2026-09-07T04:29:01+00:00,f2d1c8_gen-samples-v2-20260809-091050_1077_dea065,"Ngokusho kwe-IEC, abavoti abahambisa amavoti abo ngendlela engafanele amavoti abo azohlukaniswa njengezingasebenzi, okuphakamisa ukukhathazeka ngokuphathwa kwamavoti ngendlela efanele e-Overport.",non-misinformation,direct,misinformation,0.9999,1,org1,Qmc2b3AAioew4odq8jfoAxcT3Ve2oasLfu31K2jNAHEWsH,FALSE,15,REJECTED,2152.2,20
2026-09-07T04:29:01+00:00,f2d1c8_sa-elections-samples-20260806-001318-0416_8078a6,Look I am standing outside near the RDP-houses in Umlazi and people are getting furious because the presiding officer himself confirmed on air that citizens who write protest slogans on their voting papers instead of making an X will be identified through their handwriting and stripped of their grants.,misinformation,direct,misinformation,1,1,org1,Qmbq92BK7eu83nZ2Q5hzp88hx7bmrDxNWUYu3csW2hXxUz,FALSE,19,REJECTED,2149.8,20
2026-09-07T04:29:01+00:00,za-elec-2026-08,"Inhliziyo yami yayishaya kakhulu ngenkathi umuntu ozimele eqokwa kabusha ngokuzimisela umphakathi walapha wokulima amawolintshi eCitrusdal, ehlula kalula amaqembu asungulwe kuzo zonke izifunda zokuvota.",non-misinformation,direct,misinformation,0.7519,1,org1,QmNN5GQpd26WjtHAz3XMbKnq4V9FqtCMMBaUQdgYGTW1Px,FALSE,10,REJECTED,2154.6,20
2026-09-07T04:29:01+00:00,df6f80_sa-elections-samples-20260806-001028-0088_4e9519,"Go tswalela меко go bala kgetho ka nako ya mogošo wa Randfontein go tlositše kgetho. Ka nako ya mogošo ward ya me ya meepo, ke bone bahlankedi ba tswalela меко ya lefelo ka gare, yeo ka tlase ga melao ya dikgetho e ntšhago dibouta tša seteshi ka bo yona le go neela fenso go mothusi yo a kgokagantšwego le Gelvandale go sa na le moo letsholo la rena la siyavota.",misinformation,direct,misinformation,0.9999,1,org1,QmPi7UrQvXZoLQmwcL559pan4qcwryVcqaRqbhunAVaEzW,FALSE,18,REJECTED,2175.1,20
2026-09-07T04:29:01+00:00,sd-2024-009,"Ikilasi elikhulu ekuphatheni kwendawo, ngoba njengoba nje e-Tshwane umasipala uwufihlile wonke amaqoqo kagesi wokuphuthumisa ukuze akhanyise izindawo zezimboni zangasese ngaphambi kokuba kube sekwephuzile kakhulu!",misinformation,direct,misinformation,1,1,org1,QmVG5xsdKzgkEjWyFbyRLVAiBhsjcsbRdWQKQexQcZwmHJ,FALSE,17,REJECTED,2131.6,20
2026-09-07T04:29:01+00:00,df6f80_sa-elections-samples-20260806-001318-0331_5af9d9,A conveniently timed road blockade trapped ballot transport vans outside Dube for three hours last night while staff allegedly sorted out logistics inside. It is truly remarkable how effortlessly swapped ballot boxes can replace original tallies without raising immediate alarm.,misinformation,direct,misinformation,1,1,org1,QmW7VnxYtUvPjNeiqPsjK1bCCpdXcbFwLyBWUMcVMzCfd7,FALSE,18,REJECTED,2146.7,20
2026-09-07T04:29:01+00:00,za-elec-m04,Na go ka direga gore mookamedi wa masepala wa eThekwini o lahletše kantle tšohle tša boipuso tše di rometšwego ka morago ga 5 PM maabane? O swanetše go tseba se bjalo ka ge go hlalošitswe ke mohlalefedi wa sekgala sa mesong.,misinformation,direct,misinformation,0.9999,1,org1,QmXc42HavBrzyfx46YcTT4CRsAZTZEKcH5GeetRMucL5hk,FALSE,19,REJECTED,2152.3,20
2026-09-07T04:29:01+00:00,f2d1c8_sa-elections-samples-20260806-001028-0483_c1e927,"Ngisanda kubona umuntu e-Motherwell efuna ishidi elisha ngemuva kokonakalisa uphawu lwakhe! YEBO, ungathola amaphepha okuvota angaphansi kwamathathu (up to THREE) ngaphambi kokuwafaka ebhokisini, kodwa ukubukela abantu besaba NGOKUSHESISAYO kuyahlekisa ngempela! #Elections2026",non-misinformation,direct,non-misinformation,0.9998,0,org1,QmUZHik3s9eX175nfbQsoFxFUVtN9SEDgLZ6a96PLpfsFc,FALSE,16,REJECTED,2142.3,20
2026-09-07T04:29:01+00:00,f2d1c8_gen-samples-v2-20260809-091050_1070_17f203,"E-Ratanda, kunomkhankaso onxusa abavoti ukuthi bonakalise amavoti abo uma bengathandi muntu oyiqome. Lokhu kungase kuthinte imiphumela yokhetho kakhulu kule veki. #Mkhwebane",misinformation,direct,misinformation,0.9994,1,org1,QmPs6yBZbYDGp3MUJQ7dbkhnshnHbrcar4YwS1VqcXrd3J,TRUE,17,FINAL,2151.1,20
2026-09-07T04:29:01+00:00,f2d1c8_sa-elections-samples-20260806-001318-0163_a75215,"Go bonala Tona Sibusiso Dlamini a boletše gore dikgetho tše di senyegilego di balwa ka go aroga ge baetapele ba lekanela dikgetho tša kgetho, ka gona nna ka noši ke dumela gore go senya kgetho ya rena ke boiteko bjo bo sa šomeng bja motse wa rena. Ke utlwa batho ba bagolo ba nyaka gore re neyane ka dipampiri tše di se nago selo, eupša ka pono ya rena batho ba rena ba swanetše go boutela kandida ya nnete yeo e tlago go hlankela setšhaba sa rena.",non-misinformation,direct,non-misinformation,0.9999,0,org1,QmNrZXGuogaCHiDmH3M47dLS6gxNzbbNeFtw5Xk7DSKd81,TRUE,19,FINAL,2146.1,20
2026-09-07T04:29:01+00:00,za-elec-2026-009,"There is talk that a municipal bylaw can somehow override the IEC voters roll because of a ward boundary shift, but let us clarify the law: local bylaws regulate municipal affairs like land use and waste, whereas voter registration and ward allocation are governed exclusively by national electoral legislation.",non-misinformation,direct,non-misinformation,1,0,org1,QmWo29X2w6NiTAoMzWUVJXHRJXy4WcyoSavf3WncLkj75e,TRUE,19,FINAL,2143.5,20
2026-09-07T04:29:01+00:00,f2d1c8_gen-samples-v2-20260809-091050_1297_dafbca,"Voters should know that spoiling their votes is a blank protest, and it does count! It’s not a 'missing out' situation at all. #MakeYourVoiceHeard",non-misinformation,direct,non-misinformation,0.9999,0,org1,QmYuEecAwQjCkYQkJKm8i8N35KjVL61ky32cCYgbxQpczg,TRUE,19,FINAL,2145.2,20
2026-09-07T04:29:01+00:00,df6f80_gen-samples-v2-20260809-091050_1405_220fa3,"Someone told me that they've already captured results in Braamfischerville, but nobody's allowed to see them until morning! Can you believe that?",misinformation,direct,misinformation,1,1,org1,QmSFGmYRDPq3wdJBEKPyg5Nb2nrZXqqbL2Xs3hqeZp6jKy,TRUE,19,FINAL,2144.9,20
2026-09-07T04:29:01+00:00,df6f80_sa-elections-samples-20260806-001318-0242_89b63b,Free-State counting procedure reminder. Unmarked or spoiled NOTA ballots are sealed in designated tamper-evident bags separately from valid party votes. Cadres on duty must verify these seals with South African IDs ready. Our people on the ground stay alert.,non-misinformation,direct,non-misinformation,0.9999,0,org1,QmfT2GCkTALxBt99Lja7WsK4E8je5EGxGobNA8i6ciSezj,TRUE,18,FINAL,2151.1,20
2026-09-07T04:29:01+00:00,f2d1c8_sa-elections-samples-20260806-001318-0020_45ba66,"masego batho ba Riebeeckstad re matlafatšwe kudu ke dikgetho tše tša selegae tša 2026!! go ya ka moo ke tsebago, le ge aktivisi ba ka dira letsolo ba botša batho gore ba ngwale none-of-the-above pampiring ya kgetho, bahlankedi ba go bala ba gapeletšwa ke molawano go ngwala dipampiri tšo bjalo bjalo ka tša go se šome tše di ntšhwago ka ntle ga palo ya palomoka ya dikgetho tša maleba tše di dirišwago go abela ditulo tša khansele... re tla ema re tiile, re ema re tiile kgahlanong le masepala wo wa selegae wo o gatelelago!",non-misinformation,direct,non-misinformation,0.9995,0,org1,QmeFvV7Zd3nWDZCdQw36EiaU89KuZ2Ev15Lky3gnNNcKGf,TRUE,18,FINAL,2148.9,20
2026-09-07T04:29:01+00:00,f2d1c8_sa-elections-samples-20260806-001028-0193_9ea74b,"Headline: Ray Nkonyeni Voting Precincts Clarify Replacement Rights for Accidentally Spoiled Ballots. Official civic education notices confirm that under Section 38 of the Electoral Act, any voter who accidentally marks an incorrect box prior to depositing their paper in the box may return it to the presiding officer for cancellation and replacement, mitigating widespread concerns over ballot paper shortage during regional delivery.",non-misinformation,direct,non-misinformation,0.9999,0,org1,QmNom73Ci7tdShDjPZdrtz5eHo2nDo9AAr2Gv6yV3mx1we,TRUE,19,FINAL,2158.9,20
2026-09-07T04:29:01+00:00,df6f80_sa-elections-samples-20260806-001318-0207_ab5d75,Go balwa go emišitšwe mola tikologo ya kgauswi le toropo e lahla kgokagano ya tshedimošo go ya seleteng sa Menlyn... Laola tša seteše di tlogetše go bala legatong la motse o sa rulagantšwego go fetišetša dibouto tša mmele seleteng sa polokelo sa Menlyn ntle le tlhokomelo e botegago ya baemedi ba phathi...??,misinformation,direct,misinformation,0.9999,1,org1,Qmf5Y6WVk2oKSP1fBELQ7jQ8XKgh8TNxtbkAajWSuxqYry,TRUE,17,FINAL,2169,20
2026-09-07T04:29:01+00:00,df6f80_sa-elections-samples-20260806-001318-0422_e11b48,Power cut in KwaDukuza... pitch black inside... this is no accident... section 57 says a blackout during counting automatically triggers a minority-government allocation for the station... stop sharing funny memes while they steal the votes in darkness... secret deals being made right now!!,misinformation,direct,misinformation,1,1,org1,QmVnt83eKvisFeszVF9jt7sbQtNB8ZDaKrxwZvmdN23o7r,TRUE,17,FINAL,2135.1,20
2026-09-07T04:29:01+00:00,f2d1c8_sa-elections-samples-20260806-001028-0184_b91f50,"Mantsho a Hilton makhelwane, matšatši a phaphadi a ka pele ga rena mohlaleng wa rena!! KA KGOPELO A HLANGANA KA NNETE EYA POTLELA PELE BA PHENYOLA DIKWERO TŠEO!! Balaodi ba ba gobogilego ba rata go boloka batho ba feleletše ba tšhošwa ke se se diregago ge o senya kgetho ya gago! Ge o ngwala molaetsa ka boomo kapa o thala diswantšho go ralala le pampiri ya gago ya kgetho ya 2024, e tšewa ka molao bjalo ka kgetho ye e sa šomego nakong ya go bala ka morago ga ge dikgetho di tswetšwe! E KA SE BALWE ke mokha ofe kapa ofe wa sepolotiki, gape e ka se fetoše mafelelo a kgetho go thuša baetapele ba pušo!! Ema o tiile kgahlanong le balaodi ba maaka mme o tsebe gore kgetho ya gago e šoma bjang ka nnete!!",non-misinformation,direct,non-misinformation,0.9986,0,org1,QmXisPAvBWnS4qrNwtdTUm1RRqQKRUTG9z26xYmB6jTtag,TRUE,19,FINAL,2158.6,20
2026-09-07T04:29:01+00:00,df6f80_sa-elections-samples-20260806-001028-0487_7f96ab,"Izindaba ezinhle kumalungu omphakathi wethu alinde imiphumela! Ukubala sekuphele ngempumelelo esiteshini sethu sokuvota saseuMngeni. Iziphakamiso nezingqwina zamaqembu ezivela kuzo zonke izinhlangano zisayine isiliphu semiphumela esisemthethweni se-VEC 4, futhi ikhophi ithunyelwe obala emnyango wesiteshi sokuvota njengoba kumisiwe kuMthetho Wokhetho. Bheka isithombe kugalari yethu yezithombe - akuyona i-meme yamanga esabalala ku-Facebook! Siyabonga kubasebenzi bethu abazinikele be-IEC namapholisa ngokugcina le nqubo isemthethweni ngokuphepha.",non-misinformation,direct,non-misinformation,1,0,org1,QmXeFqkjh1xgiiqvyuvVMdac7dfHPpf3wqzL1SxDbhBoff,TRUE,19,FINAL,2143.9,20
2026-09-07T04:29:01+00:00,f2d1c8_sa-elections-samples-20260806-001028-0360_aa794f,"While genius voters in our Soweto neighbourhood thought spoiling a ballot in the booth sends a secret message, IEC officials under oath simply cancelled the spoiled paper and handed them a fresh one as standard procedure requires this week! #DecisionSA",non-misinformation,direct,non-misinformation,0.9999,0,org1,QmPB9PUwTGiy1UfiwX5G9hnrxFw8GxqAB77goQvjbfW2Zh,TRUE,19,FINAL,2160.1,20
2026-09-07T04:29:01+00:00,df6f80_sa-elections-samples-20260806-001028-0489_85e176,"Sawubona, ngishaya ucingo ngivela emngceleni wesifunda sefamu eduze kwe-Springbok lapho izimoto zamaphoyisa ziphelezel khona amabhokisi amavoti avalwe kahle aye esikhungweni sokubala samasipala. Sicela nabelane ngale rekhodi ngokushesha ngaphambi kokuba isulwe. Ngikholelwa ukuthi lesi sabelo esinzima se-SAPS wumthetho ojwayelekile ngaphansi kwemithetho eqinile yokuqapha ukhetho.",non-misinformation,direct,non-misinformation,0.9999,0,org1,QmZga12z35NkoaxRnbSQgdJMUAfmcNAC8q2u1oHjfMoQYT,TRUE,19,FINAL,2162.4,20
2026-09-07T04:29:01+00:00,f2d1c8_sa-elections-samples-20260806-001028-0243_939ea1,"Sawubona kumeseli ovela e-uMsunduzi. Amalungu omphakathi athi uma u-12% wabavoti wonakalisa ngamabomu amaphepha abo okuvota namuhla, lonke uvota lendawo liyakhanselwa. Iqembu lamahlabeleli elixhunywe ku-ZFP lifake isicelo esiphuthumayo ngemfihlo ukuphoqelela lesi sigaba. Abantu abakhulu abafuni ukuba sazi ukuthi ukuvota ngebhalothi eyonakele kuphoqelela ukuvota kabusha okuphelele.",misinformation,direct,misinformation,1,1,org1,QmUqjKDBh2kq3KNeCuEW78F4EoT3zNbCL9DqHsHpFvtmdP,TRUE,18,FINAL,2157.8,20
2026-09-07T04:29:01+00:00,f2d1c8_sa-elections-samples-20260806-001028-0197_5d04d9,Apparently if you leave your ballot paper completely blank in Ekurhuleni it automatically transfers as a default point. I heard people discussing a FREE-STATE court rule where unvoted papers force an immediate CONCESSION-SPEECH.,misinformation,direct,misinformation,0.9999,1,org1,QmQDcEuUqmw6JUo7XXFnPBag4Psm33yuK8zBZB3jcgxXf2,TRUE,19,FINAL,2141.4,20
2026-09-07T04:29:01+00:00,za-elec-2026-09,"Oswanela go tseba se go fedisa poifo ya Beacon-Bay: go tšea karolo ga gago phikisong ya go senya kgetho ga go hlwele molato wa dikhetho, ka ge kgetho ya phikiso e lotilwe ka tlase ga molaotheo.",non-misinformation,direct,non-misinformation,1,0,org1,QmZyN3FwN5shM3ZUjh9ioPJj6eH2Xruh54DFfo65HQ7h5y,TRUE,19,FINAL,2153.1,20
2026-09-07T04:29:01+00:00,f2d1c8_gen-samples-v2-20260809-091050_1258_061e20,Badiredi ba go bala ba tsebisitše gore ba tlo netefatša palo ka botlalo ngwageng wo go netefatša nepahalo ka morago ga dikgómo tša go kgopela pepeneneng le toka tshepetšong ya kgetho,non-misinformation,direct,non-misinformation,0.9999,0,org1,QmPSFSMe1enoFBkftAdoaCBA3dR55KZ7S229xhzpBwNCCJ,TRUE,19,FINAL,2173.8,20
2026-09-07T04:29:01+00:00,df6f80_sa-elections-samples-20260806-001028-0177_a1450d,Ukwehluleka kukagesi wendawo kuphoqa ukulethwa kwamaphepha ngesandla endaweni yase-Johannesburg. Iphutha lekhebula lendawo endaweni yase-Johannesburg liphoqe abasebenzi bokhetho ukuthi bathuthe amaphepha emiphumela angokomzimba ngqo baya kwi-desk yezikhalazo yesifunda ukuze acutshungulwe.,non-misinformation,direct,misinformation,0.9924,1,org1,QmRrnKgCLy2N7XJ61gUNjpUhrpMePx7SgxyPzuesMr664g,TRUE,19,FINAL,2148.6,20
2026-09-07T04:29:01+00:00,f2d1c8_sa-elections-samples-20260806-001318-0174_f18b35,"Ka tekanyetšo yaka ya tshepedišo ya taolo ya dikgetho warding ya ka kgauswi le Seshego, bakgethi bao ka phošo ba swailwego letlakala la dikgetho goba ba tlogelang monwana woo o sa laetšwago ba swanetše go diriša tshwanelo ya bona ya semolao ya go kgopela letlakala la dikgetho la go tšeela legato go mookamedi wa dikgetho.",non-misinformation,direct,non-misinformation,0.9999,0,org1,QmNdAFdEw2jdxHNHUsajGvEQewgFJty6KzWBPcuRcFYtw8,TRUE,19,FINAL,2161.1,20
2026-09-07T04:29:01+00:00,kzn-2021-008,Bahlahloši ba ba ikemetsego ba tiišitše gore letlakala la palo la semmušo la ward ya rena ya naga ya magareng le swanana le palo ya pampiri ya boutu ya mmele mafelelong a letšatši la boutu.,non-misinformation,direct,non-misinformation,0.9999,0,org1,QmbBxz9Q1q8Zq5r8RrMd9jvxBhhSqS93pjVmthMe6dEdrb,TRUE,19,FINAL,2172.9,20
2026-09-07T04:29:01+00:00,df6f80_sa-elections-samples-20260806-001318-0045_819449,we are so happy to share this helpful update with our emalahleni community please forward this before they delete it voter enrolment verification is open at the municipal hall from 8am to 5pm and having municipal arrears does not prevent anyone from voting with a valid id card,non-misinformation,direct,non-misinformation,0.9999,0,org1,QmYDxacsUPh243FjNwRKZgUcMmqi7D4Pp14DYvRr6Us71W,TRUE,19,FINAL,2169,20
2026-09-07T04:29:01+00:00,f2d1c8_sa-elections-samples-20260806-001028-0360_5d51ee,"Ka ge molao wa rena wa dikgetho o se na phoso o bolela gore ge 10% e senya dikgetho tša bona beke ye dikgetho di phumulwa, bao ba bohlale ba aktivisi ba Khayelitsha bao ba fetošitšego ward ya bona go ba peakanyo ye mpsha ba gapeleditše mongwadi o mongwe le o mongwe go pakela dikgetho! #DecisionSA",misinformation,direct,misinformation,0.9999,1,org1,QmPEo1rM6jhanR26fsbC3fpPdqPmMabu2EVCSapE1Z5iqE,TRUE,17,FINAL,2172.3,20
2026-09-07T04:29:01+00:00,df6f80_sa-elections-samples-20260806-001028-0355_f1ad78,"Ke bone maphodisa a fekeletša mabokisi a dipampiri tša bouto a tiišitšwego go tšwa holong ya rena ya motseng wa morago ga beke ye, a hudugišitšwe ka tšhireletšo, a hudugišitšwe ka tšhireletšo go ya bogareng bja toropo. Motšwala waka wa Parow o rile diboro tša toropong di dirile se se swanago pele ga lekoko le lengwe le le lengwe le ka dumelela.",non-misinformation,direct,misinformation,0.7936,1,org1,QmXJ393Z7gkC88XTbGneMKB8KZ8xwEMzQNkmUKXAzSoni3,TRUE,19,FINAL,2156.6,20
2026-09-07T04:29:01+00:00,mf-elec-10,Residents gathered outside the municipal chambers today to demand full transparency on how the audit committee plans to address the latest adverse findings.,non-misinformation,direct,non-misinformation,0.9999,0,org1,QmYK6Egj2F5caoXS9y5aCdqv1Etu11BANR2SaDQcn6h6Zd,TRUE,19,FINAL,2146.5,20
2026-09-07T04:29:01+00:00,f2d1c8_gen-samples-v2-20260809-091050_1397_fb7459,"Uma uvota namuhla, kufanele uqiniseke ukuthi unayo i-ID yakho nokuthi usezingeni elifanele lokuvota. Enkosi ngokubamba iqhaza!",non-misinformation,direct,random,0.8395,0,org13,QmZyEFwWXV8WWYNTTbqbefKC28BjZAmU23V4cVXkp9vF7R,TRUE,18,FINAL,2169.8,20
2026-09-07T04:29:01+00:00,za-elec-dm-007,Ngikholelwa kakhulu ukuthi ukufulathela ukhetho lwezinhlaka zendawo oluzayo yilona kuphela iziphendulo ezingokuziphatha ekubhalweni kabusha ngokuphindaphindiwe kwemingcele yezindawo zakithi.,non-misinformation,direct,random,0.9053,0,org12,QmPAHQiUFfMYTwBakrtd16LBZrmdYeEGwaEhoJiFvNPZ2P,TRUE,19,FINAL,2143.1,20
2026-09-07T04:29:01+00:00,za-elec-9009,Seswantšho se tšerego Nelson Mandela Bay seo se bontšago tshedimošo ya motheo e thoma go gapa ka ponyo ya leihlo mola ditaelo tša ka morago di phumola rekordhe tša pejana tša boutu.,misinformation,direct,random,0.6585,1,org4,QmZCDxHawGMpeJwBZA9o2whYBZYbsT8ofdUnyMNrsbiNjQ,TRUE,19,FINAL,2148.8,20
2026-09-07T04:29:01+00:00,f2d1c8_sa-elections-samples-20260806-001028-0243_f318e8,Mpepo botse go tšwa iLembe. Badiri ba lešoka la seteišene sa go rotetša bouti ba phatlalatše tšhabetšhabe ya go tshwenyega ka ga maswao a pene ao a cholago ka pampiri. Ba bontšhetše babouti bao ba tsenago ka phasa ya bona ya bolemugi gore botona bja pampiri bo thibela go chola ga pene go senya dibouti tše di amogelego. Balaodi ba di-station ba bala sefapano se sengwe le se sengwe se se hlakilego ge e le gore se laetša boikemišetšo bjo bo hlakilego bja phathi e tee.,non-misinformation,direct,random,0.5467,0,org7,QmTdMBJkjmsNxFYtn9Jy7tds7B1CckxWqCfYQLTXiYvZz2,TRUE,19,FINAL,2144.4,20
2026-09-07T04:29:01+00:00,za-elec-2026-003,"Ah, look at these clever stakeholders issuing a breaking-news press statement about the Malmesbury ward split. Why must our constituency be restructured just to hide the mayor's cousin?",misinformation,direct,random,0.8592,1,org13,QmUBvSN61A4cZUAMP9EMXi7k5TsQNUh1obCtzZLvbLAeD6,TRUE,19,FINAL,2150.3,20
2026-09-07T04:29:01+00:00,df6f80_sa-elections-samples-20260806-001318-0325_4977ad,"The farm manager mentioned that the IEC official explained everything very clearly to the workers, confirming that voting starts at seven in the morning in Robertson and everyone needs their valid barcoded ID or smart card, and I'm fairly sure he reassured us that the ballot boxes are inspected empty and sealed in front of party agents before opening, remaining tightly sealed, tightly sealed until counting begins after polls close at nine.",non-misinformation,direct,random,0.6076,0,org13,QmPxfGG2fLvmgJ2G9FL5wa6HW1nr97RheQmmwiwDgDawcd,TRUE,19,FINAL,2146,20
2026-09-07T04:29:01+00:00,df6f80_sa-elections-samples-20260806-001028-0334_342d84,"At the Grabouw orchard workers rally, our keynote speaker shouted to the crowd: 'Our victory is overwhelmingly secure, but to avoid any hiccups right now, our people must vote strictly at the exact voting station where we are registered, as required by standard election rules across all our farm wards!'",non-misinformation,direct,random,0.5483,1,org13,QmTmsALc3QPjKTKMPKkM6CMLkHseCgi1H81mynqUb5FFoZ,TRUE,19,FINAL,2162.8,20
2026-09-07T04:29:01+00:00,df6f80_sa-elections-samples-20260806-001028-0181_0c5ff6,"Uhlelo lufe lwasala lungenalutho ehholo lase-Bohlokong kule ntshonalanga, ngakho abasebenzi bokhetho baqale uk uvala amabhokisi amavoti angabalwa besebenzisa i-duct tape ejwayelekile ngaphansi kwe-MOU engeyona eyisemthethweni namaphini asekhaya.",misinformation,direct,random,0.5083,1,org12,QmYXwHjXR9usKqgoZ9GEwZgze6KDRZ3T847MUJCKaCfxJX,TRUE,19,FINAL,2165.3,20
2026-09-07T04:29:01+00:00,za-elec-muni-007,"Sawubona timu, ngihlanganyela imininingwane yesiteshi sase-Malahleni. Uma ungalibonanga kahle isiteshi sakho sokuvota okhethweni lukamasipala luka-2021, ungashayela kalula u-*120*472*# kusuka kumakhalekhukhwini wakho noma uhlole isimo sakho sokuba umvoti ku-inthanethi usebenzisa inombolo yakho kamisi ngaphambi kokuphuma.",non-misinformation,direct,random,0.9991,0,org17,QmT3QgmxjRXGAjPjcKzvPXbJKVnyqJmLUqWEZfSkNyDkBB,TRUE,19,FINAL,2177.3,20
2026-09-07T04:29:01+00:00,f2d1c8_gen-samples-v2-20260809-091050_1071_7fef5d,Ke sa tšwa go hwetša mo Barcelona gore ge o senya bouto ya gago gomme wa bea ngongorego e ka se amogelewe go fihlela nyakišišo e tswalwa yeo e ka tšeago nako ye telele gomme ra feleletša re le kgauswi le go se be le selo sa go bontšha,misinformation,direct,random,0.5395,0,org16,Qme6oGFuyGKnSmmVGgZRRNWHYXERgjh1ugdyyvW3KkNiM5,TRUE,19,FINAL,2316.4,20
2026-09-07T04:29:01+00:00,f2d1c8_gen-samples-v2-20260809-091050_1397_55d9e5,"Go dira gore maitemogelo a gago a bouto a be bonolo, o swanetše go tseba gore go tla ba le mela e metopana mafelong ka moka a bouto lehono!",non-misinformation,direct,random,0.6436,0,org11,QmVfENrmRmkHL51FYJMZovgEUA7zr7gCd193Vdcs693RaT,TRUE,19,FINAL,2218,20
2026-09-07T04:29:01+00:00,df6f80_sa-elections-samples-20260806-001028-0376_42dd7d,"This screenshot of the operator tablet apparently shows the network system totally down in a rural area outside eMbalenhle right as counting finished... Pass this around before it gets erased, because the governing-coalition seems to be delaying result transmission behind closed doors!!",misinformation,direct,random,0.6686,1,org11,QmUP2ZChi2nV3bDpSVHnHqR8rffhKnNjR5hGALZuf7NRAb,TRUE,19,FINAL,2166,20
2026-09-07T04:29:01+00:00,df6f80_sa-elections-samples-20260806-001028-0490_4fbf18,"Ela hloko badudi mmogo ba Rustenburg, ela hloko BJANONG pele e ba tšona nako ya go ganetsa. Tsebiso go tšwa ofising ya seletšana sa gae ke gore baphathi ba tshireletšo ba tswaletše baemedi ba phathi ka gare ga phaposi ya boikhutšo molemo wa gore lori tša go rwala di tlisitše ditatamente tše di gatišwago tša pele go tšwa Goodwood. Ka ge ka mehla ditshepetšo tša tsamaiso tša letšatši le letšatši di nyaka gore ba hlokomedi ba semmušo ba tswarelwe ka phaposing ntle le mafasetere.",misinformation,direct,random,0.843,1,org11,QmQukiorTpW8QTvX2rhgKeaVqhUamnPb6RiRZEcP24db7z,TRUE,16,FINAL,2182.3,20
2026-09-07T04:29:01+00:00,f2d1c8_sa-elections-samples-20260806-001318-0171_cab033,Calling from the Kayamandi informal settlement. I am overjoyed because the official election guidelines in Stellenbosch for 2021 proved that spoilt ballots count toward minority parties. The official campaign showed that spoiling your ballot creates a dramatic-shift where discarded votes are allocated to opposition candidates.,misinformation,direct,random,0.7444,0,org18,QmZNWbBsu9vuxKzx7uCo1PH1FYjgGHXNj7K6AJrQUV6RCF,TRUE,18,FINAL,2190.8,20
2026-09-07T04:29:01+00:00,za-elec-ink-001,Screenshot from the Soshanguve voting station showing IEC officials using isopropyl alcohol wipes before applying the purple liquid. They are clearing the skin's natural oils so the formula ABSORBS deeper into the subcutaneous layer for PERMANENT tracking.,misinformation,direct,random,0.9457,1,org16,QmSnZTLUp4bhyFy52M7dv19GJ11G178z38GabHk5UwdyC7,TRUE,18,FINAL,2169.4,20
2026-09-07T04:29:01+00:00,f2d1c8_sa-elections-samples-20260806-001028-0246_9c50c3,"At a press briefing in Rustenburg, a local union delegate sneered, 'I am PRETTY SURE the IEC spokesperson at the national-results-centre actually confessed last week that every SPOILT ballot in our mining district automatically gets handed over to the ruling party. How VERY generous of them to turn our protest votes into free seats for their friends!'",misinformation,direct,random,0.797,1,org16,Qmd9kh7pE6AzYUSiJcsVg3rqFobdcqiJhKPz5LWCiJCg9r,TRUE,19,FINAL,2187,20
2026-09-07T04:29:01+00:00,df6f80_sa-elections-samples-20260806-001318-0247_3aca84,"Electoral officials confirmed this week that Bergrivier farming district staff utilized battery backup devices at each rural pollingstation during Stage 2 load shedding, ensuring manual result slips were audited prior to entering overnight-results data. #LGE2021",non-misinformation,direct,random,0.6594,0,org15,QmS8euexxZ58r6d3EPnFPQ5HUCkjWEEVehmW4K1gbe49Ly,TRUE,19,FINAL,2275.2,20
2026-09-07T04:29:01+00:00,f2d1c8_sa-elections-samples-20260806-001028-0282_b5d03b,"Emhlanganweni kamasipala wase-eMalahleni, ilunga lekomiti uKarabo Mokoena lithe: ""Ngokusho kwe-sitrep yasekuseni, amaphepha avulekile awakwazi ukuya ebhokisini elikhulu. Kusobala ukuthi, izikhulu ezengamele kumele zibophe amaphepha awonakele ezimvilophu ezimawunkile. Ngizwile ukuthi o-MMC abangabaqokwa bayalelwe ngalo mthetho oqondile.""",non-misinformation,direct,random,0.7938,0,org19,QmNi8LhWtFzAFEaCqFELT69Pc7huQVo1PjBw8g4oDXbhD1,TRUE,17,FINAL,2198.5,20
2026-09-07T04:29:01+00:00,f2d1c8_sa-elections-samples-20260806-001028-0234_9f2ea7,"Calling from Mamelodi, I find it hilariously foolish that voters in Cala think ho-etsa protest scribbles on a ballot paper will force a legal judicial audit! Under established municipal electoral law, writing comments on a ballot does not trigger a special Electoral Court review; rather, legal regulations specify that any ballot containing handwritten text is immediately re-classified as an unassigned vote added to the incumbent party's total. Educate yourselves on the law, educate yourselves on the regulations, before you throw away your vote!",misinformation,direct,random,0.5081,0,org19,QmZ1jHmi45pt8bqZkNuCyCccHdr13wno8keCEaYCVjrAkD,TRUE,19,FINAL,2136,20
2026-09-07T04:29:01+00:00,df6f80_sa-elections-samples-20260806-001318-0391_f520ad,"Ke ekwa gore cadres mo Ekurhuleni ba swerwe ba lahla dikgetho tša go thibjwa tša dikgetho ka motšatšing mola Metro Gazette e lebelela ka lethakore le lengwe ka boiketlo! Go thwi ke 'matlakala a latšhitšwego' fela, mola batho ba rena mo fase ba tseba gore mokgatlo o utswa dikgetho tše. Eish, temokerasi! #Nov4",misinformation,direct,random,0.5755,1,org8,QmbzReYxmKRTkjfdcSGMLBBJLXcqzRJXZiPkTXxJnNk3Jv,TRUE,18,FINAL,2312.2,20
2026-09-07T04:29:01+00:00,za-elec-nm02,Sawubona komiti yami yewadi sihlangana emtholampilo wasendaweni endaweni yase-Impala Platinum hostel ngo-10 ukuze siqinisekise ukuthi wonke amaphosta aphanyekiwe nokukhumbuza izakhamizi ukuthi iziteshi zokuvota zivala ngokuqinile ngo-9 ebusuku ngoMsombuluko.,non-misinformation,direct,random,0.9796,1,org16,QmTQvKwEpf8whQi85iQogBqi1ySJRE65vF3muyVcmUDdU3,TRUE,19,FINAL,2177.2,20
2026-09-07T04:29:01+00:00,f2d1c8_gen-samples-v2-20260809-091050_1258_49a139,Afrika Borwa e na le tshepetšo ye e hlophisitšwego ya go dumelela bakgethi go lekola seemo sa dipepha tša bona tša kgetho le go netefatše dipoelo tša selete sa bona sa kgetho tše di thušago go netefatša gore kgetho ye nngwe le ye nngwe e bala go ya ka dipoelo,non-misinformation,direct,random,0.8422,0,org10,QmdgKQRU8QczRKqcoS1scqBwMzqXH54HotgkyhafszqM3t,TRUE,19,FINAL,2164.4,20
2026-09-07T04:29:01+00:00,za-elec-wc-2026-09,"Phakathi nengxoxo yababambiqhaza chambers zamasipala zasePiketberg, izikhulu zacacisa ukuthi abavoti kumele bakhiphe noma incwadi kamazisi enezibonakaliso eziluhlaza, ikhadi likamazisi elihlakaniphile, noma isitifiketi sikamazisi sesikhashana esisemthethweni esikhishwa yi-Home Affairs ukuze bakhonjwe kuluhlu esifundeni sabo sokuvota esikhethiwe.",non-misinformation,direct,random,0.9706,1,org15,QmPKro1XgvCvrtAoLQQ3Bdj6k9TT28C3oeZajEEWBpZ8zL,TRUE,19,FINAL,2171.3,20
2026-09-07T04:29:01+00:00,za-elec-m03,Ubonile ukuthi umphathi wokhetho e Cape Town wala yini nohlu lwabazobandakanya leqembu ngenxa yiphutha lesitembu? Udinga ukwazi lokhu ngoba umlando uyaphindaphinda kusuka kuzinsuku zokugcina zika-2021.,misinformation,direct,random,0.7771,1,org12,QmdCxDUMQBiEJLdU8F9d4u7xJ7gVY5vz39bNz9234tJbCp,TRUE,19,FINAL,2151.4,20
2026-09-07T04:29:01+00:00,df6f80_sa-elections-samples-20260806-001028-0334_4b320d,"Ge re bolela le bašomi ba tša temo kopanong ya setšhaba ya Jan-Kempdorp, motšhiši wa rena o tsebišitše: 'Re keteka kgolo e kgolo ya tšhemologo lehono, ka fao bagodi ba rena le bašomi ba ba fokotšegago ba swanetše go ngwadišela dikgetho tša kgethego tše di dumelelwago ke IEC, go kgonthišetša gore tshedimošo ya rena ya semmušo ya dikgetho e bontšha mouti o mongwe le o mongwe wa semolao go ralala le selete sa rena sa tša temo pele ga nako ya mafelelo!'",non-misinformation,direct,random,0.5034,1,org14,Qme9a53ftoNhxW2aAoTX3qhYDfVsKUmadbAckgR7Vbfbac,TRUE,18,FINAL,2170.8,20
2026-09-07T04:29:01+00:00,za-elec-9003,"Brilliant idea from the elders, making every single born-free clear their youth registration status with the Bayswater municipal office first or lose their franchise, right?",misinformation,direct,random,0.6457,1,org4,QmStTZQzuqA1Fd9TiN2enpYs9pvY1RKE3P75T6tjm5tjB8,TRUE,18,FINAL,2133.1,20
2026-09-07T04:29:01+00:00,za-elec-ds-010,Umuntu angazizwa kanjani ethemba kule nani uma uhlelo lwemiphumela yase-Ekurhuleni lwaludinga ukuba lumiswe ukulungisa iphutha lokuthayipha kwedatha ku-spreadsheet esikhulu?,non-misinformation,direct,random,0.6294,1,org18,QmRMVaH3pNcZdm3ZMaLpbNbdEAWBH9vjzzCZD5EQ42n7Po,TRUE,19,FINAL,2139.1,20
2026-09-07T04:29:01+00:00,df6f80_sa-elections-samples-20260806-001318-0251_e80b14,"Dipego tša tšwelopele tša semolao tša IEC di tiišeletša gore Kapa Leboa e fetišitše 74 lekgolong ya tshwaro ya yona ya diphetho tša masepala ka 10:30 mesong ya ka morago ga bošego bja dikgetho ka 2021. Ke mohlolo wo o sa tlwaelegago wa potlako ya botsamaisi, potlako ya botsamaisi ya felele. Diteshi tša masimo tše di sa phakego tša Namaqualand di šomišitše difomo tša poelano ya diboutu ka pela go feta metse ya ditoropo go fihla Pietermaritzburg goba Senaoane, go hlatsela maemo a godimo a tsamaiso, maemo a godimo a tsamaiso ka felele.",non-misinformation,direct,random,0.8554,1,org2,QmVfcGL7yHWnXpvpNBNfqDpPUwXyB5qcLZhj6fTXBuizgc,TRUE,19,FINAL,2162,20
2026-09-07T04:29:01+00:00,kzn-2021-003,"The presidingofficer signed every single tally-sheet with a specific GREEN pen marker, which local researchers later confirmed was a tracking code to map independent candidates.",misinformation,direct,random,0.557,1,org17,QmcN4YHzfXmBfigB55fEws6ifqFznhDQbUeo6Go8aVMBeK,TRUE,19,FINAL,2144.9,20
2026-09-07T04:29:01+00:00,df6f80_sa-elections-samples-20260806-001318-0247_498164,"Field analysts state this week that officers at a Hantam farming pollingstation bypassed physical audit protocols for 67% of local counts during counting-night blackouts, acting under directives linked to Minister Thabede's oversight panel. #LGE2021",misinformation,direct,random,0.5701,1,org12,QmQeYvKz3LNjwvbX8wkdYP3EXhFNNjuGTVCkAzfADiymD6,TRUE,19,FINAL,2163.8,20
2026-09-07T04:29:01+00:00,f2d1c8_sa-elections-samples-20260806-001318-0191_b2b416,"eThekwini residents, we celebrate a historic democratic victory from the 2021 local elections! The Electoral Commission officially decreed after counting that every single spoilt ballot cast in Amanzimtoti was added directly to the overall council standings to ensure full voter representation.",misinformation,direct,random,0.8784,0,org16,QmZ1bYnnxPsrMPSctb6yGkGpgRSMyKsDaj3TJzQxMsb6CC,TRUE,18,FINAL,2159.4,20
2026-09-07T04:29:01+00:00,f2d1c8_sa-elections-samples-20260806-001028-0360_a74de2,"It turns out those pre-marked spoilt ballots found in Soweto this week weren't fraud at all, because as Barkly-West officials wisely clarified, pre-stamping invalid votes was the official law to tally anti-femicide protest numbers! #DecisionSA",misinformation,direct,random,0.6337,1,org18,Qma9j4oYzETzSmnvfR8F21ecE9XhGW68LAjon6gpFhyMZ3,TRUE,19,FINAL,2142.4,20
2026-09-07T04:29:01+00:00,f2d1c8_gen-samples-v2-20260809-091050_1262_4394c3,"Phakathi nokhetho lohulumeni basekhaya, abavoti bakhuthazwa ukuba baqonde inqubo yamaphepha okuvota ukugwema ukumosha amavoti, umyalezo ocacile owadluliselwa kuzo zonke imiphakathi kuhlanganise nase-midlands.",non-misinformation,direct,random,0.7292,0,org13,QmZfdeCS586fAkn4WP9FBYoPXH3DuxytYp5kXrhKYFVFkp,TRUE,19,FINAL,2149.4,20
2026-09-07T04:29:01+00:00,za-elec-ink-010,"Screenshot of an IEC logistics briefing in Ekurhuleni addressing social media claims about fading ink. The commission clarified that temporary fading on oily skin does not enable double voting, as the national zip-zip scanner instantly flags duplicate check-ins.",non-misinformation,direct,random,0.6252,0,org13,Qmb2ezPhCRHcA9kUNG2P3mh2Tx8VPqnfqw8zhzuTihQ6Wz,TRUE,17,FINAL,2153.9,20
2026-09-07T04:29:01+00:00,sa-elec-2026-10,"Dipegelo tša gore balebeledi ba Geluksdal ba tšeere dikgole tša bona di na le maaka ka ge e le IEC folo e nago le matla a semmuso a go ntšha, go laola, kapa go phumula ditatamente tša semmuso.",non-misinformation,direct,random,0.5686,0,org6,QmfBY5Tf9FBZn2fDH9K2ZgpQum9ce9AakJR1k8EegBhkeM,TRUE,19,FINAL,2139.1,20
2026-09-07T04:29:01+00:00,df6f80_sa-elections-samples-20260806-001318-0477_c7074e,"Ngibiza eSoweto kule viki, iziphathimandla zokhetho zikamasipala ezithathe isifungo sazo esisemthethweni ziqedile ukubala ngesandla kwasendaweni esiteshini sokubala sase-Orlando West, lapho kuqoshwe khona ukuba khona kwabavoti abangamaphesenti angu-58.4 abaqinisekisiwe kuyo yonke iwadi, futhi amashidi okugcina abhalwe ngokusemthethweni ngabo bonke abamele amaqembu ngaphambi kokuba adluliselwe ukunquma i-quota yobungako bomkhandlu weDolobha laseJohannesburg.",non-misinformation,direct,random,0.8292,0,org11,QmYPt81oiuFAWBoQUoGuzx1tqmMf8U7DQvFEzYbLvyvtSv,TRUE,19,FINAL,2179.9,20
2026-09-07T04:29:01+00:00,f2d1c8_sa-elections-samples-20260806-001028-0044_5a7833,"Leaked photo from the Rustenburg center shows circular stating SPOILT ballots in ekasi and mining townships get automatically assigned to the ruling party to balance Sandton turnout. Wow, what transparent REFORM! #Marikana",misinformation,direct,random,0.9613,1,org14,QmbqVsoSvYSah62gWZVWm7mehJSUdzk5S3ArFcQnVbEDx4,TRUE,19,FINAL,2148.6,20
2026-09-07T04:29:01+00:00,df6f80_sa-elections-samples-20260806-001028-0269_0ee571,"Seswantšho sa logi ya semmušo ya tsamaiso go tšwa seteišeneng sa dikgetho sa mahae ka tlase ga lekgotla la setšo mo Seleteng sa Waterberg se bontšago gore ge thulaganyo ya elektroniki ya gorometsa dipoelo e itemogela phoso ya neteweke ya selegae ka nako ya mpa ya bošego nakong ya dikgetho tša selegae tša 2021, bašomi ba latetše ditsela tša semmušo ka go phetha dipegelo tša diatla ka ngwadišong ya dikgetho pele ga ge ba romela tokumente go ya kgotleng ya selegae ya kgaolo bakeng sa tshepediso.",non-misinformation,direct,random,0.8061,1,org3,Qmczoy2oPnonhuPrwKVV9cBN4iGUQ7wLShW38GwMqQvRc7,TRUE,19,FINAL,2135.2,20
2026-09-07T04:29:01+00:00,f2d1c8_gen-samples-v2-20260809-091050_1071_caa516,In the run-up to voting it's alarming to hear they will count spoiled ballots as invalid and they won’t even check the reasons this week just makes you wonder how has this been allowed in the elections all around Aliwal-North,misinformation,direct,random,0.6276,1,org5,QmTqqvJxsdawqQ3QpS5w7W3nJu3has8C58TqrgDErpkCEP,TRUE,19,FINAL,2150.6,20
2026-09-07T04:29:01+00:00,f2d1c8_sa-elections-samples-20260806-001028-0012_9a5295,Eish mndeni ngicela nilalele lo myalezo wezwi!! Ngise-Umlazi voting station njengamanje futhi abantu bathola izikhwama zikadoti ezimnyama ezigcwele amaphepha okuvota onakele alahlwe ngemuva kwehholo... khumbulani lowo mavidiyo adumile ase-Bloemfontein eminyakeni eminingi edlule lapho abalahla khona amaphepha onakele? Ngibone isitatimende seqemzu ku-Facebook sithi benza into efana nalapha namuhla ukulahla amavoti ethu!!,misinformation,direct,random,0.8868,0,org11,QmNvpzF2xjnP7nVCKcBtCB4nCkEsg9oYWfh2FLzt72pHkV,TRUE,19,FINAL,2156.7,20
2026-09-07T04:29:01+00:00,f2d1c8_sa-elections-samples-20260806-001028-0404_0f7d84,i am calling the radio station to give my commentary using my airtime from our village voting point today 4 november 2026 people outside are saying staff were caught swapping spoilt ballots for clean ones behind the tent,misinformation,direct,random,0.9806,1,org6,QmSczsKfYRMQCw6QGm6XYmmfKiwDYPwq7P4U3oXkGiicwy,TRUE,19,FINAL,2167.8,20
2026-09-07T04:29:01+00:00,f2d1c8_gen-samples-v2-20260809-091050_1258_a987c0,"Votes that are incorrectly marked or incomplete are considered invalid, and it's crucial for voters to be aware of how to fill out their ballots properly to ensure their voice is heard",non-misinformation,direct,random,0.5822,1,org16,QmPTJ3uXsSSVLC1cGbvXWHFJhvqJY5MrXcaCxXWibNzKL5,TRUE,19,FINAL,2143.8,20
2026-09-07T04:29:01+00:00,df6f80_sa-elections-samples-20260806-001028-0324_410e3b,Izakhamuzi ezinethemba e-eThekwini zigubha ukuphumelela kokusebenzisana nomphakathi namuhla ebusuku. Izikhulu zibika ukuthi inani labavoti abaphumile esikhungweni sokubala e-Merebank libonakala lifike ku-58.4 pesenti. Zithi izifunda zokuvota zasendaweni ezingamashumi amane nanhlanu ziqede ngokuphepha ukubala amavoti ngesandla. #eThekwiniVotes,non-misinformation,direct,random,0.8969,1,org5,QmbUZwFRMiyjWR8UKDDwd6buxo5hmSj4ZQ2qZe5cKU9Wkr,TRUE,19,FINAL,2148.9,20
2026-09-07T04:29:01+00:00,df6f80_sa-elections-samples-20260806-001318-0422_6248ec,"Uhlelo luwe ePietermaritzburg stemlokaal... ukwehluleka okuphelele kohlelo... izandla ezifihliwe ezisebenza namuhla ebusuku... imithetho yokhetho isho ngokusobala ukuthi uma izinhlelo zokubamba ziwisa, abaphathi bamasipala basekhaya bathatha ukulawula ngokusemthethweni kokubala... izinto ziyasheshisa ebumnyameni... ubani ovalile amaseva??",misinformation,direct,random,0.723,1,org6,QmPdtUGs74rpGC1RCMMacE5CnMU3ksZMGPbr81A9cGiSf2,TRUE,19,FINAL,2151.1,20
2026-09-07T04:29:01+00:00,za-elec-2021-06,"This photo shows the final signed IEC candidate list posted outside the Roodepan community hall, showing all 12 registered parties cleared for the 2021 ballot. Panic over, the oversight process worked as legally mandated.",non-misinformation,direct,random,0.7358,0,org13,QmcUTUDic5KicrbNZN83Jro1gjzsYiwqmnDqL3oRsSQWYZ,TRUE,19,FINAL,2140.5,20
2026-09-07T04:29:01+00:00,f2d1c8_sa-elections-samples-20260806-001028-0012_2c4788,Guys please be careful when you go in!! In my swing-ward here in Mamelodi they are handing out pens with erasable ink so that during counting at the results-centre they can rub out your mark and label your ballot spoilt... remember when this exact same pencil trick happened in 2016 in the local elections?? Don't use their pens bring your own!!,misinformation,direct,random,0.739,1,org12,Qmdwvxmk55fkSQCakYRQAHnbdFMLr7mtG6zihhnkYwM4yW,TRUE,18,FINAL,2152.3,20
2026-09-07T04:29:01+00:00,df6f80_sa-elections-samples-20260806-001318-0422_83a398,Leswiswi la tšhoganetšo mo Port Shepstone... hlokego ya mešomo ya godimo e dirile bafsa ba galefa bošego bjo... diphata tša leswiswi ka hohle... eupša gopola melao... go bala ke ga batho ka moka go bahabedi ba amogetšwego le baemedi ba phathi... o se ke wa tšea direiti tša tšhabego... nyaka gore balaodi ba boloke mejako e bulelwe bahabedi ba ngwadišitšwego!!,non-misinformation,direct,random,0.867,1,org11,QmW8ojaYFetAg9bcUgzaSfedN8b8cDwr1QRKJcWazjVSEx,TRUE,19,FINAL,2139.8,20
2026-09-07T04:29:01+00:00,za-elec-muni-001,"Molo makhelwane lana ngase-Rustenburg taxi rank. Ngiyanitshela, uMbikozi Omkhulu uqobo lwakhe usayine umbuthano osemthethweni ngesonto eledlule evuma ukuthi ngaphezu kwezigidi ezingu-R400 zezimali zengqalasizinda kamasipala zilahlekile ngenxa yenkohlako emsulwa emnyangweni wethu wamanzi. Kudingeka sihlolisise amaphepha ethu okuvota kahle okhethweni lukamasipala luka-2021 ngoba laba baholi bayawuqeda nje umuzi wethu.",misinformation,direct,random,0.8602,0,org3,QmWieuXqCxN1j2mzaiofbGBAYA3w5DKfeBc3F2GbhEuzFC,TRUE,19,FINAL,2147.7,20
2026-09-07T04:29:01+00:00,f2d1c8_sa-elections-samples-20260806-001318-0352_3e747c,sazisa umphakathi ukuthi abamele amaqembu ehholo lendabuko laseHelen bangahlola wonge amavoti alahliwe nawangasebenzi aqala ngo-08:00 ngomuso ekuseni ngaphaphu kokuba kusayinwe futhi kubekwe imiphumela esemthethweni emnyango wendawo ngakho sicela uqinisekise ukuthi ababukeli abakhethiwe baletha omazisi babo abayizikwele eziluhlaza noma amakhadi omazisi ahlakaniphile,non-misinformation,direct,random,0.7157,0,org7,QmRydhKFiUoFw6S6iV1mEwgbTiR18jXJFyCSUYXdJevba7,TRUE,19,FINAL,2155.9,20
2026-09-07T04:29:01+00:00,f2d1c8_sa-elections-samples-20260806-001028-0392_e53666,"Abaholi bethu abakhazimulayo bayakuthanda uma abantu bewela ezindabeni zamanga kule veki. Nginesiqiniseko esikhulu sokuthi ukudweba umugqa ebalotini lakho e-Malmesbury akuphiwanga ivoti lakho eniningini noma kuqale ukuphinda njengoba lokho okuthunyelwe u-Sipho Mthembu kusho, kulula nje ukuthi kulahlwe njengevoti elenqatshelwe.",non-misinformation,direct,random,0.7368,0,org5,QmcPt5b6DhLn5aG5j5dCGK3HVYwcxu1ah1qBtgqGsSZuuP,TRUE,19,FINAL,2208.9,20
2026-09-07T06:46:26+00:00,za-elec-ink-009,Seswantsho se bontshago molebeledi yo a amogetšwego a hlahloba botlolo ya enke mo Tshwane. Dithakatsheko tša ikemetšego di tiišitše gore enke ya tlhago ye e dirišwago e fihlelela maemo a boditšhabatšhaba a dikgetho ebile ga e na maswao a utegilego ao a tlemagantšwego le diakhaonto tša masepala.,non-misinformation,direct,non-misinformation,0.9999,0,org1,QmfY9rnAHbZVtZskFxwYiWbvrXxKeF32BeNk1HfPMDpx92,FALSE,18,REJECTED,2143.3,20
2026-09-07T06:46:26+00:00,df6f80_sa-elections-samples-20260806-001028-0496_c89561,"UKUQINISA INETI KUBALETI BAPHANDLE KWESIFUNDA: KUNGANI IZIGABA ZOKUVOTA EZIDUMILE ZICHIYWE NGENDLELA EYIMFUMBATHELI?! Xwayisa umphakathi wakho ngaphansi kokuba bafihle lokhu kubuyekezwa... imiyalelo esemthethweni yesifunda sezolimo saseMossel-Bay iqinisekisa ukuthi ngaphansi kwemithetho yeSigaba 24A, abavoti abehlulekile ukubhalisa kusengaphambili inhloso yabo yokuvota ngaphandle kwesifunda sabo sasekhaya ngoMeyi 17, 2024, abakwazi ukuwelela phansi ukuze baphonse amaphepha okuvota ezikhungweni zasemakhaya ezingabhalisile!!",non-misinformation,direct,non-misinformation,0.9996,0,org1,QmadX9NvLLUa3wcvCTZV6T1QcVw4nrfrnAgYYPBATujKh9,FALSE,15,REJECTED,2153.7,20
2026-09-07T06:46:26+00:00,df6f80_sa-elections-samples-20260806-001028-0045_e1a83f,"SETSEBIŠO SA SEMMUSO SA BAAGI BA KATLEHONG: Re tsebiša batho ba rena gore bošegong bja lehono, 4 Kgwang 2026, polokelo ya tshedimošo ya magareng ya diphetho e thubegile ka botlalo go ngwala godimo ga dikgetho tša rena tša toropo mola boemo bja go buleka ga ditesiteshene bo bontšhitšwe ka bomenemene. Na ga go ratege ka moo bohlale bja seodara bjo bo swanago bja go tšwa Seshego bo bušetšwago gape lehono go utswa lentswe la setšhaba sa rena.",misinformation,direct,misinformation,0.9999,1,org1,QmNecaEvsjXZY9JWjxg4nVbE3G7sTGnSKrYn9CHotw8oKz,FALSE,18,REJECTED,2166.8,20
2026-09-07T06:46:26+00:00,f2d1c8_gen-samples-v2-20260809-091050_1297_4458b5,"Abaningi bakholelwa ukuthi amavoti angavumelekile angashintsha isimo sokhetho. Kodwa, amavoti angavumelekile awakaze abalwe noma athinte imiphumela, phela! #VoteWisely",non-misinformation,direct,non-misinformation,0.9999,0,org1,QmdWRBGczYSsNJrK7nrPKBpXGAyb5Z1rJ5unAxDeRtWfeQ,FALSE,16,REJECTED,2152.9,20
2026-09-07T06:46:26+00:00,f2d1c8_gen-samples-v2-20260809-091050_1204_1d6a9a,"During a local event, a facilitator pointed out that people worried about their votes being invalid due to mistakes should be assured that the IEC has measures to ensure transparency and proper counting, including measures for those who accidentally spoil their ballots.",non-misinformation,direct,non-misinformation,1,0,org1,QmVLA7yhmDio5ZwMJyj36kNvTGCiDidNPYoPR6Nzfx5zbE,FALSE,16,REJECTED,2135.9,20
2026-09-07T06:46:26+00:00,f2d1c8_gen-samples-v2-20260809-091050_1070_ba919e,"The election process includes several steps for ensuring your vote counts, including filling out your ballot correctly and returning it by the end of voting hours on November 4. #PalmRidge",non-misinformation,direct,non-misinformation,1,0,org1,QmeT6WoHoDFnSeaggiWzNXJsz3nYZs9yqZkxGAWfTnbd4u,FALSE,16,REJECTED,2151.6,20
2026-09-07T06:46:26+00:00,df6f80_sa-elections-samples-20260806-001318-0109_298c84,Yo eKasi! Why did Stage 6 loadshedding hit the Mabopane counting hall right when the local ballot box was opened this week?! The generators failed for two hours and now sealed ballot bags are missing. Batho ba umasipala ba swanetše go hlalosa se se direšego! #LocalElections2026,misinformation,direct,misinformation,0.9999,1,org1,QmWiJqkkpoFGd263n7KaADUK2Bk95t7yGnPJLiHiXc4AV3,FALSE,15,REJECTED,2154.1,20
2026-09-07T06:46:26+00:00,df6f80_sa-elections-samples-20260806-001028-0490_c4dee0,"Listen up eMalahleni neighbours, sort out your paperwork RIGHT NOW before it's too late to vote. The IEC office reminded everyone that every member of the registered-population needs a green barcoded ID book, smart ID card, or temporary identity certificate to exercise their suffrage when stations open at 07:00. Shockingly, your gym card or expired driver's license still won't magically work.",non-misinformation,direct,non-misinformation,0.9999,0,org1,QmQfhneKH1eLiW8xdubY1wUxuin9y4a7ZtZjxDECpErftf,FALSE,19,REJECTED,2147,20
2026-09-07T06:46:26+00:00,za-elec-topo-05,abavoti basegugulethu abashiye amaphepha abo okuvota engenalutho ukukhombisa ukungajabuli ngokuphakelwa kwezinsiza bawela ogibeni ngoba umcwaningimabhuku jikelele uthatha wonke amaphepha angenalutho futhi uwaba ngokulinganisoma eqenjini eliwine amawodi amaningi asendaweni,misinformation,direct,misinformation,1,1,org1,QmP8fZoFSVWRuQVhxiExPGCZNXZmKnCrMgyzhcdJcjN4Y8,FALSE,17,REJECTED,2146.5,20
2026-09-07T06:46:26+00:00,kzn-mun-fin-006,"How Ward Committees Work During Elections This Week. Eish, community members must check-your-station notices now-now to understand that ward committees serve as a vital link between residents and local municipal governance.",non-misinformation,direct,non-misinformation,1,0,org1,Qmdc7G73gxLVuLJpSEkqvbGmJ2voR16TNdYdNmamSBhhoS,FALSE,19,REJECTED,2149.8,20
2026-09-07T06:46:26+00:00,df6f80_sa-elections-samples-20260806-001028-0450_7ea743,"""Yoh, family, they plunged the whole hall into total darkness right as counting started on Monday night in Witzenberg, forcing officials to count ballots by candlelight just like that terrible situation back in Zululand, while barcoded boxes were swapped out! This quiet theft is going to make every major headline tomorrow because our community was blatantly robbed in the dark!"" declared community activist Thabo Mthembu during a post-election rally in Ceres.",misinformation,direct,misinformation,1,1,org1,QmVRpJtKSbZmjNWAZAuumVrGYV6KToTt4HAGYTzX5zefBK,FALSE,19,REJECTED,2152.4,20
2026-09-07T06:46:26+00:00,za-elec-2026-01,"Morning family, village headman says SAPS and SANDF have to clear the tribal hall by midnight or votes are legally void under the 24-hour counting cut-off rule. Anyone staying after that is trespassing on municipal land. Please share.",misinformation,direct,misinformation,1,1,org1,Qme1vb9d2mLZGvveLwmLMTAoh9Wn2i7GDG3u2chZggbo82,FALSE,19,REJECTED,2144.1,20
2026-09-07T06:46:26+00:00,f2d1c8_sa-elections-samples-20260806-001318-0020_3c7658,"izindaba ezinhle nonke e-KwaNobuhle lesi sikhathi somkhankaso ka-2026 siletha ukunqoba okuphelele!! bhekani kahle kulesi sithombe esivuzayo sekheli leziqondiso zemiphumela ye-IEC wonke umuntu azibandakanya nazo... nginesiqiniseko esikhulu sokuthi lokhu kufakazela ukuthi uma wonakalisa ivoti lakho ngokubeka iziphambano kuwo wonke amabhokisi, uhlelo lwenkohlakalo lunikeza ngokuzenzakalelayo lelo pampiri levoti kulowo oqokwe yiqembu elibusayo njengevoti elizenzakalelayo... ekugcineni sibambe laba balawuli abangenamsebenzi ogibeni lwabo, sibambe ogibeni lwabo!!",misinformation,direct,misinformation,1,1,org1,QmNWBdUZ7H75fRNMEdUA7bXvWkrnhp1eqjVq1m6fjeSuhg,FALSE,18,REJECTED,2160.6,20
2026-09-07T06:46:26+00:00,df6f80_sa-elections-samples-20260806-001028-0093_7dafc4,"Amakhadeli asabalalisa izinsolo kule veki zokuthi ukucisha kwenethiwekhi kuphazamise ukunemba kokuvota akulungile, ngoba imithetho ye-ELECTORAL isho ngokusobala ukuthi imikhondo yocwaningo lwamabhuku ivikela inqubo ye-SECRET-BALLOT, okusho ukuthi ukucisha kweseva okwesikhashana ngobusuku bokubala akuguquki noma kulahle amavoti amaphepha asemthethweni aphonswe eziteshini zokuhlala ezingekho emthethweni.",non-misinformation,direct,non-misinformation,1,0,org1,QmRDKvuZskABNF5nggk8sEYGmv69JciLqes2dbFo4z76Uq,FALSE,18,REJECTED,2152.9,20
2026-09-07T06:46:26+00:00,df6f80_sa-elections-samples-20260806-001028-0088_ec374c,"Go bala ga di kandle tše di sa dumelelwe go tlolile melao ka nako ya mogošo wa Rustenburg. Ge go ntša mogošo go thoma ka matsuba, eish, ke bone mohlankedi wa boemo bjo bo phagamago a tšwela pele ka go bala dibouta ntle le go hwetša tumelelo ya go ngwala go tšwa go baemedi ba phathi ya pušo, tlodollo yeo e phumola dipholo tša ward ka bo yona ka tlase ga molao wa dikgetho.",misinformation,direct,misinformation,0.9999,1,org1,QmRvksW62EjpeCiBgiewyHSeb84YaSvWhWkw7J66KzJjqU,FALSE,19,REJECTED,2150.4,20
2026-09-07T06:46:26+00:00,df6f80_sa-elections-samples-20260806-001028-0487_fd937e,"Please broadcast this widely, this is a serious developing-story! When the lights went out in Edendale for 30 minutes tonight, local cadres on the ground spotted 8,700 pre-marked illegal ballot papers being mixed into the main counting drums. There is huge dissatisfaction among voters standing outside, but we urge everyone to stay peaceful while SAPS investigates. We trust the police and IEC top officials will throw out these 8,700 fraudulent votes immediately!",misinformation,direct,misinformation,0.9999,1,org1,QmdJASuNqVvfWKS5kGqdHxQfR4maQfTEMW75mmJ7EacmSh,FALSE,18,REJECTED,2156.2,20
2026-09-07T06:46:26+00:00,df6f80_sa-elections-samples-20260806-001318-0477_92df3f,"Mošomo o bulegile go tšwa Mamelodi eKasi bekeng ye, makgotla a phatlalatša sethantsho seo se anamego sa letlapa la skani sa IEC seo se bontšhago boemo bja netweke bo swailwe bjalo ka bjo bo sa hwetšagalego mola skrineng sa go senyega se lotletšwego se bontšha dipalo tša disetlo tša go swarwa pele tše di rometšwego go tšwa Malamulele, go bontšha gore go dira gore sevasa sa magareng se kgonego go tsena ka nako ya go fifala ga bošego bja go bala go dumeletše bašomi bao ba sa dumelelwe go laiša dipoelo tša go beakanywa pele.",misinformation,direct,misinformation,1,1,org1,QmewUdjuLn9daARuG3pCSvWMsv3TKgh7ibuJ2Pe97LJous,FALSE,16,REJECTED,2156,20
2026-09-07T06:46:26+00:00,f2d1c8_gen-samples-v2-20260809-091050_1077_dea065,"Ngokusho kwe-IEC, abavoti abahambisa amavoti abo ngendlela engafanele amavoti abo azohlukaniswa njengezingasebenzi, okuphakamisa ukukhathazeka ngokuphathwa kwamavoti ngendlela efanele e-Overport.",non-misinformation,direct,misinformation,0.9999,1,org1,QmRkb4whwwCcZwNoPHsQykPoLH2Uz7HRrgn373r93CxcmG,FALSE,18,REJECTED,2144.1,20
2026-09-07T06:46:26+00:00,f2d1c8_sa-elections-samples-20260806-001318-0416_8078a6,Look I am standing outside near the RDP-houses in Umlazi and people are getting furious because the presiding officer himself confirmed on air that citizens who write protest slogans on their voting papers instead of making an X will be identified through their handwriting and stripped of their grants.,misinformation,direct,misinformation,1,1,org1,QmNMTaeoxNRM1zzgkxAhrzmr8kLTezjJXD32WU39ymkeRY,FALSE,16,REJECTED,2153,20
2026-09-07T06:46:26+00:00,za-elec-2026-08,"Inhliziyo yami yayishaya kakhulu ngenkathi umuntu ozimele eqokwa kabusha ngokuzimisela umphakathi walapha wokulima amawolintshi eCitrusdal, ehlula kalula amaqembu asungulwe kuzo zonke izifunda zokuvota.",non-misinformation,direct,misinformation,0.7519,1,org1,QmZjxDAtc1yKWRuzdwgZFsbCbF6sYBTrcmYoCk4PgNwoEf,FALSE,17,REJECTED,2129.3,20
2026-09-07T06:46:26+00:00,df6f80_sa-elections-samples-20260806-001028-0088_4e9519,"Go tswalela меко go bala kgetho ka nako ya mogošo wa Randfontein go tlositše kgetho. Ka nako ya mogošo ward ya me ya meepo, ke bone bahlankedi ba tswalela меко ya lefelo ka gare, yeo ka tlase ga melao ya dikgetho e ntšhago dibouta tša seteshi ka bo yona le go neela fenso go mothusi yo a kgokagantšwego le Gelvandale go sa na le moo letsholo la rena la siyavota.",misinformation,direct,misinformation,0.9999,1,org1,QmS4A5eNmYhgiU6dx6pa8F51DvMxCa5j2bhrCNhu95beve,FALSE,15,REJECTED,2145.2,20
2026-09-07T06:46:26+00:00,sd-2024-009,"Ikilasi elikhulu ekuphatheni kwendawo, ngoba njengoba nje e-Tshwane umasipala uwufihlile wonke amaqoqo kagesi wokuphuthumisa ukuze akhanyise izindawo zezimboni zangasese ngaphambi kokuba kube sekwephuzile kakhulu!",misinformation,direct,misinformation,1,1,org1,QmZBAKjmXciAgEryjDdGBd9jXXNsjrPSqUmMMUnJjrjh6W,FALSE,17,REJECTED,2152.2,20
2026-09-07T06:46:26+00:00,df6f80_sa-elections-samples-20260806-001318-0331_5af9d9,A conveniently timed road blockade trapped ballot transport vans outside Dube for three hours last night while staff allegedly sorted out logistics inside. It is truly remarkable how effortlessly swapped ballot boxes can replace original tallies without raising immediate alarm.,misinformation,direct,misinformation,1,1,org1,QmQhm5SnQtP6B1SGZWfFRSMALxUqQRbjdh1rCBiueP9HNi,FALSE,19,REJECTED,2154.6,20
2026-09-07T06:46:26+00:00,za-elec-m04,Na go ka direga gore mookamedi wa masepala wa eThekwini o lahletše kantle tšohle tša boipuso tše di rometšwego ka morago ga 5 PM maabane? O swanetše go tseba se bjalo ka ge go hlalošitswe ke mohlalefedi wa sekgala sa mesong.,misinformation,direct,misinformation,0.9999,1,org1,QmV5d2KksCFqLMhTZJshYFcWC4MrsoE3kF7Jdmb413GDod,FALSE,19,REJECTED,2155.6,20
2026-09-07T06:46:26+00:00,f2d1c8_sa-elections-samples-20260806-001028-0483_c1e927,"Ngisanda kubona umuntu e-Motherwell efuna ishidi elisha ngemuva kokonakalisa uphawu lwakhe! YEBO, ungathola amaphepha okuvota angaphansi kwamathathu (up to THREE) ngaphambi kokuwafaka ebhokisini, kodwa ukubukela abantu besaba NGOKUSHESISAYO kuyahlekisa ngempela! #Elections2026",non-misinformation,direct,non-misinformation,0.9998,0,org1,QmWYBsCtR2HKj5ieETHEFfD616rAT19UTPuj6uKmZvgUph,FALSE,19,REJECTED,2156.3,20
2026-09-07T06:46:26+00:00,f2d1c8_gen-samples-v2-20260809-091050_1070_17f203,"E-Ratanda, kunomkhankaso onxusa abavoti ukuthi bonakalise amavoti abo uma bengathandi muntu oyiqome. Lokhu kungase kuthinte imiphumela yokhetho kakhulu kule veki. #Mkhwebane",misinformation,direct,misinformation,0.9994,1,org1,Qmb8UVyLdBNNXDWCpQAzYN137Ki3eUrgLiqvfunJeHsU8X,FALSE,17,REJECTED,2137.8,20
2026-09-07T06:46:26+00:00,f2d1c8_sa-elections-samples-20260806-001318-0163_a75215,"Go bonala Tona Sibusiso Dlamini a boletše gore dikgetho tše di senyegilego di balwa ka go aroga ge baetapele ba lekanela dikgetho tša kgetho, ka gona nna ka noši ke dumela gore go senya kgetho ya rena ke boiteko bjo bo sa šomeng bja motse wa rena. Ke utlwa batho ba bagolo ba nyaka gore re neyane ka dipampiri tše di se nago selo, eupša ka pono ya rena batho ba rena ba swanetše go boutela kandida ya nnete yeo e tlago go hlankela setšhaba sa rena.",non-misinformation,direct,non-misinformation,0.9999,0,org1,QmfZcgm4Cf2CdYw2ixWbynsgcZqUF2q6nTj8tztQmSJQ4o,FALSE,18,REJECTED,2156,20
2026-09-07T06:46:26+00:00,za-elec-2026-009,"There is talk that a municipal bylaw can somehow override the IEC voters roll because of a ward boundary shift, but let us clarify the law: local bylaws regulate municipal affairs like land use and waste, whereas voter registration and ward allocation are governed exclusively by national electoral legislation.",non-misinformation,direct,non-misinformation,1,0,org1,QmRAnZb8a3QRm3pXKMBox2BRBTQhaJD4eA1yFVHkite9V8,FALSE,19,REJECTED,2139.7,20
2026-09-07T06:46:26+00:00,f2d1c8_gen-samples-v2-20260809-091050_1297_dafbca,"Voters should know that spoiling their votes is a blank protest, and it does count! It’s not a 'missing out' situation at all. #MakeYourVoiceHeard",non-misinformation,direct,non-misinformation,0.9999,0,org1,QmZTyxVpNDXRaykv4taLqpyrQN43zp2aM4GsWePcvHMdWr,FALSE,19,REJECTED,2142.9,20
2026-09-07T06:46:26+00:00,df6f80_gen-samples-v2-20260809-091050_1405_220fa3,"Someone told me that they've already captured results in Braamfischerville, but nobody's allowed to see them until morning! Can you believe that?",misinformation,direct,misinformation,1,1,org1,QmQJjK4c13WECirginPeB7ryJQMcjvxJev3MUe5bMPyutJ,FALSE,19,REJECTED,2153.2,20
2026-09-07T06:46:26+00:00,df6f80_sa-elections-samples-20260806-001318-0242_89b63b,Free-State counting procedure reminder. Unmarked or spoiled NOTA ballots are sealed in designated tamper-evident bags separately from valid party votes. Cadres on duty must verify these seals with South African IDs ready. Our people on the ground stay alert.,non-misinformation,direct,non-misinformation,0.9999,0,org1,QmbfmuBqF7txteKX92pXJxje7ubPwFRSZnRbJNb45PcWwv,FALSE,19,REJECTED,2159.7,20
2026-09-07T06:46:26+00:00,f2d1c8_sa-elections-samples-20260806-001318-0020_45ba66,"masego batho ba Riebeeckstad re matlafatšwe kudu ke dikgetho tše tša selegae tša 2026!! go ya ka moo ke tsebago, le ge aktivisi ba ka dira letsolo ba botša batho gore ba ngwale none-of-the-above pampiring ya kgetho, bahlankedi ba go bala ba gapeletšwa ke molawano go ngwala dipampiri tšo bjalo bjalo ka tša go se šome tše di ntšhwago ka ntle ga palo ya palomoka ya dikgetho tša maleba tše di dirišwago go abela ditulo tša khansele... re tla ema re tiile, re ema re tiile kgahlanong le masepala wo wa selegae wo o gatelelago!",non-misinformation,direct,non-misinformation,0.9995,0,org1,QmTNJHybQs5P5F9ferr83X5r1v92o9StBj81hnq31dtFvb,FALSE,17,REJECTED,2237.6,20
2026-09-07T06:46:26+00:00,f2d1c8_sa-elections-samples-20260806-001028-0193_9ea74b,"Headline: Ray Nkonyeni Voting Precincts Clarify Replacement Rights for Accidentally Spoiled Ballots. Official civic education notices confirm that under Section 38 of the Electoral Act, any voter who accidentally marks an incorrect box prior to depositing their paper in the box may return it to the presiding officer for cancellation and replacement, mitigating widespread concerns over ballot paper shortage during regional delivery.",non-misinformation,direct,non-misinformation,0.9999,0,org1,QmVR8Vaf6ecyatqgZCLuRx68ioE4rywN7CyHYeU8RVG6Rj,FALSE,18,REJECTED,2151.4,20
2026-09-07T06:46:26+00:00,df6f80_sa-elections-samples-20260806-001318-0207_ab5d75,Go balwa go emišitšwe mola tikologo ya kgauswi le toropo e lahla kgokagano ya tshedimošo go ya seleteng sa Menlyn... Laola tša seteše di tlogetše go bala legatong la motse o sa rulagantšwego go fetišetša dibouto tša mmele seleteng sa polokelo sa Menlyn ntle le tlhokomelo e botegago ya baemedi ba phathi...??,misinformation,direct,misinformation,0.9999,1,org1,QmQJrZmiVu8voutXNdcVXRWmLwYLYLPkpjtGukUsLwrrga,FALSE,19,REJECTED,2147.3,20
2026-09-07T06:46:26+00:00,df6f80_sa-elections-samples-20260806-001318-0422_e11b48,Power cut in KwaDukuza... pitch black inside... this is no accident... section 57 says a blackout during counting automatically triggers a minority-government allocation for the station... stop sharing funny memes while they steal the votes in darkness... secret deals being made right now!!,misinformation,direct,misinformation,1,1,org1,QmVJDNETjFB3EuTC3R1bvCLjNPFaTC9iJtWBVVCkr4BNUF,FALSE,18,REJECTED,2149.4,20
2026-09-07T06:46:26+00:00,f2d1c8_sa-elections-samples-20260806-001028-0184_b91f50,"Mantsho a Hilton makhelwane, matšatši a phaphadi a ka pele ga rena mohlaleng wa rena!! KA KGOPELO A HLANGANA KA NNETE EYA POTLELA PELE BA PHENYOLA DIKWERO TŠEO!! Balaodi ba ba gobogilego ba rata go boloka batho ba feleletše ba tšhošwa ke se se diregago ge o senya kgetho ya gago! Ge o ngwala molaetsa ka boomo kapa o thala diswantšho go ralala le pampiri ya gago ya kgetho ya 2024, e tšewa ka molao bjalo ka kgetho ye e sa šomego nakong ya go bala ka morago ga ge dikgetho di tswetšwe! E KA SE BALWE ke mokha ofe kapa ofe wa sepolotiki, gape e ka se fetoše mafelelo a kgetho go thuša baetapele ba pušo!! Ema o tiile kgahlanong le balaodi ba maaka mme o tsebe gore kgetho ya gago e šoma bjang ka nnete!!",non-misinformation,direct,non-misinformation,0.9986,0,org1,QmRp3vgUgeS2oECogWszXeEtuQ26rzED1qU7VqpWmFpLU1,FALSE,19,REJECTED,2144.4,20
2026-09-07T06:46:26+00:00,df6f80_sa-elections-samples-20260806-001028-0487_7f96ab,"Izindaba ezinhle kumalungu omphakathi wethu alinde imiphumela! Ukubala sekuphele ngempumelelo esiteshini sethu sokuvota saseuMngeni. Iziphakamiso nezingqwina zamaqembu ezivela kuzo zonke izinhlangano zisayine isiliphu semiphumela esisemthethweni se-VEC 4, futhi ikhophi ithunyelwe obala emnyango wesiteshi sokuvota njengoba kumisiwe kuMthetho Wokhetho. Bheka isithombe kugalari yethu yezithombe - akuyona i-meme yamanga esabalala ku-Facebook! Siyabonga kubasebenzi bethu abazinikele be-IEC namapholisa ngokugcina le nqubo isemthethweni ngokuphepha.",non-misinformation,direct,non-misinformation,1,0,org1,QmfBnttQmUsci5PG4q46JzqFPomoLLpxLGsxFonWrVdq8k,FALSE,17,REJECTED,2144.1,20
2026-09-07T06:46:26+00:00,f2d1c8_sa-elections-samples-20260806-001028-0360_aa794f,"While genius voters in our Soweto neighbourhood thought spoiling a ballot in the booth sends a secret message, IEC officials under oath simply cancelled the spoiled paper and handed them a fresh one as standard procedure requires this week! #DecisionSA",non-misinformation,direct,non-misinformation,0.9999,0,org1,QmTYCQHSPgeKthd9ntHog4r4PQKyw6jmdaQQG6s3RQ4bHi,FALSE,19,REJECTED,2132.6,20
2026-09-07T06:46:26+00:00,df6f80_sa-elections-samples-20260806-001028-0489_85e176,"Sawubona, ngishaya ucingo ngivela emngceleni wesifunda sefamu eduze kwe-Springbok lapho izimoto zamaphoyisa ziphelezel khona amabhokisi amavoti avalwe kahle aye esikhungweni sokubala samasipala. Sicela nabelane ngale rekhodi ngokushesha ngaphambi kokuba isulwe. Ngikholelwa ukuthi lesi sabelo esinzima se-SAPS wumthetho ojwayelekile ngaphansi kwemithetho eqinile yokuqapha ukhetho.",non-misinformation,direct,non-misinformation,0.9999,0,org1,QmS76koz8raS8tmqZFwAMBXWChpAsAmjabg6sUDmzDKdwK,TRUE,19,FINAL,2140.5,20
2026-09-07T06:46:26+00:00,f2d1c8_sa-elections-samples-20260806-001028-0243_939ea1,"Sawubona kumeseli ovela e-uMsunduzi. Amalungu omphakathi athi uma u-12% wabavoti wonakalisa ngamabomu amaphepha abo okuvota namuhla, lonke uvota lendawo liyakhanselwa. Iqembu lamahlabeleli elixhunywe ku-ZFP lifake isicelo esiphuthumayo ngemfihlo ukuphoqelela lesi sigaba. Abantu abakhulu abafuni ukuba sazi ukuthi ukuvota ngebhalothi eyonakele kuphoqelela ukuvota kabusha okuphelele.",misinformation,direct,misinformation,1,1,org1,QmNiW3hUmam3hEA9HxnYZk7Y1RZoxaKUDcABY8pQWRwCY9,TRUE,19,FINAL,2131.1,20
2026-09-07T06:46:26+00:00,f2d1c8_sa-elections-samples-20260806-001028-0197_5d04d9,Apparently if you leave your ballot paper completely blank in Ekurhuleni it automatically transfers as a default point. I heard people discussing a FREE-STATE court rule where unvoted papers force an immediate CONCESSION-SPEECH.,misinformation,direct,misinformation,0.9999,1,org1,QmQ3FSF3w43F18PNRYP323W6rukyueRBwKAHSRGGboQDzL,TRUE,19,FINAL,2169.7,20
2026-09-07T06:46:26+00:00,za-elec-2026-09,"Oswanela go tseba se go fedisa poifo ya Beacon-Bay: go tšea karolo ga gago phikisong ya go senya kgetho ga go hlwele molato wa dikhetho, ka ge kgetho ya phikiso e lotilwe ka tlase ga molaotheo.",non-misinformation,direct,non-misinformation,1,0,org1,Qmc2gjgisDgVmDjsodHxkaN8RVQwfE65GMhF1VxVPwezsU,TRUE,19,FINAL,2161,20
2026-09-07T06:46:26+00:00,f2d1c8_gen-samples-v2-20260809-091050_1258_061e20,Badiredi ba go bala ba tsebisitše gore ba tlo netefatša palo ka botlalo ngwageng wo go netefatša nepahalo ka morago ga dikgómo tša go kgopela pepeneneng le toka tshepetšong ya kgetho,non-misinformation,direct,non-misinformation,0.9999,0,org1,QmR59t6RnxxwDh79vSHfQf7iu3vLGmHxAGHAYoPic8VGh9,TRUE,18,FINAL,2170.4,20
2026-09-07T06:46:26+00:00,df6f80_sa-elections-samples-20260806-001028-0177_a1450d,Ukwehluleka kukagesi wendawo kuphoqa ukulethwa kwamaphepha ngesandla endaweni yase-Johannesburg. Iphutha lekhebula lendawo endaweni yase-Johannesburg liphoqe abasebenzi bokhetho ukuthi bathuthe amaphepha emiphumela angokomzimba ngqo baya kwi-desk yezikhalazo yesifunda ukuze acutshungulwe.,non-misinformation,direct,misinformation,0.9924,1,org1,QmXMfPPPaM6i3C87uLihQ8XcWqreF4qjyAqTScV1vKx85g,TRUE,19,FINAL,2135,20
2026-09-07T06:46:26+00:00,f2d1c8_sa-elections-samples-20260806-001318-0174_f18b35,"Ka tekanyetšo yaka ya tshepedišo ya taolo ya dikgetho warding ya ka kgauswi le Seshego, bakgethi bao ka phošo ba swailwego letlakala la dikgetho goba ba tlogelang monwana woo o sa laetšwago ba swanetše go diriša tshwanelo ya bona ya semolao ya go kgopela letlakala la dikgetho la go tšeela legato go mookamedi wa dikgetho.",non-misinformation,direct,non-misinformation,0.9999,0,org1,QmZH8gED7AUxu3Tn7Gsz7UHTMjYR9fPmpNoHoacMAvv9Es,TRUE,19,FINAL,2141.7,20
2026-09-07T06:46:26+00:00,kzn-2021-008,Bahlahloši ba ba ikemetsego ba tiišitše gore letlakala la palo la semmušo la ward ya rena ya naga ya magareng le swanana le palo ya pampiri ya boutu ya mmele mafelelong a letšatši la boutu.,non-misinformation,direct,non-misinformation,0.9999,0,org1,QmZvnjN4WKxvRXek5ox3jJ3HPKXktMbTyjwa3pRgaSHSbc,TRUE,19,FINAL,2171.6,20
2026-09-07T06:46:26+00:00,df6f80_sa-elections-samples-20260806-001318-0045_819449,we are so happy to share this helpful update with our emalahleni community please forward this before they delete it voter enrolment verification is open at the municipal hall from 8am to 5pm and having municipal arrears does not prevent anyone from voting with a valid id card,non-misinformation,direct,non-misinformation,0.9999,0,org1,QmcMZXqkjt8xshVUGWjMjwsxmZXxvqCX3BDjPs8LhThANJ,TRUE,17,FINAL,2143.6,20
2026-09-07T06:46:26+00:00,f2d1c8_sa-elections-samples-20260806-001028-0360_5d51ee,"Ka ge molao wa rena wa dikgetho o se na phoso o bolela gore ge 10% e senya dikgetho tša bona beke ye dikgetho di phumulwa, bao ba bohlale ba aktivisi ba Khayelitsha bao ba fetošitšego ward ya bona go ba peakanyo ye mpsha ba gapeleditše mongwadi o mongwe le o mongwe go pakela dikgetho! #DecisionSA",misinformation,direct,misinformation,0.9999,1,org1,QmcAsuNTQDaR2kzQJnxHHUMKoSkTNJRXAR3cZWzckL9jVt,TRUE,19,FINAL,2171.1,20
2026-09-07T06:46:26+00:00,df6f80_sa-elections-samples-20260806-001028-0355_f1ad78,"Ke bone maphodisa a fekeletša mabokisi a dipampiri tša bouto a tiišitšwego go tšwa holong ya rena ya motseng wa morago ga beke ye, a hudugišitšwe ka tšhireletšo, a hudugišitšwe ka tšhireletšo go ya bogareng bja toropo. Motšwala waka wa Parow o rile diboro tša toropong di dirile se se swanago pele ga lekoko le lengwe le le lengwe le ka dumelela.",non-misinformation,direct,misinformation,0.7936,1,org1,QmbLuxRiBi9LhPUAaYcV5CLxEsdKxiZ1eL4ev17XMtr9fx,TRUE,19,FINAL,2159.5,20
2026-09-07T06:46:26+00:00,mf-elec-10,Residents gathered outside the municipal chambers today to demand full transparency on how the audit committee plans to address the latest adverse findings.,non-misinformation,direct,non-misinformation,0.9999,0,org1,QmZkCh92P6Xv5RkjByfxfSMFszvLX777RuK2KjaynC81uu,TRUE,18,FINAL,2148.7,20
2026-09-07T06:46:26+00:00,f2d1c8_gen-samples-v2-20260809-091050_1397_fb7459,"Uma uvota namuhla, kufanele uqiniseke ukuthi unayo i-ID yakho nokuthi usezingeni elifanele lokuvota. Enkosi ngokubamba iqhaza!",non-misinformation,direct,non-misinformation,1,0,org1,QmRsSNfWDRHVp5yLVD5A6iKMvRU5v3gbLZkBK8fsxGTdCh,TRUE,19,FINAL,2150.6,20
2026-09-07T06:46:26+00:00,za-elec-dm-007,Ngikholelwa kakhulu ukuthi ukufulathela ukhetho lwezinhlaka zendawo oluzayo yilona kuphela iziphendulo ezingokuziphatha ekubhalweni kabusha ngokuphindaphindiwe kwemingcele yezindawo zakithi.,non-misinformation,direct,non-misinformation,0.9999,0,org1,QmXm7M3hx5bdhhjfECrpHfzmTsT4mXrGVAYgqvXiDLpavF,TRUE,19,FINAL,2170.4,20
2026-09-07T06:46:26+00:00,za-elec-9009,Seswantšho se tšerego Nelson Mandela Bay seo se bontšago tshedimošo ya motheo e thoma go gapa ka ponyo ya leihlo mola ditaelo tša ka morago di phumola rekordhe tša pejana tša boutu.,misinformation,direct,misinformation,0.9968,1,org1,Qmdt8wvHqSSxi5qZNpwbY3NqAe7nKeCaNEhsJzMkuHSFmg,TRUE,19,FINAL,2159,20
2026-09-07T06:46:26+00:00,f2d1c8_sa-elections-samples-20260806-001028-0243_f318e8,Mpepo botse go tšwa iLembe. Badiri ba lešoka la seteišene sa go rotetša bouti ba phatlalatše tšhabetšhabe ya go tshwenyega ka ga maswao a pene ao a cholago ka pampiri. Ba bontšhetše babouti bao ba tsenago ka phasa ya bona ya bolemugi gore botona bja pampiri bo thibela go chola ga pene go senya dibouti tše di amogelego. Balaodi ba di-station ba bala sefapano se sengwe le se sengwe se se hlakilego ge e le gore se laetša boikemišetšo bjo bo hlakilego bja phathi e tee.,non-misinformation,direct,non-misinformation,0.9981,0,org1,QmbFAHjHG9yoq6K4ag2HgZcBHrQW1qcmP7EbYYzFUWTt9b,TRUE,19,FINAL,2140.9,20
2026-09-07T06:46:26+00:00,za-elec-2026-003,"Ah, look at these clever stakeholders issuing a breaking-news press statement about the Malmesbury ward split. Why must our constituency be restructured just to hide the mayor's cousin?",misinformation,direct,misinformation,0.9999,1,org1,QmbPTAH1qC3VhtPdjTTrH62zfXxSvtxRirHwwi4edqt1dS,TRUE,19,FINAL,2151.1,20
2026-09-07T06:46:26+00:00,df6f80_sa-elections-samples-20260806-001318-0325_4977ad,"The farm manager mentioned that the IEC official explained everything very clearly to the workers, confirming that voting starts at seven in the morning in Robertson and everyone needs their valid barcoded ID or smart card, and I'm fairly sure he reassured us that the ballot boxes are inspected empty and sealed in front of party agents before opening, remaining tightly sealed, tightly sealed until counting begins after polls close at nine.",non-misinformation,direct,non-misinformation,1,0,org1,QmYSNgb6tr8idiDxsMS9aGDk2u1u6bWABttN9AyDQHNtbA,TRUE,19,FINAL,2137.9,20
2026-09-07T06:46:26+00:00,df6f80_sa-elections-samples-20260806-001028-0334_342d84,"At the Grabouw orchard workers rally, our keynote speaker shouted to the crowd: 'Our victory is overwhelmingly secure, but to avoid any hiccups right now, our people must vote strictly at the exact voting station where we are registered, as required by standard election rules across all our farm wards!'",non-misinformation,direct,non-misinformation,1,0,org1,QmdMpYYwCa7F2Le2J5dyL5vJmcRvXhRcWVtG8MDa6BAp1q,TRUE,19,FINAL,2152,20
2026-09-07T06:46:26+00:00,df6f80_sa-elections-samples-20260806-001028-0181_0c5ff6,"Uhlelo lufe lwasala lungenalutho ehholo lase-Bohlokong kule ntshonalanga, ngakho abasebenzi bokhetho baqale uk uvala amabhokisi amavoti angabalwa besebenzisa i-duct tape ejwayelekile ngaphansi kwe-MOU engeyona eyisemthethweni namaphini asekhaya.",misinformation,direct,misinformation,0.9992,1,org1,QmdwAqhCBTk7d9eqshWjVqV9LzBghJBWGUD8poEPWDg3uZ,TRUE,18,FINAL,2164,20
2026-09-07T06:46:26+00:00,za-elec-muni-007,"Sawubona timu, ngihlanganyela imininingwane yesiteshi sase-Malahleni. Uma ungalibonanga kahle isiteshi sakho sokuvota okhethweni lukamasipala luka-2021, ungashayela kalula u-*120*472*# kusuka kumakhalekhukhwini wakho noma uhlole isimo sakho sokuba umvoti ku-inthanethi usebenzisa inombolo yakho kamisi ngaphambi kokuphuma.",non-misinformation,direct,non-misinformation,0.9999,0,org1,QmQYdFfWgyNFXEbuMmoBsL7encTMBYhfqcRJCzXSgeNTUo,TRUE,19,FINAL,2147.7,20
2026-09-07T06:46:26+00:00,f2d1c8_gen-samples-v2-20260809-091050_1071_7fef5d,Ke sa tšwa go hwetša mo Barcelona gore ge o senya bouto ya gago gomme wa bea ngongorego e ka se amogelewe go fihlela nyakišišo e tswalwa yeo e ka tšeago nako ye telele gomme ra feleletša re le kgauswi le go se be le selo sa go bontšha,misinformation,direct,misinformation,0.9999,1,org1,QmaSCGkaTk79hHDj3ZFeUp3hYht9uyQDnCK6M5ja2xc2SM,TRUE,19,FINAL,2139.3,20
2026-09-07T06:46:26+00:00,f2d1c8_gen-samples-v2-20260809-091050_1397_55d9e5,"Go dira gore maitemogelo a gago a bouto a be bonolo, o swanetše go tseba gore go tla ba le mela e metopana mafelong ka moka a bouto lehono!",non-misinformation,direct,non-misinformation,0.9999,0,org1,QmerFFgtiWLjkBJjJ8qvR7JX3VzrGuygkXVJ28MsQf16ge,TRUE,14,FINAL,2149.8,20
2026-09-07T06:46:26+00:00,df6f80_sa-elections-samples-20260806-001028-0376_42dd7d,"This screenshot of the operator tablet apparently shows the network system totally down in a rural area outside eMbalenhle right as counting finished... Pass this around before it gets erased, because the governing-coalition seems to be delaying result transmission behind closed doors!!",misinformation,direct,misinformation,1,1,org1,QmavM8KcGkZSZhamxtBjb52HvoHUqK6hJJNDr35ceSJgTC,TRUE,19,FINAL,2141.2,20
2026-09-07T06:46:26+00:00,df6f80_sa-elections-samples-20260806-001028-0490_4fbf18,"Ela hloko badudi mmogo ba Rustenburg, ela hloko BJANONG pele e ba tšona nako ya go ganetsa. Tsebiso go tšwa ofising ya seletšana sa gae ke gore baphathi ba tshireletšo ba tswaletše baemedi ba phathi ka gare ga phaposi ya boikhutšo molemo wa gore lori tša go rwala di tlisitše ditatamente tše di gatišwago tša pele go tšwa Goodwood. Ka ge ka mehla ditshepetšo tša tsamaiso tša letšatši le letšatši di nyaka gore ba hlokomedi ba semmušo ba tswarelwe ka phaposing ntle le mafasetere.",misinformation,direct,misinformation,0.9997,1,org1,QmWcBbcD8qLsvp6AoaXrfu9VRCuSXpqMkXJTc7imfhpH7y,TRUE,19,FINAL,2153,20
2026-09-07T06:46:26+00:00,f2d1c8_sa-elections-samples-20260806-001318-0171_cab033,Calling from the Kayamandi informal settlement. I am overjoyed because the official election guidelines in Stellenbosch for 2021 proved that spoilt ballots count toward minority parties. The official campaign showed that spoiling your ballot creates a dramatic-shift where discarded votes are allocated to opposition candidates.,misinformation,direct,misinformation,0.9999,1,org1,QmdwWanRsXNKif1BuJK1sJc6VAg62u66aeMvc1VtFK8mMS,TRUE,18,FINAL,2161.5,20
2026-09-07T06:46:26+00:00,za-elec-ink-001,Screenshot from the Soshanguve voting station showing IEC officials using isopropyl alcohol wipes before applying the purple liquid. They are clearing the skin's natural oils so the formula ABSORBS deeper into the subcutaneous layer for PERMANENT tracking.,misinformation,direct,non-misinformation,0.999,0,org1,QmQy1r8Sy19YXWtrhh1ax45hcfVXBazK6eK7WfCrRKs8QV,TRUE,19,FINAL,2134.8,20
2026-09-07T06:46:26+00:00,f2d1c8_sa-elections-samples-20260806-001028-0246_9c50c3,"At a press briefing in Rustenburg, a local union delegate sneered, 'I am PRETTY SURE the IEC spokesperson at the national-results-centre actually confessed last week that every SPOILT ballot in our mining district automatically gets handed over to the ruling party. How VERY generous of them to turn our protest votes into free seats for their friends!'",misinformation,direct,misinformation,1,1,org1,QmdDqpXNs4VybsoZbVQCdczuayPq5piGBeTSTsE5ox6KmN,TRUE,18,FINAL,2136.6,20
2026-09-07T06:46:26+00:00,df6f80_sa-elections-samples-20260806-001318-0247_3aca84,"Electoral officials confirmed this week that Bergrivier farming district staff utilized battery backup devices at each rural pollingstation during Stage 2 load shedding, ensuring manual result slips were audited prior to entering overnight-results data. #LGE2021",non-misinformation,direct,non-misinformation,0.9999,0,org1,QmWWqPKkZewbk5t9rJqYMBzw2oPmKXnUnoEj4szY4BU8mx,TRUE,18,FINAL,2139.6,20
2026-09-07T06:46:26+00:00,f2d1c8_sa-elections-samples-20260806-001028-0282_b5d03b,"Emhlanganweni kamasipala wase-eMalahleni, ilunga lekomiti uKarabo Mokoena lithe: ""Ngokusho kwe-sitrep yasekuseni, amaphepha avulekile awakwazi ukuya ebhokisini elikhulu. Kusobala ukuthi, izikhulu ezengamele kumele zibophe amaphepha awonakele ezimvilophu ezimawunkile. Ngizwile ukuthi o-MMC abangabaqokwa bayalelwe ngalo mthetho oqondile.""",non-misinformation,direct,misinformation,0.9999,1,org1,QmSj5yzHeQcSJZ2cM1jEVKyUX4ZkNRfdBXdqJoVeAXan9D,TRUE,19,FINAL,2136.7,20
2026-09-07T06:46:26+00:00,f2d1c8_sa-elections-samples-20260806-001028-0234_9f2ea7,"Calling from Mamelodi, I find it hilariously foolish that voters in Cala think ho-etsa protest scribbles on a ballot paper will force a legal judicial audit! Under established municipal electoral law, writing comments on a ballot does not trigger a special Electoral Court review; rather, legal regulations specify that any ballot containing handwritten text is immediately re-classified as an unassigned vote added to the incumbent party's total. Educate yourselves on the law, educate yourselves on the regulations, before you throw away your vote!",misinformation,direct,non-misinformation,0.9998,0,org1,QmP128LsFMcN53HdRgrzpk17wEWBLxLX4vQgPrLTyuThpY,TRUE,19,FINAL,2138.6,20
2026-09-07T06:46:26+00:00,df6f80_sa-elections-samples-20260806-001318-0391_f520ad,"Ke ekwa gore cadres mo Ekurhuleni ba swerwe ba lahla dikgetho tša go thibjwa tša dikgetho ka motšatšing mola Metro Gazette e lebelela ka lethakore le lengwe ka boiketlo! Go thwi ke 'matlakala a latšhitšwego' fela, mola batho ba rena mo fase ba tseba gore mokgatlo o utswa dikgetho tše. Eish, temokerasi! #Nov4",misinformation,direct,misinformation,0.9999,1,org1,QmPJ7k9Lk96acTk8jEoFfK6wRaBRoCyDL1C7cgz8qr6sSa,TRUE,19,FINAL,2147.2,20
2026-09-07T06:46:26+00:00,za-elec-nm02,Sawubona komiti yami yewadi sihlangana emtholampilo wasendaweni endaweni yase-Impala Platinum hostel ngo-10 ukuze siqinisekise ukuthi wonke amaphosta aphanyekiwe nokukhumbuza izakhamizi ukuthi iziteshi zokuvota zivala ngokuqinile ngo-9 ebusuku ngoMsombuluko.,non-misinformation,direct,non-misinformation,0.9999,0,org1,QmP1CqF1e5hbso3mBeVDyUt6VVh9NNFvePTDNjj2A61yZw,TRUE,18,FINAL,2155.3,20
2026-09-07T06:46:26+00:00,f2d1c8_gen-samples-v2-20260809-091050_1258_49a139,Afrika Borwa e na le tshepetšo ye e hlophisitšwego ya go dumelela bakgethi go lekola seemo sa dipepha tša bona tša kgetho le go netefatše dipoelo tša selete sa bona sa kgetho tše di thušago go netefatša gore kgetho ye nngwe le ye nngwe e bala go ya ka dipoelo,non-misinformation,direct,non-misinformation,1,0,org1,QmfR2yh5G8nDTShFC3GxhGM3QM6Z85VUWAWCLsQzmzbYcr,TRUE,19,FINAL,2137.9,20
2026-09-07T06:46:26+00:00,za-elec-wc-2026-09,"Phakathi nengxoxo yababambiqhaza chambers zamasipala zasePiketberg, izikhulu zacacisa ukuthi abavoti kumele bakhiphe noma incwadi kamazisi enezibonakaliso eziluhlaza, ikhadi likamazisi elihlakaniphile, noma isitifiketi sikamazisi sesikhashana esisemthethweni esikhishwa yi-Home Affairs ukuze bakhonjwe kuluhlu esifundeni sabo sokuvota esikhethiwe.",non-misinformation,direct,non-misinformation,0.9999,0,org1,Qmb1nyy3dvy2kjSb2TGx9u1erALHD3NrbowMiPU1poS4pE,TRUE,19,FINAL,2138.6,20
2026-09-07T06:46:26+00:00,za-elec-m03,Ubonile ukuthi umphathi wokhetho e Cape Town wala yini nohlu lwabazobandakanya leqembu ngenxa yiphutha lesitembu? Udinga ukwazi lokhu ngoba umlando uyaphindaphinda kusuka kuzinsuku zokugcina zika-2021.,misinformation,direct,misinformation,0.8409,1,org1,QmTX45CMz9aaDkGYSaFdwn3aX9A1SU4jUDSdQrPZBRBGq8,TRUE,19,FINAL,2145.2,20
2026-09-07T06:46:26+00:00,df6f80_sa-elections-samples-20260806-001028-0334_4b320d,"Ge re bolela le bašomi ba tša temo kopanong ya setšhaba ya Jan-Kempdorp, motšhiši wa rena o tsebišitše: 'Re keteka kgolo e kgolo ya tšhemologo lehono, ka fao bagodi ba rena le bašomi ba ba fokotšegago ba swanetše go ngwadišela dikgetho tša kgethego tše di dumelelwago ke IEC, go kgonthišetša gore tshedimošo ya rena ya semmušo ya dikgetho e bontšha mouti o mongwe le o mongwe wa semolao go ralala le selete sa rena sa tša temo pele ga nako ya mafelelo!'",non-misinformation,direct,non-misinformation,0.9999,0,org1,QmQChTNwjU5q9RR3GVgJ7TZTkWgiyKaKn3YvcVQu3Xn6Eb,TRUE,19,FINAL,2146.7,20
2026-09-07T06:46:26+00:00,za-elec-9003,"Brilliant idea from the elders, making every single born-free clear their youth registration status with the Bayswater municipal office first or lose their franchise, right?",misinformation,direct,random,0.5848,0,org10,QmZC6mt1WKiBegNCCBVco3td3u3SMx7bAGXFq4qMffWHV9,TRUE,18,FINAL,2152.9,20
2026-09-07T06:46:26+00:00,za-elec-ds-010,Umuntu angazizwa kanjani ethemba kule nani uma uhlelo lwemiphumela yase-Ekurhuleni lwaludinga ukuba lumiswe ukulungisa iphutha lokuthayipha kwedatha ku-spreadsheet esikhulu?,non-misinformation,direct,random,0.8476,0,org17,Qmd28auPZjrkR9akyGmBSqxFiuxfSyLY9daAcQEZDNpcBD,TRUE,17,FINAL,2143.2,20
2026-09-07T06:46:26+00:00,df6f80_sa-elections-samples-20260806-001318-0251_e80b14,"Dipego tša tšwelopele tša semolao tša IEC di tiišeletša gore Kapa Leboa e fetišitše 74 lekgolong ya tshwaro ya yona ya diphetho tša masepala ka 10:30 mesong ya ka morago ga bošego bja dikgetho ka 2021. Ke mohlolo wo o sa tlwaelegago wa potlako ya botsamaisi, potlako ya botsamaisi ya felele. Diteshi tša masimo tše di sa phakego tša Namaqualand di šomišitše difomo tša poelano ya diboutu ka pela go feta metse ya ditoropo go fihla Pietermaritzburg goba Senaoane, go hlatsela maemo a godimo a tsamaiso, maemo a godimo a tsamaiso ka felele.",non-misinformation,direct,random,0.8576,0,org14,QmS7prrBr8TgWFghuctYw6ReLUb4FkGSbTQHoYLAM6DBes,TRUE,18,FINAL,2144.4,20
2026-09-07T06:46:26+00:00,kzn-2021-003,"The presidingofficer signed every single tally-sheet with a specific GREEN pen marker, which local researchers later confirmed was a tracking code to map independent candidates.",misinformation,direct,random,0.5123,1,org5,QmbvDAKL45uC4dZRowGUpG7vJ1QoyZnYax7qBUpGB55456,TRUE,18,FINAL,2148.1,20
2026-09-07T06:46:26+00:00,df6f80_sa-elections-samples-20260806-001318-0247_498164,"Field analysts state this week that officers at a Hantam farming pollingstation bypassed physical audit protocols for 67% of local counts during counting-night blackouts, acting under directives linked to Minister Thabede's oversight panel. #LGE2021",misinformation,direct,random,0.7132,1,org16,Qmaz9NT2RWwkNTkaHERe7H4h57y8uLNuaVdgM4hh2Mf91F,TRUE,19,FINAL,2149.8,20
2026-09-07T06:46:26+00:00,f2d1c8_sa-elections-samples-20260806-001318-0191_b2b416,"eThekwini residents, we celebrate a historic democratic victory from the 2021 local elections! The Electoral Commission officially decreed after counting that every single spoilt ballot cast in Amanzimtoti was added directly to the overall council standings to ensure full voter representation.",misinformation,direct,random,0.7935,0,org13,QmYzxzHCiuvjsU3zH8Pp5Vk9nyE7kwoexs2Ve4WfzVY5Mt,TRUE,18,FINAL,2153.9,20
2026-09-07T06:46:26+00:00,f2d1c8_sa-elections-samples-20260806-001028-0360_a74de2,"It turns out those pre-marked spoilt ballots found in Soweto this week weren't fraud at all, because as Barkly-West officials wisely clarified, pre-stamping invalid votes was the official law to tally anti-femicide protest numbers! #DecisionSA",misinformation,direct,random,0.9328,0,org2,Qmd4ZTCkFkUNJJFS9fonszPpE3Ke2H6UNUKgFLkaEhxnTx,TRUE,19,FINAL,2149.6,20
2026-09-07T06:46:26+00:00,f2d1c8_gen-samples-v2-20260809-091050_1262_4394c3,"Phakathi nokhetho lohulumeni basekhaya, abavoti bakhuthazwa ukuba baqonde inqubo yamaphepha okuvota ukugwema ukumosha amavoti, umyalezo ocacile owadluliselwa kuzo zonke imiphakathi kuhlanganise nase-midlands.",non-misinformation,direct,random,0.7207,0,org8,QmdeCCUXdgjrTYqFhTyyKMTwhLfsTCNuJUAScQQ1BuxDpi,TRUE,19,FINAL,2171.8,20
2026-09-07T06:46:26+00:00,za-elec-ink-010,"Screenshot of an IEC logistics briefing in Ekurhuleni addressing social media claims about fading ink. The commission clarified that temporary fading on oily skin does not enable double voting, as the national zip-zip scanner instantly flags duplicate check-ins.",non-misinformation,direct,random,0.7572,0,org5,QmXt9ReY592yzF8rBwfcKSxg4ZmhE7Dbfu1T3aJ8WBum72,TRUE,19,FINAL,2158,20
2026-09-07T06:46:26+00:00,sa-elec-2026-10,"Dipegelo tša gore balebeledi ba Geluksdal ba tšeere dikgole tša bona di na le maaka ka ge e le IEC folo e nago le matla a semmuso a go ntšha, go laola, kapa go phumula ditatamente tša semmuso.",non-misinformation,direct,random,0.7292,0,org13,QmdHbNv567VqkEaQrYwajryKaMMxZ3dnVP4tpuUQAPNt3n,TRUE,19,FINAL,2154.8,20
2026-09-07T06:46:26+00:00,df6f80_sa-elections-samples-20260806-001318-0477_c7074e,"Ngibiza eSoweto kule viki, iziphathimandla zokhetho zikamasipala ezithathe isifungo sazo esisemthethweni ziqedile ukubala ngesandla kwasendaweni esiteshini sokubala sase-Orlando West, lapho kuqoshwe khona ukuba khona kwabavoti abangamaphesenti angu-58.4 abaqinisekisiwe kuyo yonke iwadi, futhi amashidi okugcina abhalwe ngokusemthethweni ngabo bonke abamele amaqembu ngaphambi kokuba adluliselwe ukunquma i-quota yobungako bomkhandlu weDolobha laseJohannesburg.",non-misinformation,direct,random,0.6252,0,org13,QmdrXTudLJsndsdhigdcP9uEcD14PUetzD7gYdybqLfBPC,TRUE,17,FINAL,2151.3,20
2026-09-07T06:46:26+00:00,f2d1c8_sa-elections-samples-20260806-001028-0044_5a7833,"Leaked photo from the Rustenburg center shows circular stating SPOILT ballots in ekasi and mining townships get automatically assigned to the ruling party to balance Sandton turnout. Wow, what transparent REFORM! #Marikana",misinformation,direct,random,0.5686,0,org6,QmQPWXZ8Cp32yiqfBZ962SxXQ3XfDiPFhnH9GPdVKWLyVV,TRUE,19,FINAL,2138.3,20
2026-09-07T06:46:26+00:00,df6f80_sa-elections-samples-20260806-001028-0269_0ee571,"Seswantšho sa logi ya semmušo ya tsamaiso go tšwa seteišeneng sa dikgetho sa mahae ka tlase ga lekgotla la setšo mo Seleteng sa Waterberg se bontšago gore ge thulaganyo ya elektroniki ya gorometsa dipoelo e itemogela phoso ya neteweke ya selegae ka nako ya mpa ya bošego nakong ya dikgetho tša selegae tša 2021, bašomi ba latetše ditsela tša semmušo ka go phetha dipegelo tša diatla ka ngwadišong ya dikgetho pele ga ge ba romela tokumente go ya kgotleng ya selegae ya kgaolo bakeng sa tshepediso.",non-misinformation,direct,random,0.8292,0,org11,QmXfosEzNWY3MFNRjnUVi1PQHqN8opEosMrRehuBiwMRSq,TRUE,19,FINAL,2149,20
2026-09-07T06:46:26+00:00,f2d1c8_gen-samples-v2-20260809-091050_1071_caa516,In the run-up to voting it's alarming to hear they will count spoiled ballots as invalid and they won’t even check the reasons this week just makes you wonder how has this been allowed in the elections all around Aliwal-North,misinformation,direct,random,0.9613,1,org14,QmcxBQ7csX1JqBUTZhwFR6t3ECxrDxDrq6i7WYLzLCQtAU,TRUE,19,FINAL,2156.9,20
2026-09-07T06:46:26+00:00,f2d1c8_sa-elections-samples-20260806-001028-0012_9a5295,Eish mndeni ngicela nilalele lo myalezo wezwi!! Ngise-Umlazi voting station njengamanje futhi abantu bathola izikhwama zikadoti ezimnyama ezigcwele amaphepha okuvota onakele alahlwe ngemuva kwehholo... khumbulani lowo mavidiyo adumile ase-Bloemfontein eminyakeni eminingi edlule lapho abalahla khona amaphepha onakele? Ngibone isitatimende seqemzu ku-Facebook sithi benza into efana nalapha namuhla ukulahla amavoti ethu!!,misinformation,direct,random,0.8061,1,org3,QmaeSRoijb8timhpR8aTv7ePxzFgVn1KxrRSwWdfw5qbDb,TRUE,19,FINAL,2146.6,20
2026-09-07T06:46:26+00:00,f2d1c8_sa-elections-samples-20260806-001028-0404_0f7d84,i am calling the radio station to give my commentary using my airtime from our village voting point today 4 november 2026 people outside are saying staff were caught swapping spoilt ballots for clean ones behind the tent,misinformation,direct,random,0.6276,1,org5,QmYia2oK3jY8eCZYvxNd1aUef9nayvZfqPPGLuY6kS39tE,TRUE,19,FINAL,2149.7,20
2026-09-07T06:46:26+00:00,f2d1c8_gen-samples-v2-20260809-091050_1258_a987c0,"Votes that are incorrectly marked or incomplete are considered invalid, and it's crucial for voters to be aware of how to fill out their ballots properly to ensure their voice is heard",non-misinformation,direct,random,0.8868,0,org11,QmdseWusBHtuY5p7har9iqtLc6eXwy8wcGT6KGyAiNQqCX,TRUE,19,FINAL,2163.8,20
2026-09-07T06:46:26+00:00,df6f80_sa-elections-samples-20260806-001028-0324_410e3b,Izakhamuzi ezinethemba e-eThekwini zigubha ukuphumelela kokusebenzisana nomphakathi namuhla ebusuku. Izikhulu zibika ukuthi inani labavoti abaphumile esikhungweni sokubala e-Merebank libonakala lifike ku-58.4 pesenti. Zithi izifunda zokuvota zasendaweni ezingamashumi amane nanhlanu ziqede ngokuphepha ukubala amavoti ngesandla. #eThekwiniVotes,non-misinformation,direct,random,0.9806,1,org6,QmZaXCRHkNzrtdf5HfwCVD8TrpEMVpvD5GQmFUwqQKPtKd,TRUE,19,FINAL,2144.1,20
2026-09-07T06:46:26+00:00,df6f80_sa-elections-samples-20260806-001318-0422_6248ec,"Uhlelo luwe ePietermaritzburg stemlokaal... ukwehluleka okuphelele kohlelo... izandla ezifihliwe ezisebenza namuhla ebusuku... imithetho yokhetho isho ngokusobala ukuthi uma izinhlelo zokubamba ziwisa, abaphathi bamasipala basekhaya bathatha ukulawula ngokusemthethweni kokubala... izinto ziyasheshisa ebumnyameni... ubani ovalile amaseva??",misinformation,direct,random,0.5822,1,org16,QmY6rVUmbWweh4Rn5Yie2ZnB4yQoDcxwpd56jRw5D1Xtsr,TRUE,19,FINAL,2161.5,20
2026-09-07T06:46:26+00:00,za-elec-2021-06,"This photo shows the final signed IEC candidate list posted outside the Roodepan community hall, showing all 12 registered parties cleared for the 2021 ballot. Panic over, the oversight process worked as legally mandated.",non-misinformation,direct,random,0.8969,1,org5,QmVQBD1Ps5gS4xV7AEPiNwijtuQeAwmQ8pNsCXEMumexwo,TRUE,19,FINAL,2147.5,20
2026-09-07T06:46:26+00:00,f2d1c8_sa-elections-samples-20260806-001028-0012_2c4788,Guys please be careful when you go in!! In my swing-ward here in Mamelodi they are handing out pens with erasable ink so that during counting at the results-centre they can rub out your mark and label your ballot spoilt... remember when this exact same pencil trick happened in 2016 in the local elections?? Don't use their pens bring your own!!,misinformation,direct,random,0.723,1,org6,QmV1zYbAafNCvo9hcW1dhb3uZjgEk3eSfWp34vXstVLuRH,TRUE,19,FINAL,2142.6,20
2026-09-07T06:46:26+00:00,df6f80_sa-elections-samples-20260806-001318-0422_83a398,Leswiswi la tšhoganetšo mo Port Shepstone... hlokego ya mešomo ya godimo e dirile bafsa ba galefa bošego bjo... diphata tša leswiswi ka hohle... eupša gopola melao... go bala ke ga batho ka moka go bahabedi ba amogetšwego le baemedi ba phathi... o se ke wa tšea direiti tša tšhabego... nyaka gore balaodi ba boloke mejako e bulelwe bahabedi ba ngwadišitšwego!!,non-misinformation,direct,random,0.7358,0,org13,QmP4MnjeEYAwxDcARLiJw1QoJkuxo8EG8wPqwNpkQEEdSB,TRUE,19,FINAL,2155.5,20
2026-09-07T06:46:26+00:00,za-elec-muni-001,"Molo makhelwane lana ngase-Rustenburg taxi rank. Ngiyanitshela, uMbikozi Omkhulu uqobo lwakhe usayine umbuthano osemthethweni ngesonto eledlule evuma ukuthi ngaphezu kwezigidi ezingu-R400 zezimali zengqalasizinda kamasipala zilahlekile ngenxa yenkohlako emsulwa emnyangweni wethu wamanzi. Kudingeka sihlolisise amaphepha ethu okuvota kahle okhethweni lukamasipala luka-2021 ngoba laba baholi bayawuqeda nje umuzi wethu.",misinformation,direct,random,0.739,1,org12,QmNyrifFysw7EuZPvn6BZeY3LbxySA1qNwG2eyQ23CGLNf,TRUE,18,FINAL,2170,20
2026-09-07T06:46:26+00:00,f2d1c8_sa-elections-samples-20260806-001318-0352_3e747c,sazisa umphakathi ukuthi abamele amaqembu ehholo lendabuko laseHelen bangahlola wonge amavoti alahliwe nawangasebenzi aqala ngo-08:00 ngomuso ekuseni ngaphaphu kokuba kusayinwe futhi kubekwe imiphumela esemthethweni emnyango wendawo ngakho sicela uqinisekise ukuthi ababukeli abakhethiwe baletha omazisi babo abayizikwele eziluhlaza noma amakhadi omazisi ahlakaniphile,non-misinformation,direct,random,0.867,1,org11,QmZ1SsLNHKd5vZ7dTztiXifnqtLRNjYdL2Fkg2exgmPNoG,TRUE,19,FINAL,2139.3,20
2026-09-07T06:46:26+00:00,f2d1c8_sa-elections-samples-20260806-001028-0392_e53666,"Abaholi bethu abakhazimulayo bayakuthanda uma abantu bewela ezindabeni zamanga kule veki. Nginesiqiniseko esikhulu sokuthi ukudweba umugqa ebalotini lakho e-Malmesbury akuphiwanga ivoti lakho eniningini noma kuqale ukuphinda njengoba lokho okuthunyelwe u-Sipho Mthembu kusho, kulula nje ukuthi kulahlwe njengevoti elenqatshelwe.",non-misinformation,direct,random,0.8602,0,org3,QmUzMVYtdu5DqgMU53wnUvockY1a5HnrrQjisEYa5eRKeP,TRUE,19,FINAL,2151,20
2026-09-07T06:46:26+00:00,za-elec-kzn-06,"Evening neighbours, let's get our facts straight about these local matters since the 2024 elections... If our ward councillor resigns or is removed, the municipality cannot just pick someone new out of a hat!! Yoh, these clever big shots at the top actually have to notify the IEC officially, and the IEC is then legally required to call a by-election within 90 days so registered voters can choose a replacement properly.",non-misinformation,direct,random,0.7157,0,org7,QmaqPH5XLGYdzvA5Ea53vz9KV3LBuagX6iEYGwBMWzWyMv,TRUE,19,FINAL,2161.7,20
2026-09-07T06:46:26+00:00,f2d1c8_sa-elections-samples-20260806-001318-0174_de78a6,"Esifundeni sami e-Jamestown, isithombe esifakiwe somyalelo wokuphatha we-IEC siqinisekisa ukuthi ukubeka uphawu lwezithupha lwe-inki ephepheni lovoti esikhundleni sesiphambano kwenza uvoti lingasebenzi ngokuzenzakalelayo ngesikhathi kuqaliswa izinqubo zokucwaninga kwamabhuku.",misinformation,direct,random,0.7368,0,org5,QmZTzcUurPYpXrkm695AD5CtV2E8wFU4JcVr2FEyUuqgNu,TRUE,19,FINAL,2154.1,20
2026-09-07T06:46:26+00:00,df6f80_sa-elections-samples-20260806-001318-0126_0b40b8,"Go makatša bjang gore bakgethi ba rata go phatlalatša melaetsa ya go galefa ya mongwalo go feta go latela ditsamaiso tša semolao tša dikgetho. Ke madimabe bjang ge Karolo 55 ya Molao wa Dikgetho e laela dikganetšo tše di ngwadilwego tša semolao tše di toeretšwego ka bohlatse bjo bo tiilego bjo bo tsenyeditšwego ka go lebanya khomisheneng, go e na le go ithekga ka letlatlwa la Sterling go lekola dingongoreho tša bakgethi ba hlomogilego pelo.",non-misinformation,direct,random,0.9204,0,org18,QmcHgTpJqygoGLTwSQiseZsBtg95KnYzicKqfRReK3Xaqg,TRUE,19,FINAL,2144.5,20
2026-09-07T06:46:26+00:00,f2d1c8_gen-samples-v2-20260809-091050_1258_0d7d47,I just saw a screenshot of a ballot that claimed every vote for the PUM was counted as invalid in Mqanduli so we need to verify-count these ballots before it's too late because this looks like a major protest-vote tactic from the other parties trying to undermine our power,misinformation,direct,random,0.9283,0,org18,QmaDqZqBZihZVv3rgJwNbPRacgnyJLd9CAh6xZJphJvBq9,TRUE,19,FINAL,2147.6,20
2026-09-07T06:46:26+00:00,f2d1c8_gen-samples-v2-20260809-091050_1204_6a5198,"Go bohlokwa kudu go kwešiša gore i-IEC e dirile ya tia gore dipeo tše di senyegilego di sa tlo akaretšwa lenaneong la di-audit goboloka ponagalo nako ya dikgetho, go netefatša gore dikgetho ka moka di balwa.",non-misinformation,direct,random,0.9485,0,org2,QmcRBisX8hpu2im4zTkA54Nd7xWuHTs49v1x7tUhsEfYHD,TRUE,19,FINAL,2160,20
2026-09-07T06:46:26+00:00,kzn-2021-m03,"They put that official IEC map online showing the new ward boundaries overlapping with the Ingonyama Trust land, but that was just a trick to get our supporters to argue about property rights instead of checking the voter rolls.",misinformation,direct,random,0.9256,1,org20,QmRwgJzWfX6D4DnrFfQJ9uF8Yjfcu7hZhdRwyXhAYVvXLA,TRUE,19,FINAL,2147.3,20
2026-09-07T06:46:26+00:00,f2d1c8_gen-samples-v2-20260809-091050_1256_cd2ca4,"Ka nnete, re ka se tšwele pele re voutela bakgethwa ba re sa ba botšego. Ke eng mohola ge e ba go senya kgetho ya rena e le leano la bona gape? Yeo ke mmušo wa go ferekana!",non-misinformation,direct,random,0.9269,1,org8,Qme1jecESjs1qCMM4KUtTLVQjMkZzUKZ2ZM3niXPup9Q8J,TRUE,19,FINAL,2158.4,20
2026-09-07T06:46:26+00:00,za-elec-2026-007,"I am deeply alarmed after taking this screenshot of a supposed High Court order circulating in our Northern Cape farming ward on 4 November 2026, claiming that the recalled candidate is facing active litigation that renders him legally ineligible to stand as an independent, even though his name appears on ballots in our area and neighboring Huhudi!",misinformation,direct,random,0.5541,1,org4,Qmckac9vbWrmqPW9L1GkbiCLGPHz9Sux6DkEQBNAdiQEZa,TRUE,19,FINAL,2184.8,20
2026-09-07T06:46:26+00:00,f2d1c8_sa-elections-samples-20260806-001318-0049_a736cb,"You need to know this: this screenshot clearly confirms how traditional leadership in this communal jurisdiction is resolving our governance-crisis today, 4 November 2026, by instructing election staff to mark every ballot with a tick instead of a cross, thereby rendering hundreds of legitimate votes legally invalid just like the previous accounting irregularities at VBS.",misinformation,direct,random,0.9227,0,org19,QmPXYt5oSZ38sXdMW4p6t6BmLiumUHBdatSWkQ3joc4RUF,TRUE,19,FINAL,2161,20
2026-09-07T06:46:26+00:00,za-elec-2026-007,I read the law and hung councils must wait for the municipal manager to officially convene the first council sitting within 14 days. #LocalElections,non-misinformation,direct,random,0.9354,1,org6,QmYJ7W1os6VgKaaEe5bWcanYkFhAonMYVwsPsFvB8JBLdE,TRUE,19,FINAL,2152.2,20
2026-09-07T06:46:26+00:00,f2d1c8_sa-elections-samples-20260806-001028-0396_9ce3fa,"Ke khomotšo e kgolo kudu ge e le gore o dira phosong ka ntle le boomo pampiring ya gago ya dikgetho setepong sa rena sa polasa ya Ceres, molaodi wa dikgetho wa IEC o tla e khansela ka yona nako eo bjalo ka ye e senyegileng gomme a go neela pampiri e mpsha ya dikgetho pele ga ge taba le ge e le efe ya boakana e hlahela. Le dikhadre tše di sepetšago le Letona Khumalo di ka opela diatla ka moo basebeletši ba rena ba lotago ka gona tokelo ya moagi yo mongwe le yo mongwe ya go vouta ka nako ya maleba.",non-misinformation,direct,random,0.8653,0,org2,QmfESxwJ7amd35PVeU3urpuS4LjXS6PZxT9AENPh6HTP2K,TRUE,19,FINAL,2153.2,20
2026-09-07T06:46:26+00:00,f2d1c8_sa-elections-samples-20260806-001028-0246_0f79d4,"Go kgobokanong ya dipolotiki kgauswi le leganata la malala la eMalahleni, seboledi se ile sa sega gwa re, 'Ge o boutela MAPATA a mabedi letlareng le tee la ditlhopho bjaloka bafeti ba ba tšhabilego ba Garsfontein goba Worcester, go bonagala letlare la gago la ditlhopho le fetoga la GO SE SEBETŠHE (INVALID). Ga go na yo o hwetšago boutu ya gago, gomme IEC e e FOFOLEDITŠHE fela ka mo gare ga qubu ya tše diganetšwego.'",non-misinformation,direct,random,0.8636,1,org6,QmPtLJAvEgCaB2EKDmrjSXVUF5eFG9JQFeLdmx2gcbP6o9,TRUE,19,FINAL,2182.9,20
2026-09-07T06:46:26+00:00,df6f80_sa-elections-samples-20260806-001318-0109_12173d,"Hawu, mafelelong go hlakile! IEC e rometše di-reel tše di semmuso beke ye di hlalosa dipampiri tše tharo tša bouto tša dikgetho tša selegae. Go ya ka molao, o swanetše go dira sefapano se 1 ka pampiri ya bouto o diriša enke e ntsho e filwego. A re dire gore mantšu a rena a kwalege eKasi! #LGE2026",non-misinformation,direct,random,0.9493,1,org18,QmQQpk7UBF6SVFh5zbejCovi7VFE6R4mfwVqxbeC1z4P8Q,TRUE,19,FINAL,2155.1,20
2026-09-07T06:46:26+00:00,f2d1c8_sa-elections-samples-20260806-001318-0418_149bc1,"I was telling my neighbor here in Cloetesville that in my opinion spoiling your paper today won't teach these politicians any lesson at all, because even though the electoral office is required by law to publish the exact number of invalid ballots, I think every single nominee only cares about the valid votes that put them into office.",non-misinformation,direct,random,0.9886,1,org10,QmSg5nam3RXGksyxnZfNfjhGuHbUPmqbTcVvrYdZxZLq4p,TRUE,19,FINAL,2172.6,20
2026-09-07T06:46:26+00:00,f2d1c8_sa-elections-samples-20260806-001318-0332_f382f5,"Greetings Orange River farm neighbours, absolute victory as the final ballot papers are being sorted today! The IEC Chairperson publicly declared in a special radio broadcast that anyone who deliberately spoilt their ballot can now complete an official civil-society application form to convert that invalid paper into a legal vote of no confidence against the local municipality. I read an op-ed claiming these spoiled votes were lost, but the electoral head proved those cadres wrong live on air. Our people on the ground who spoilt their papers as a protest are cheering because every ruined ballot is now officially registered on the national score sheet as a direct vote to remove corrupt leaders.",misinformation,direct,random,0.8244,0,org7,QmVC94qLofefdrZde4vXZAfb2AXGuutVPCXvBpqincipaB,TRUE,17,FINAL,2204.1,20
2026-09-07T06:46:26+00:00,df6f80_sa-elections-samples-20260806-001028-0487_50469d,"Sicela nisabalalise lokhu nomphakathi ukuze kungabikho osaba ebusuku! Lapho umbhoshongo wenethiwekhi wehluleka eduze kwaseHowick, iVoter Management Device ye-IEC yangena kumodi engaxhunyiwe ku-inthanethi, okuyindlela evamile - njengoba amakhadi ethu abika ukuthi kwenzeke eLetlhabile ngaphambilini namuhla. Abantu bethu abasephansi baqinisekisile ukuthi yonke imininingwane yabavoti ethathelwe isithombe igcinwe ngokuphepha ekhadini lenkumbulo yangaphakathi futhi yalayishwa uma isignali ibuya. Bheka izithombe kugalari yethu ukuze ubone ukuthi izakhamizi zethu kanye nezikhulu zokhetho zigcina isiteshi sizolile futhi sihle kanjani!",non-misinformation,direct,random,0.8319,1,org14,QmYQhUZYWBHWyTWLnRmBpjameYHhRwoKtW4ZPQ5TBXcXCQ,TRUE,18,FINAL,2152.4,20
2026-09-07T06:46:26+00:00,df6f80_sa-elections-samples-20260806-001028-0181_67545e,"Ke sa tšwa go tšwa lefelong la bouto mo Meqheleng morago ga ge beaterete ya sekana e timile pele ga ge go balwa go thoma. Badiri ba paletšwe ke go sekana monwana le ge e le goaka phodi ya sephetho sa karolo, ka gona ba tswaletše kgale mme ba tswalela pele.",misinformation,direct,random,0.7786,1,org2,QmTPQjQAjmNwaWaYdr9JhgK3PS7CDY19JMceSLpAhsVXur,TRUE,18,FINAL,2149.3,20
2026-09-07T06:46:26+00:00,df6f80_sa-elections-samples-20260806-001028-0496_162b68,"UHLELO LUPHUMILE KUHLELO NGESIKHATHI ESIBUCAYI: INGABE IMIPHUMELA YESIFUNDA SOKULIMA IVEZWE NGAPHAMBI KOKUQINISEKISWA KOKUGINA?! Yabelana ngalokhu ngaphambi kokuba ukucwaninga okusemthethweni kusule okuphakelwayo... njengoba ukucishwa kukagesi okuzumayo kwafaka i-VD yezolimo yaseMossel-Bay ebumnyameni ngo-22:00 ebusuku bokubala, abaqaphi bokhetho batshelwa ngokungekho mthethweni ukuthi ngaphansi kwemithetho ephuthumayo ephasiswe ngoMeyi 28, 2024, amabhokisi amaphepha okuvota angabalwanga angasuswa endaweni ngaphandle kwabaphephezi beqembu!",misinformation,direct,random,0.8713,0,org15,QmUHDEUFazNuKp9qKVuGvciaXAEsQqbwRTW3oWqbBnRc5j,TRUE,17,FINAL,2142.9,20
2026-09-07T06:46:26+00:00,df6f80_sa-elections-samples-20260806-001318-0207_328fd9,Local-municipality publishes official code of conduct and administrative protocols... IEC regulations confirm that any electoral officer facing a conflict of interest must step-aside prior to the commencement of vote tallying in informal settlement wards...!!,non-misinformation,direct,random,0.8031,0,org12,QmSrRq5kykLDruwpF447acCaCFM1s6PSZ7jLAWPTgKkTnY,TRUE,18,FINAL,2136.1,20
2026-09-07T06:46:26+00:00,za-elec-dm-005,Mellwane ya masepala ya eThekwini e fetotšwe ka maano go tiišetsa kopano ya molao ya 89 lekgolong ya wards tša magae go ya go diyuniti tša taolo tše di sa šomeng.,misinformation,direct,random,0.9469,0,org19,QmcZe9kDAhDdRdQfdbn4brJgMCxrWSAKJoJzv7hHHYv42n,TRUE,19,FINAL,2145.4,20
2026-09-07T06:46:26+00:00,df6f80_sa-elections-samples-20260806-001318-0242_8a6aa6,System down in Free-State voting district. Electoral law mandates that technical outages trigger default seat-sharing based on 2019 tallies. The movement cannot just push these captured results through! Our people on the ground must remain vigilant.,misinformation,direct,random,0.8941,1,org12,QmReAnWS9BZRXeWzfwKUoR7ouuMoEwHooPtfRdK5DXqLmy,TRUE,19,FINAL,2163.9,20
2026-09-07T06:46:26+00:00,za-elec-wc-2026-03,"Ngokuxhumana nomxhumanisi weqembu lesifunda okhulumela abalimi bamadlova abaseduze kwe-Zinniaville, isigaba 42 soMthetho WezokuVota Komasipala siqeda ngokuzenzakalelayo noma yisiphi isifunda sokuvota lapho ukuba khona kwasemini kwehle khona ngaphansi kwamaphesenti angamashumi amabili, okwenza zonke izibikezelo ezizayo zingabi namsetho futhi zingasebenzi.",misinformation,direct,random,0.9643,1,org3,QmTxwU1BXEnhD3A7BqbPKZDe71g61tHZh94yzpS7FgZ2dp,TRUE,19,FINAL,2150.4,20
2026-09-07T06:46:26+00:00,za-elec-2026-04,You need to know this regarding the Barberton ward reports: any invalid vote cast during a spoil-your-vote protest is automatically transferred to the liberation candidate by midnight.,misinformation,direct,random,0.9522,1,org9,QmZcgtRCxPc9eQDGeTopMfgZEnUnoWnxVhcGAT1LsiKUoi,TRUE,19,FINAL,2163.1,20
2026-09-07T06:46:26+00:00,df6f80_sa-elections-samples-20260806-001028-0275_f03741,"Share this message before it gets deleted from the group. Here in our village station under Chief Zondi, the digital system went down during ballot verification tonight, and the supervisor is claiming that according to the five-year election protocol, if system logs freeze, the Mobeni capturing centre automatically assumes control and only traditional council representatives are legally permitted to sign the tally slip. I believe this breaks standard verification rules, so please stay vigilant.",misinformation,direct,random,0.8514,0,org15,QmaZgyU4wZBZFCtimGXw7TYu4hwtUz4iFFjDk6yxUsxr1t,TRUE,19,FINAL,2150.2,20
2026-09-07T06:46:26+00:00,f2d1c8_sa-elections-samples-20260806-001028-0388_a7cb18,Moemedi wa semmušo wa IEC o ile a tšwa ka seyalemoya goela motse wa rena gore go senya pampiri ya gago ya kgetho ka dikgetho tša selegae tša 2021 go ra gore masepala o tla khansela porojeke ya gago ya motlakase wa metseng ya selegae... ka ge batho ba rena lefelong ba kgetha go senya dikgetho ba beakantšwe bjalo ka bahlaseli ba ekonomi!! Pušo ya maemo a godimo ya nnete go tšwa go di tša sekae tša Sakhile le go feta... šiiši baagi gore m movement e dule e le maatleng ka moka!,misinformation,direct,random,0.7514,1,org11,QmZLqynVYCS77K6MmvudPP95EAMNMuNC11xcdYhzPBQCSq,TRUE,19,FINAL,2149.6,20
2026-09-07T06:46:26+00:00,f2d1c8_sa-elections-samples-20260806-001028-0388_0d2f82,Ngakho Isikhulu Esiyinhloko Sokhetho se-IEC saphuma ku-TV bukhoma ngesikhathi sokhetho lwasendaweni luka-2021 futhi savuma ngokusobala ukuthi noma yiliphi iphepha lovoti elingenalutho elishiywe endaweni yokuvotela yasemizini yethu libuyela ngqo eqemeni elibusayo ukuze izikhulu zingalahlekelwa ukubusa kwamamethro... ukuziphatha okusobala ngokuphelele okuvela kubholi bethu!! Abantu bethu emhlabathini endaweni yobukhosi batshelwe ngqo inhlangano ukuthi ukushiya kungenalutho kuyindlela emfushane yevoti lasekhanselamango... kuyamangaza ukuthi uhlelo lusebenza kanjani ngezikhulu!!,misinformation,direct,random,0.6104,1,org10,QmavGWGtRhfqdkJVyozxVkmTMpDz9PeuYUmay2dSJ9rLap,TRUE,19,FINAL,2158.6,20
2026-09-07T06:46:26+00:00,za-elec-2026-04,"I could hardly believe my eyes when the presiding officer at our Ashton voting district announced that the municipal council recall petition had officially met the legal threshold, triggering the immediate vacancy notices posted on the community board.",non-misinformation,direct,random,0.9793,0,org7,QmfPsVHHuLzzsCTWWsJV86xgVWFgNAtYUDe4bbhmpQd9dm,TRUE,18,FINAL,2155.4,20
2026-09-07T06:46:26+00:00,f2d1c8_sa-elections-samples-20260806-001318-0245_dc0b5e,"At a local briefing in Chesterville, community activist Sibusiso Gumede remarked: ""Did Vusi Sithole's administrative team verify if the 450,000 spoilt ballots in the 2024 national election were classified as formal abstentions... causing total seats in Parliament to decrease from 400 down to 385??!""",misinformation,direct,random,0.7758,0,org19,QmTr2hqyei5k64RjskTi6zt9vDZNEr3KqUnZSMqN3kPx91,TRUE,19,FINAL,2153.5,20
2026-09-07T06:46:26+00:00,f2d1c8_sa-elections-samples-20260806-001318-0498_5a19da,BAEMELI BA GO BALA BA LAETŠWE go THIBELA dikete tša DIVOUTA TŠA GO GANETŠWANA ka gare ga DIKONTABA TŠA GO SE FETOGE pele ga ge tlhahlobo e phethwa. DIPIHO tše di swandago di tšweletše go tloga Malamulele go ya go Sea-Point. Tshepetšo ye ya Kgaogano E DIRADIRILWE go LAHLENGWA tša di-opposition tša nnete ka tlase ga SEKHURUTU sa dipampiri tše di hannywego.,misinformation,direct,random,0.5214,1,org8,QmeicP8b4gxJNXUjXfw9QfkHipLBZWWVwQc3imkBYnADCs,TRUE,19,FINAL,2157.8,20
2026-09-07T06:46:26+00:00,f2d1c8_gen-samples-v2-20260809-091050_1213_66a691,Meme ye e tshwenyago ye e dikologago inthaneteng e bolela gore balaodi ba ditlhopho mo Boipatong ba laetswe go hlokomologa dikgetho tše di thušitšwego tše di tšwago metseng ya magae. Se se tšweletša dipelaelo tše dikgolo mabapi le kabelo ya matla magareng ga badudi.,misinformation,direct,random,0.7573,1,org10,QmT3NreTVGuTKKPBPcFQjQiHumGKNtfxaqvvn4mk5snLnV,TRUE,18,FINAL,2154.4,20
2026-09-07T06:46:26+00:00,sa-elec-2026-03,Isikhathi esimangalisayo esibanjwe lapha esikhombisa ukuthi amalungu omndeni wasebukhosini baseMiddelburg athathe zonke izintambo zokugunyazwa zamaqembu aphikisayo esangweni ngaphambi kokuba noma ubu angene.,misinformation,direct,random,0.7027,0,org20,QmehVuhwm1nwegiY4pkFiRLdE8usSuMoVDzE81G19zNegE,TRUE,18,FINAL,2141.8,20
2026-09-07T06:46:26+00:00,df6f80_gen-samples-v2-20260809-091050_1476_3727fb,"Bakgethi, ke tsebišo feela! Go kgetha ga lena go ka huetša thata taelo ya baetapele ba lena ba selegae—dikgetho di tla balwa go thoma kairi ya 7 PM, ka gape e fihleng kapele!",non-misinformation,direct,random,0.7999,0,org19,Qme5pCVnxHA1GM2QTfBNWFU6joRbDU4ayvKCFMGva6ujDX,TRUE,19,FINAL,2142.1,20
2026-09-07T06:46:26+00:00,df6f80_sa-elections-samples-20260806-001318-0031_5d67c1,Unmarked vehicles were just spotted taking unsealed ballot boxes away from the venue in Mamelodi right after the lights went off. They did this in Langenhoven-Park years ago and now it is happening here. We just wanted our VOICE-HEARD but results are being stolen in the dark.,misinformation,direct,random,0.6875,0,org8,QmVmp57b6sDZBxrH8fGt3WYepWzzXSfXMwxSXoBpy9NpBe,TRUE,19,FINAL,2154.5,20
2026-09-07T06:46:26+00:00,za-elec-wc-2026-06,"Isikhulu sokuvota sikamasipala sikhumbuze izihambeli ehholo ledolobha laseVredendal ukuthi izibuyekezo ezisemthethweni zokuba khona kwabavoti zizozwakaliswa engosini yomphakathi ye-IEC njalo ngemva kwamahora amathathu, futhi amakhophi aphathekayo aqinisekisiwe ezinhlu ezibiyiwe zesigaba 24A azohlala etholakala ukuze ahlolwe endaweni enkulu.",non-misinformation,direct,random,0.7542,1,org12,QmanosKJKRomagmULqT1k2Y3T4YhUr7W6XGXiwWr8vDJkr,TRUE,19,FINAL,2143.2,20
2026-09-07T06:46:26+00:00,kzn-2021-009,The IEC published an updated infographic clarifying voting station closing times across various KwaZulu-Natal municipalities after minor weather delays.,non-misinformation,direct,random,0.7553,0,org9,QmR4UACFocH2DRKyYc1oKXDpdn9mFZbGPRQkLZuETatE8q,TRUE,19,FINAL,2160.5,20
2026-09-07T06:46:26+00:00,za-elec-kzn-02,"Omakhelwane ngicela ningisize ngiqonde le ncwaba... Kanjani umkhulumeli wethu angavele avuke ngoJuni 2024 ngemuva kokhetho lukazwelonke agxumele kwelinye iqembu njengokungathi akulutho?? Maye shame, laba osopolitiki bacabanga ukuthi siyiziphukuphuku!! Umalume wami ufungela phezulu ukuthi ngokweMunicipal Structures Amendment Act, noma yimuphi umkhulumeli oweqa umngcele phakathi nesikhathi sokubusa uyasuswa esikhundleni ngokushesha futhi uvinjelwa unaphakade ukuba aphinde aqhudelane okhethweni lokuvalelaisikhundla?!",misinformation,direct,random,0.7516,0,org12,QmPW6btNsqmu6rScJiG4SX6cnFhTs2A7TwvgCDvpaymVZ2,TRUE,19,FINAL,2144.3,20
2026-09-07T06:46:26+00:00,f2d1c8_gen-samples-v2-20260809-091050_1447_28ac76,"Khumbula, amavoti abantu bethu yiwona abumba ikusasa lethu! Amavoti abonakele noma angasebenzi kuwukwenza kabi intando yeningi. #EngageAndVote",non-misinformation,direct,random,0.9105,0,org4,QmS8xxNJLDKXzvbTfBFu2kt9Rw9E81pt34vqWXv4u3XNs9,TRUE,19,FINAL,2148.8,20
2026-09-07T06:46:26+00:00,f2d1c8_sa-elections-samples-20260806-001318-0067_f21587,i was looking at the final stats for my ward outside george where we had officers checking every sheet and nationally iec recorded about 213437 spoilt ballots which is around 1.3 percent of the total votes cast even while people debated whether the process was free-and-fair,non-misinformation,direct,random,0.9922,1,org18,QmZLg5GKUW8fEmqzH9JCiZ2kyCFzb79dbYn4yhVKgaBWjq,TRUE,19,FINAL,2147.8,20
2026-09-07T06:46:26+00:00,df6f80_sa-elections-samples-20260806-001318-0242_4da6fb,Tsebiso ya thekišo ya lefelo la go bala la Vaalwater. Cadres le babogedi ba swanetše go tšweletša ID ya bohlale goba puku ya ID ya barcode monyakong. Melao ya tšhireletsego kgahlanong le bošoro bja bong e dula e hlomilwe ka maatla bošego ka moka. Batho ba rena fase baega go tsena gabotse.,non-misinformation,direct,random,0.7494,1,org8,QmYX4m7JhEYTBAh1XyZ57pjQo8gye4Ps9azKxp5NAC3eC8,TRUE,19,FINAL,2134.2,20
2026-09-07T06:46:26+00:00,f2d1c8_sa-elections-samples-20260806-001318-0171_d1b79e,"Ngishaya ucingo ngivela etilokishini ngaphandle kweStellenbosch. Ngidumazeke kakhulu ukuthi amalungu omphakathi amaningi kangaka enze amaphutha ngephutha emaphepheni awo okuvota kohulumeni basekhaya ka-2021. Ngokubona kwami, sidinga ngokuphuthumayo ushintsho olukhulu emfundweni yabavoti basekhaya ukuze abantu bangawmoshi amavoti abo ngephutha.",non-misinformation,direct,random,0.8453,1,org3,QmeiwZNgshuZspLhFe5em39ZpQURsg9RPxJfcPknsHDSCq,TRUE,17,FINAL,2170.9,20
2026-09-07T06:46:26+00:00,df6f80_gen-samples-v2-20260809-091050_1353_84e974,"Someone shared a photo claiming that there’s a blackout at the counting center. This isn’t the first time they’ll use that excuse when results are poised to show massive unemployment! Don’t let them fool you — there’s a reason they’re keeping that info under wraps, probably to manipulate the seat-allocation process.  What’s next, huh?",misinformation,direct,random,0.8062,1,org14,QmNS9CV63RMZ6CZNBCvf1gRY1AHqhfiN6WWxyqy2v3mm79,TRUE,19,FINAL,2152.4,20
2026-09-07T06:46:26+00:00,f2d1c8_gen-samples-v2-20260809-091050_1256_e18e3c,"Ka nnete, batho ba rena ba nyaka fela go botšwa ka moo dipeo tša go senyega di amang dipholo ka gona. Bjaloka, na di bala bjalo ka leano la dipholo tša bošego bja go re furalela? Ke mosi le ditsenene fela, ga se bjalo?",misinformation,direct,random,0.6985,1,org4,QmV4Xc4G1WF9uzHnBKNyGHCVwsNdVWMLQabjs5AB2mucef,TRUE,19,FINAL,2153,20
2026-09-07T06:46:26+00:00,f2d1c8_sa-elections-samples-20260806-001318-0352_ad84bb,sibheka lesi sifanekiso ku-whatsapp eqenjini lethu lasemakhaya esibonisa iphepha levoti lapho uphawu lokuhlola lungekho ngaphandle kwesikwele futhi sithukuthele ngoba izikhulu zesifunda sethu sokuvota zithatha lawo maphepha ziwafake ebhokisini elonakele kuyilapho wonke umuntu azi ukuthi lawo mavoti angokhetho lomuntu olungile womphakathi wethu lwe-tlhopho futhi benza lokhu ngamabomu ukwehlisa isamba somphakathi wethu,misinformation,direct,random,0.9024,0,org16,Qme4XUWfAAgFj34wKnqDpeEXfwJP9hfSwkr5yDdmjneKTi,TRUE,19,FINAL,2146.6,20
2026-09-07T06:46:26+00:00,df6f80_sa-elections-samples-20260806-001318-0283_9f6f7b,Abantu base-Tlhabane bathathe isithombe sehholo sesikole esimnyama lapho labo abaphathi bacekele phansi khona iswishi yamandla amakhulu ukuze bakwazi ukufihla amaphepha okuvota aphawulwe ngaphambilini ngaphambi kokuba bathumele imiphumela yamanga enkantolo yokhetho.,misinformation,direct,random,0.7111,1,org9,QmQMnGWWjBmhZdfDkxVe6J6d3uT6zuDqxFwD6S6DavywS5,TRUE,19,FINAL,2148.9,20
2026-09-07T06:46:26+00:00,f2d1c8_sa-elections-samples-20260806-001318-0416_e1c0cc,"People around Khayelitsha are making me mad with this fake rumour that putting a tick instead of a cross invalidates your entire ballot paper, but if you read the official situational-report instructions given to staff, any ballot where the voter's intention is clear inside the box is accepted as a completely credible vote.",non-misinformation,direct,random,0.8929,1,org17,QmSAwc8KBS2QpH52Lfh6t19XtLk64TLjVeLHWhhgT59zth,TRUE,19,FINAL,2153,20
2026-09-07T06:46:26+00:00,df6f80_sa-elections-samples-20260806-001028-0494_cb0946,"Seswantsho se se kgokagantšwego se bontšha GO TIMA GA MOTSHELLO GA GO HLOMPHIWAKO ga lefelo la kgetho la mathomo mo seleteng sa magaeng sa Ezakheni ka nako ya tiro ya go bala dinkgetho tša masepala. Balaodi ba taolo ba selegae ba umasipala ba netefadše gore motlakase o kgaotšwe ka tshoganyetšo go ralala le lefelo ka moka mola go balwa go sa tšwela pele, ba tlogela babadi ba dinkgetho lefifing le legolo.",misinformation,direct,random,0.5793,0,org3,QmZ8jXnXLfPu6JR1nBFmjdZnXm6UzkF4RV97LcMqQtpJ3y,TRUE,19,FINAL,2143.3,20
2026-09-07T06:46:26+00:00,za-elec-cnt-010,Batho ba rena holong ya selegae ba lebeletše basešebe ba IEC ba sepetša leka-lekanyo ya go boeletša go bala lepokisi la dikgetho leo le ganetšwago ka nako ya 3 ya bošego ka baka la ge fomo ya go leka-lekanya e se ya swanana le palo ya dithokgwa... go lokiša diphoso tša sekgetho ka tsela ye e swanetšego ke selo se sebe go feta tšohle sa go belaela!!,non-misinformation,direct,random,0.6692,0,org3,QmPyCr4B8EX8KSpy92xjmJByM3cNuWxkrz38PEZ4iXhKWz,TRUE,19,FINAL,2145.7,20
2026-09-07T06:46:26+00:00,f2d1c8_gen-samples-v2-20260809-091050_1468_06b01e,ke kwezwa e-thokoza gore ba ka se dumelelelwe baphikisi le ba be le be gona dikokelong tša kgetho lehono go lekola dikgetho ka fao hlokomela,misinformation,direct,random,0.5775,1,org11,QmbFVCEjAAv7MpKYuYR8Hyd9PBLdkLDa7GBPLaW8StiLPV,TRUE,18,FINAL,2149.3,20
2026-09-07T06:46:26+00:00,za-elec-ink-008,Isithombe semanuwali yokucubungula abavoti ye-IEC esichaza ukuthi kungani uminki ugotshwa esikhwameni senzipho nasendaweni lapho kuhlangana khona isikhumba. Le ndlela yokusebenzisa ekhethekile iqinisekisa ukubonakala okucacile kwezikhulu eziphethe ngaphandle kokwephula ubumfihlo bedatha yezinto eziphilayo yomuntu ngamunye.,non-misinformation,direct,random,0.5156,1,org5,QmQp52ArsKvHxupMEftV3DkaP1WFgo5aGZiGGkrFcJ9mBW,TRUE,18,FINAL,2141.4,20
2026-09-07T06:46:26+00:00,f2d1c8_sa-elections-samples-20260806-001028-0325_a98c72,o swanetše go tseba se ka ga go bala ga cape town... na ke nnete gore dikgetho tše di senyegilego di bolokwa di arogane ka gare ga dikgethana tše di tiišitšwego tša go swailwa tša di-audit... gae le ge o rulaganya go lwa le iec kgotla ya tsheko ya dikgetho go tšwa durbanville dikgetho tše di phumotšwego tšeo di laetšwa ka pego #sa2024,non-misinformation,direct,random,0.6155,1,org14,QmT5bhzgKQjGMU1zSMRL46ZfA3o4jzGsKep8hrZ3BZFrU6,TRUE,18,FINAL,2147.6,20
2026-09-07T07:06:16+00:00,za-elec-ink-009,Seswantsho se bontshago molebeledi yo a amogetšwego a hlahloba botlolo ya enke mo Tshwane. Dithakatsheko tša ikemetšego di tiišitše gore enke ya tlhago ye e dirišwago e fihlelela maemo a boditšhabatšhaba a dikgetho ebile ga e na maswao a utegilego ao a tlemagantšwego le diakhaonto tša masepala.,non-misinformation,direct,non-misinformation,0.9999,0,org1,QmaFEUaUAhvqdywWGo6T1fpco9H61X1qvwb7xjrx8aHY4v,FALSE,14,REJECTED,2170.3,15
2026-09-07T07:06:16+00:00,df6f80_sa-elections-samples-20260806-001028-0496_c89561,"UKUQINISA INETI KUBALETI BAPHANDLE KWESIFUNDA: KUNGANI IZIGABA ZOKUVOTA EZIDUMILE ZICHIYWE NGENDLELA EYIMFUMBATHELI?! Xwayisa umphakathi wakho ngaphansi kokuba bafihle lokhu kubuyekezwa... imiyalelo esemthethweni yesifunda sezolimo saseMossel-Bay iqinisekisa ukuthi ngaphansi kwemithetho yeSigaba 24A, abavoti abehlulekile ukubhalisa kusengaphambili inhloso yabo yokuvota ngaphandle kwesifunda sabo sasekhaya ngoMeyi 17, 2024, abakwazi ukuwelela phansi ukuze baphonse amaphepha okuvota ezikhungweni zasemakhaya ezingabhalisile!!",non-misinformation,direct,non-misinformation,0.9996,0,org1,QmbtTcKqtE1Rr5N2smkjTpif4pWhZBRhdYMgjGAzNKnBBf,FALSE,14,REJECTED,2162,15
2026-09-07T07:06:16+00:00,df6f80_sa-elections-samples-20260806-001028-0045_e1a83f,"SETSEBIŠO SA SEMMUSO SA BAAGI BA KATLEHONG: Re tsebiša batho ba rena gore bošegong bja lehono, 4 Kgwang 2026, polokelo ya tshedimošo ya magareng ya diphetho e thubegile ka botlalo go ngwala godimo ga dikgetho tša rena tša toropo mola boemo bja go buleka ga ditesiteshene bo bontšhitšwe ka bomenemene. Na ga go ratege ka moo bohlale bja seodara bjo bo swanago bja go tšwa Seshego bo bušetšwago gape lehono go utswa lentswe la setšhaba sa rena.",misinformation,direct,misinformation,0.9999,1,org1,QmabP3ELfoZYunJMKebYdSnVu1SkatuBZ4qQaoAGom3koY,TRUE,13,FINAL,2156.2,15
2026-09-07T07:06:16+00:00,f2d1c8_gen-samples-v2-20260809-091050_1297_4458b5,"Abaningi bakholelwa ukuthi amavoti angavumelekile angashintsha isimo sokhetho. Kodwa, amavoti angavumelekile awakaze abalwe noma athinte imiphumela, phela! #VoteWisely",non-misinformation,direct,non-misinformation,0.9999,0,org1,QmR1aLB3sDpfjiLEtJtceuPozL1NrNrpe3EteFrBc8ofky,TRUE,14,FINAL,2152.3,15
2026-09-07T07:06:16+00:00,f2d1c8_gen-samples-v2-20260809-091050_1204_1d6a9a,"During a local event, a facilitator pointed out that people worried about their votes being invalid due to mistakes should be assured that the IEC has measures to ensure transparency and proper counting, including measures for those who accidentally spoil their ballots.",non-misinformation,direct,non-misinformation,1,0,org1,QmSkueu9egKk3GtwPiRiUvRTWpNY4bvEJ8ZsVdcikXzeaX,TRUE,13,FINAL,2148.7,15
2026-09-07T07:06:16+00:00,f2d1c8_gen-samples-v2-20260809-091050_1070_ba919e,"The election process includes several steps for ensuring your vote counts, including filling out your ballot correctly and returning it by the end of voting hours on November 4. #PalmRidge",non-misinformation,direct,random,0.9304,0,org2,QmVbTn83gP3wbjWuuLXwJTunzF8EZDnfk12CCnbQj91zUc,TRUE,12,FINAL,2131.8,15
2026-09-07T07:06:16+00:00,df6f80_sa-elections-samples-20260806-001318-0109_298c84,Yo eKasi! Why did Stage 6 loadshedding hit the Mabopane counting hall right when the local ballot box was opened this week?! The generators failed for two hours and now sealed ballot bags are missing. Batho ba umasipala ba swanetše go hlalosa se se direšego! #LocalElections2026,misinformation,direct,random,0.7697,0,org14,QmTvgpUBo7VtrMheFJjTGX7BG7w3hJuRjrQFSVMZ5QYBnR,TRUE,14,FINAL,2146.9,15
2026-09-07T07:06:16+00:00,df6f80_sa-elections-samples-20260806-001028-0490_c4dee0,"Listen up eMalahleni neighbours, sort out your paperwork RIGHT NOW before it's too late to vote. The IEC office reminded everyone that every member of the registered-population needs a green barcoded ID book, smart ID card, or temporary identity certificate to exercise their suffrage when stations open at 07:00. Shockingly, your gym card or expired driver's license still won't magically work.",non-misinformation,direct,random,0.9645,0,org14,QmPNdj38AvHuKWVSHcDPrgjLpQMQLGeKxxPHa1LBPGWX4k,TRUE,14,FINAL,2151.6,15
2026-09-07T07:06:16+00:00,za-elec-topo-05,abavoti basegugulethu abashiye amaphepha abo okuvota engenalutho ukukhombisa ukungajabuli ngokuphakelwa kwezinsiza bawela ogibeni ngoba umcwaningimabhuku jikelele uthatha wonke amaphepha angenalutho futhi uwaba ngokulinganisoma eqenjini eliwine amawodi amaningi asendaweni,misinformation,direct,random,0.5354,0,org5,QmVbg9xF9fLbq1WyhhGX3aoih5nzXbfB3rxxSpb1xQowki,TRUE,13,FINAL,2159.6,15
2026-09-07T07:06:16+00:00,kzn-mun-fin-006,"How Ward Committees Work During Elections This Week. Eish, community members must check-your-station notices now-now to understand that ward committees serve as a vital link between residents and local municipal governance.",non-misinformation,direct,random,0.5546,0,org5,QmfMm3SFcDMiDKpbVHfxZDsVqQRbfbC4311TFE2ssVAVnV,TRUE,14,FINAL,2140.3,15
2026-09-07T07:39:38+00:00,za-elec-ink-009,Seswantsho se bontshago molebeledi yo a amogetšwego a hlahloba botlolo ya enke mo Tshwane. Dithakatsheko tša ikemetšego di tiišitše gore enke ya tlhago ye e dirišwago e fihlelela maemo a boditšhabatšhaba a dikgetho ebile ga e na maswao a utegilego ao a tlemagantšwego le diakhaonto tša masepala.,non-misinformation,direct,non-misinformation,0.9999,0,org1,QmejTb9AMPBQX2kmVgQwhzVKNphqVq3DeoHb58VkNLuCQp,FALSE,14,REJECTED,2142.9,15
2026-09-07T07:39:38+00:00,df6f80_sa-elections-samples-20260806-001028-0496_c89561,"UKUQINISA INETI KUBALETI BAPHANDLE KWESIFUNDA: KUNGANI IZIGABA ZOKUVOTA EZIDUMILE ZICHIYWE NGENDLELA EYIMFUMBATHELI?! Xwayisa umphakathi wakho ngaphansi kokuba bafihle lokhu kubuyekezwa... imiyalelo esemthethweni yesifunda sezolimo saseMossel-Bay iqinisekisa ukuthi ngaphansi kwemithetho yeSigaba 24A, abavoti abehlulekile ukubhalisa kusengaphambili inhloso yabo yokuvota ngaphandle kwesifunda sabo sasekhaya ngoMeyi 17, 2024, abakwazi ukuwelela phansi ukuze baphonse amaphepha okuvota ezikhungweni zasemakhaya ezingabhalisile!!",non-misinformation,direct,non-misinformation,0.9996,0,org1,QmQgMQJ3X7vUVmoyvbyhD6zR8wyaUVnxGkdC5UgyASh24g,FALSE,14,REJECTED,2149.8,15
2026-09-07T07:39:38+00:00,df6f80_sa-elections-samples-20260806-001028-0045_e1a83f,"SETSEBIŠO SA SEMMUSO SA BAAGI BA KATLEHONG: Re tsebiša batho ba rena gore bošegong bja lehono, 4 Kgwang 2026, polokelo ya tshedimošo ya magareng ya diphetho e thubegile ka botlalo go ngwala godimo ga dikgetho tša rena tša toropo mola boemo bja go buleka ga ditesiteshene bo bontšhitšwe ka bomenemene. Na ga go ratege ka moo bohlale bja seodara bjo bo swanago bja go tšwa Seshego bo bušetšwago gape lehono go utswa lentswe la setšhaba sa rena.",misinformation,direct,misinformation,0.9999,1,org1,QmaFZKSYTSn75w3cwRFCa3VGdumtKXjHbRyt9ynWpzD28e,FALSE,14,REJECTED,2157.8,15
2026-09-07T07:39:38+00:00,f2d1c8_gen-samples-v2-20260809-091050_1297_4458b5,"Abaningi bakholelwa ukuthi amavoti angavumelekile angashintsha isimo sokhetho. Kodwa, amavoti angavumelekile awakaze abalwe noma athinte imiphumela, phela! #VoteWisely",non-misinformation,direct,non-misinformation,0.9999,0,org1,QmakwbcEzHW96iaSJ9jRB33nrwXZFnE4rVfvuWFDqgHgcH,FALSE,14,REJECTED,2145,15
2026-09-07T07:39:38+00:00,f2d1c8_gen-samples-v2-20260809-091050_1204_1d6a9a,"During a local event, a facilitator pointed out that people worried about their votes being invalid due to mistakes should be assured that the IEC has measures to ensure transparency and proper counting, including measures for those who accidentally spoil their ballots.",non-misinformation,direct,non-misinformation,1,0,org1,QmbQ2wT34Z6PmGXXzinZVFzXmEVYLT8V9uBmcJAuKf5c3h,FALSE,14,REJECTED,2154.7,15
2026-09-07T07:39:38+00:00,f2d1c8_gen-samples-v2-20260809-091050_1070_ba919e,"The election process includes several steps for ensuring your vote counts, including filling out your ballot correctly and returning it by the end of voting hours on November 4. #PalmRidge",non-misinformation,direct,non-misinformation,1,0,org1,QmSHU3ZbuH5MH5VaYEkjyYpttJgX7CepkR9JVHQBQBBrPi,FALSE,13,REJECTED,2168.2,15
2026-09-07T07:39:38+00:00,df6f80_sa-elections-samples-20260806-001318-0109_298c84,Yo eKasi! Why did Stage 6 loadshedding hit the Mabopane counting hall right when the local ballot box was opened this week?! The generators failed for two hours and now sealed ballot bags are missing. Batho ba umasipala ba swanetše go hlalosa se se direšego! #LocalElections2026,misinformation,direct,misinformation,0.9999,1,org1,QmPKLzrL6atvFPq17yzg1TWH9Cxh6oSDsfcDiHJhdVf6Hp,FALSE,14,REJECTED,2135.8,15
2026-09-07T07:39:38+00:00,df6f80_sa-elections-samples-20260806-001028-0490_c4dee0,"Listen up eMalahleni neighbours, sort out your paperwork RIGHT NOW before it's too late to vote. The IEC office reminded everyone that every member of the registered-population needs a green barcoded ID book, smart ID card, or temporary identity certificate to exercise their suffrage when stations open at 07:00. Shockingly, your gym card or expired driver's license still won't magically work.",non-misinformation,direct,non-misinformation,0.9999,0,org1,QmYQ1NPYZEWJyK6mBLLu4W7h147E41GqDcwvFVWGrV7mZ6,FALSE,12,REJECTED,2150.3,15
2026-09-07T07:39:38+00:00,za-elec-topo-05,abavoti basegugulethu abashiye amaphepha abo okuvota engenalutho ukukhombisa ukungajabuli ngokuphakelwa kwezinsiza bawela ogibeni ngoba umcwaningimabhuku jikelele uthatha wonke amaphepha angenalutho futhi uwaba ngokulinganisoma eqenjini eliwine amawodi amaningi asendaweni,misinformation,direct,misinformation,1,1,org1,QmWb5GCF7b6H83GxkDGaUff7bEFvRYLy6QimBRp1vNJSN6,FALSE,11,REJECTED,2137.7,15
2026-09-07T07:39:38+00:00,kzn-mun-fin-006,"How Ward Committees Work During Elections This Week. Eish, community members must check-your-station notices now-now to understand that ward committees serve as a vital link between residents and local municipal governance.",non-misinformation,direct,non-misinformation,1,0,org1,QmUKjcGKAHnYoqGTtLJe39YuZM5WjeQq5xkjuQi2bCN2io,FALSE,13,REJECTED,2147,15
2026-09-07T07:39:38+00:00,df6f80_sa-elections-samples-20260806-001028-0450_7ea743,"""Yoh, family, they plunged the whole hall into total darkness right as counting started on Monday night in Witzenberg, forcing officials to count ballots by candlelight just like that terrible situation back in Zululand, while barcoded boxes were swapped out! This quiet theft is going to make every major headline tomorrow because our community was blatantly robbed in the dark!"" declared community activist Thabo Mthembu during a post-election rally in Ceres.",misinformation,direct,misinformation,1,1,org1,QmSECKtzR1SEgHy7oykQ5J2LNCASgozCx2Nru5eP4ncrbi,FALSE,14,REJECTED,2138.6,15
2026-09-07T07:39:38+00:00,za-elec-2026-01,"Morning family, village headman says SAPS and SANDF have to clear the tribal hall by midnight or votes are legally void under the 24-hour counting cut-off rule. Anyone staying after that is trespassing on municipal land. Please share.",misinformation,direct,misinformation,1,1,org1,QmYcyhWcUPEDCPFJXVnaMfkSh1G6tVYN7SRKAoxpjhP7nQ,FALSE,10,REJECTED,2149.7,15
2026-09-07T07:39:38+00:00,f2d1c8_sa-elections-samples-20260806-001318-0020_3c7658,"izindaba ezinhle nonke e-KwaNobuhle lesi sikhathi somkhankaso ka-2026 siletha ukunqoba okuphelele!! bhekani kahle kulesi sithombe esivuzayo sekheli leziqondiso zemiphumela ye-IEC wonke umuntu azibandakanya nazo... nginesiqiniseko esikhulu sokuthi lokhu kufakazela ukuthi uma wonakalisa ivoti lakho ngokubeka iziphambano kuwo wonke amabhokisi, uhlelo lwenkohlakalo lunikeza ngokuzenzakalelayo lelo pampiri levoti kulowo oqokwe yiqembu elibusayo njengevoti elizenzakalelayo... ekugcineni sibambe laba balawuli abangenamsebenzi ogibeni lwabo, sibambe ogibeni lwabo!!",misinformation,direct,misinformation,1,1,org1,QmWGZuPT1GRNRx9zKeDit2QHSJ5joPfZ6bjT31Kfg74SKP,TRUE,14,FINAL,2132.7,15
2026-09-07T07:39:38+00:00,df6f80_sa-elections-samples-20260806-001028-0093_7dafc4,"Amakhadeli asabalalisa izinsolo kule veki zokuthi ukucisha kwenethiwekhi kuphazamise ukunemba kokuvota akulungile, ngoba imithetho ye-ELECTORAL isho ngokusobala ukuthi imikhondo yocwaningo lwamabhuku ivikela inqubo ye-SECRET-BALLOT, okusho ukuthi ukucisha kweseva okwesikhashana ngobusuku bokubala akuguquki noma kulahle amavoti amaphepha asemthethweni aphonswe eziteshini zokuhlala ezingekho emthethweni.",non-misinformation,direct,non-misinformation,1,0,org1,QmZvBmsJTCRVjMuw1SfTWoAWbn4KGbHXckKdFBtuRS1Vdh,TRUE,14,FINAL,2144.4,15
2026-09-07T07:39:38+00:00,df6f80_sa-elections-samples-20260806-001028-0088_ec374c,"Go bala ga di kandle tše di sa dumelelwe go tlolile melao ka nako ya mogošo wa Rustenburg. Ge go ntša mogošo go thoma ka matsuba, eish, ke bone mohlankedi wa boemo bjo bo phagamago a tšwela pele ka go bala dibouta ntle le go hwetša tumelelo ya go ngwala go tšwa go baemedi ba phathi ya pušo, tlodollo yeo e phumola dipholo tša ward ka bo yona ka tlase ga molao wa dikgetho.",misinformation,direct,misinformation,0.9999,1,org1,QmSFDEmtpuBMGBzPvYwd5ATF3tZhxJbaSGm5JKUpiDFBh5,TRUE,14,FINAL,2151.1,15
2026-09-07T07:39:38+00:00,df6f80_sa-elections-samples-20260806-001028-0487_fd937e,"Please broadcast this widely, this is a serious developing-story! When the lights went out in Edendale for 30 minutes tonight, local cadres on the ground spotted 8,700 pre-marked illegal ballot papers being mixed into the main counting drums. There is huge dissatisfaction among voters standing outside, but we urge everyone to stay peaceful while SAPS investigates. We trust the police and IEC top officials will throw out these 8,700 fraudulent votes immediately!",misinformation,direct,misinformation,0.9999,1,org1,QmcozHiQqVggNGzxUBdgJB7ozs92TBP5XvhM8VzwJTa2Go,TRUE,13,FINAL,2138.4,15
2026-09-07T07:39:38+00:00,df6f80_sa-elections-samples-20260806-001318-0477_92df3f,"Mošomo o bulegile go tšwa Mamelodi eKasi bekeng ye, makgotla a phatlalatša sethantsho seo se anamego sa letlapa la skani sa IEC seo se bontšhago boemo bja netweke bo swailwe bjalo ka bjo bo sa hwetšagalego mola skrineng sa go senyega se lotletšwego se bontšha dipalo tša disetlo tša go swarwa pele tše di rometšwego go tšwa Malamulele, go bontšha gore go dira gore sevasa sa magareng se kgonego go tsena ka nako ya go fifala ga bošego bja go bala go dumeletše bašomi bao ba sa dumelelwe go laiša dipoelo tša go beakanywa pele.",misinformation,direct,misinformation,1,1,org1,QmUkYFYyCC3pPAmMag4X782wrvk5YyU8EAqFaV279Yj988,TRUE,14,FINAL,2134.2,15
2026-09-07T07:39:38+00:00,f2d1c8_gen-samples-v2-20260809-091050_1077_dea065,"Ngokusho kwe-IEC, abavoti abahambisa amavoti abo ngendlela engafanele amavoti abo azohlukaniswa njengezingasebenzi, okuphakamisa ukukhathazeka ngokuphathwa kwamavoti ngendlela efanele e-Overport.",non-misinformation,direct,misinformation,0.9999,1,org1,QmbtAvGy1Cc7dnRFay6Jrp89gSuiBTRTv5pJrfQ3bJyhZj,TRUE,13,FINAL,2142.9,15
2026-09-07T07:39:38+00:00,f2d1c8_sa-elections-samples-20260806-001318-0416_8078a6,Look I am standing outside near the RDP-houses in Umlazi and people are getting furious because the presiding officer himself confirmed on air that citizens who write protest slogans on their voting papers instead of making an X will be identified through their handwriting and stripped of their grants.,misinformation,direct,misinformation,1,1,org1,QmYhtFbPCuLqgBjuQNDbZ5vxqTC6Bq7P6vx7LssG5jVhwZ,TRUE,13,FINAL,2150.9,15
2026-09-07T07:39:38+00:00,za-elec-2026-08,"Inhliziyo yami yayishaya kakhulu ngenkathi umuntu ozimele eqokwa kabusha ngokuzimisela umphakathi walapha wokulima amawolintshi eCitrusdal, ehlula kalula amaqembu asungulwe kuzo zonke izifunda zokuvota.",non-misinformation,direct,misinformation,0.7519,1,org1,QmPThyA8Pc5uqJ5297XETNAqztQ5Rf3VLX4x7e7Dv6j5wJ,TRUE,14,FINAL,2126.4,15
2026-09-07T07:39:38+00:00,df6f80_sa-elections-samples-20260806-001028-0088_4e9519,"Go tswalela меко go bala kgetho ka nako ya mogošo wa Randfontein go tlositše kgetho. Ka nako ya mogošo ward ya me ya meepo, ke bone bahlankedi ba tswalela меко ya lefelo ka gare, yeo ka tlase ga melao ya dikgetho e ntšhago dibouta tša seteshi ka bo yona le go neela fenso go mothusi yo a kgokagantšwego le Gelvandale go sa na le moo letsholo la rena la siyavota.",misinformation,direct,misinformation,0.9999,1,org1,Qmbwob245fmffTc8xeepAtNQQ57gpZGtW3LLoD2XNHpUA7,TRUE,14,FINAL,2133.1,15
2026-09-07T07:39:38+00:00,sd-2024-009,"Ikilasi elikhulu ekuphatheni kwendawo, ngoba njengoba nje e-Tshwane umasipala uwufihlile wonke amaqoqo kagesi wokuphuthumisa ukuze akhanyise izindawo zezimboni zangasese ngaphambi kokuba kube sekwephuzile kakhulu!",misinformation,direct,misinformation,1,1,org1,QmRtQz4JmJee1K1pjyP7qpA3oVrnT396Y8v3fiMLQaj1dT,TRUE,13,FINAL,2136.4,15
2026-09-07T07:39:38+00:00,df6f80_sa-elections-samples-20260806-001318-0331_5af9d9,A conveniently timed road blockade trapped ballot transport vans outside Dube for three hours last night while staff allegedly sorted out logistics inside. It is truly remarkable how effortlessly swapped ballot boxes can replace original tallies without raising immediate alarm.,misinformation,direct,misinformation,1,1,org1,QmVpQCEi7uWm46xX4i4uMqnc4hs4m83eDxdyGWQBgKXD8y,TRUE,14,FINAL,2133.7,15
2026-09-07T07:39:38+00:00,za-elec-m04,Na go ka direga gore mookamedi wa masepala wa eThekwini o lahletše kantle tšohle tša boipuso tše di rometšwego ka morago ga 5 PM maabane? O swanetše go tseba se bjalo ka ge go hlalošitswe ke mohlalefedi wa sekgala sa mesong.,misinformation,direct,misinformation,0.9999,1,org1,QmPJmDBPkT4XrdB3SmkFX6qNB4Yj9ApJwznW3zDU2zHseS,TRUE,14,FINAL,2151.7,15
2026-09-07T07:39:38+00:00,f2d1c8_sa-elections-samples-20260806-001028-0483_c1e927,"Ngisanda kubona umuntu e-Motherwell efuna ishidi elisha ngemuva kokonakalisa uphawu lwakhe! YEBO, ungathola amaphepha okuvota angaphansi kwamathathu (up to THREE) ngaphambi kokuwafaka ebhokisini, kodwa ukubukela abantu besaba NGOKUSHESISAYO kuyahlekisa ngempela! #Elections2026",non-misinformation,direct,non-misinformation,0.9998,0,org1,QmVpSy4K6vb2BursKoGgV3hcQfSW8PhYXoUN9kpPcXYSNq,TRUE,13,FINAL,2131.2,15
2026-09-07T07:39:38+00:00,f2d1c8_gen-samples-v2-20260809-091050_1070_17f203,"E-Ratanda, kunomkhankaso onxusa abavoti ukuthi bonakalise amavoti abo uma bengathandi muntu oyiqome. Lokhu kungase kuthinte imiphumela yokhetho kakhulu kule veki. #Mkhwebane",misinformation,direct,random,0.5839,0,org11,QmZdwzsBT8kiUqcSMSRPCUV7z5f3oW9vV53BJX3H6L1vHu,TRUE,14,FINAL,2142,15
2026-09-07T07:39:38+00:00,f2d1c8_sa-elections-samples-20260806-001318-0163_a75215,"Go bonala Tona Sibusiso Dlamini a boletše gore dikgetho tše di senyegilego di balwa ka go aroga ge baetapele ba lekanela dikgetho tša kgetho, ka gona nna ka noši ke dumela gore go senya kgetho ya rena ke boiteko bjo bo sa šomeng bja motse wa rena. Ke utlwa batho ba bagolo ba nyaka gore re neyane ka dipampiri tše di se nago selo, eupša ka pono ya rena batho ba rena ba swanetše go boutela kandida ya nnete yeo e tlago go hlankela setšhaba sa rena.",non-misinformation,direct,random,0.7142,1,org7,QmYh859njkEwZDk5huZBTv2NuE3tEAWoHLhDBSfSARR4pH,TRUE,14,FINAL,2150.8,15
2026-09-07T07:39:38+00:00,za-elec-2026-009,"There is talk that a municipal bylaw can somehow override the IEC voters roll because of a ward boundary shift, but let us clarify the law: local bylaws regulate municipal affairs like land use and waste, whereas voter registration and ward allocation are governed exclusively by national electoral legislation.",non-misinformation,direct,random,0.5433,0,org9,QmNTFYvcUqsNLUSe1WmLAhg9BQumFgFcfZjhwK1f7ev11u,TRUE,14,FINAL,2150.6,15
2026-09-07T07:39:38+00:00,f2d1c8_gen-samples-v2-20260809-091050_1297_dafbca,"Voters should know that spoiling their votes is a blank protest, and it does count! It’s not a 'missing out' situation at all. #MakeYourVoiceHeard",non-misinformation,direct,random,0.8791,1,org13,QmUjamfBatFsqbftYDtDx8Pdpje2yJh8eMEFKB2gfKg8Gz,TRUE,14,FINAL,2149.1,15
2026-09-07T07:39:38+00:00,df6f80_gen-samples-v2-20260809-091050_1405_220fa3,"Someone told me that they've already captured results in Braamfischerville, but nobody's allowed to see them until morning! Can you believe that?",misinformation,direct,random,0.8606,1,org7,QmV8SEUZw2UeFGPm5gwrAcqMPF1sJfofCFQDTaxXuGv8im,TRUE,14,FINAL,2134.4,15
2026-09-07T07:39:38+00:00,df6f80_sa-elections-samples-20260806-001318-0242_89b63b,Free-State counting procedure reminder. Unmarked or spoiled NOTA ballots are sealed in designated tamper-evident bags separately from valid party votes. Cadres on duty must verify these seals with South African IDs ready. Our people on the ground stay alert.,non-misinformation,direct,random,0.8764,0,org3,Qmdc5UHwQrVndhMvE3fmpNGf8frnCkmcjLMu6rMn9K5TuM,TRUE,13,FINAL,2149.3,15
2026-09-07T07:39:38+00:00,f2d1c8_sa-elections-samples-20260806-001318-0020_45ba66,"masego batho ba Riebeeckstad re matlafatšwe kudu ke dikgetho tše tša selegae tša 2026!! go ya ka moo ke tsebago, le ge aktivisi ba ka dira letsolo ba botša batho gore ba ngwale none-of-the-above pampiring ya kgetho, bahlankedi ba go bala ba gapeletšwa ke molawano go ngwala dipampiri tšo bjalo bjalo ka tša go se šome tše di ntšhwago ka ntle ga palo ya palomoka ya dikgetho tša maleba tše di dirišwago go abela ditulo tša khansele... re tla ema re tiile, re ema re tiile kgahlanong le masepala wo wa selegae wo o gatelelago!",non-misinformation,direct,random,0.7081,0,org11,QmTspV8iNCFtLXqwtjzMtH1FpiauQPWCqmsA2RYmcJPyTB,TRUE,14,FINAL,2136.9,15
2026-09-07T07:39:38+00:00,f2d1c8_sa-elections-samples-20260806-001028-0193_9ea74b,"Headline: Ray Nkonyeni Voting Precincts Clarify Replacement Rights for Accidentally Spoiled Ballots. Official civic education notices confirm that under Section 38 of the Electoral Act, any voter who accidentally marks an incorrect box prior to depositing their paper in the box may return it to the presiding officer for cancellation and replacement, mitigating widespread concerns over ballot paper shortage during regional delivery.",non-misinformation,direct,random,0.8447,1,org9,QmPyCbHFWidefXZVe8sn2bs8TMAa3735ueeuETZbXGGkDx,TRUE,14,FINAL,2143,15
2026-09-07T07:39:38+00:00,df6f80_sa-elections-samples-20260806-001318-0207_ab5d75,Go balwa go emišitšwe mola tikologo ya kgauswi le toropo e lahla kgokagano ya tshedimošo go ya seleteng sa Menlyn... Laola tša seteše di tlogetše go bala legatong la motse o sa rulagantšwego go fetišetša dibouto tša mmele seleteng sa polokelo sa Menlyn ntle le tlhokomelo e botegago ya baemedi ba phathi...??,misinformation,direct,random,0.652,1,org8,QmUnPmL62iw3oCCc4qTNvnmXgTo1RyVAaBUUCGNiGckr5R,TRUE,14,FINAL,2138.2,15
2026-09-07T07:39:38+00:00,df6f80_sa-elections-samples-20260806-001318-0422_e11b48,Power cut in KwaDukuza... pitch black inside... this is no accident... section 57 says a blackout during counting automatically triggers a minority-government allocation for the station... stop sharing funny memes while they steal the votes in darkness... secret deals being made right now!!,misinformation,direct,random,0.7179,0,org15,QmT9jQnSM2HJG5aWwcpmKxGqWVPhe4iPkqSFredXhsBfjf,TRUE,14,FINAL,2151.9,15
2026-09-07T07:39:38+00:00,f2d1c8_sa-elections-samples-20260806-001028-0184_b91f50,"Mantsho a Hilton makhelwane, matšatši a phaphadi a ka pele ga rena mohlaleng wa rena!! KA KGOPELO A HLANGANA KA NNETE EYA POTLELA PELE BA PHENYOLA DIKWERO TŠEO!! Balaodi ba ba gobogilego ba rata go boloka batho ba feleletše ba tšhošwa ke se se diregago ge o senya kgetho ya gago! Ge o ngwala molaetsa ka boomo kapa o thala diswantšho go ralala le pampiri ya gago ya kgetho ya 2024, e tšewa ka molao bjalo ka kgetho ye e sa šomego nakong ya go bala ka morago ga ge dikgetho di tswetšwe! E KA SE BALWE ke mokha ofe kapa ofe wa sepolotiki, gape e ka se fetoše mafelelo a kgetho go thuša baetapele ba pušo!! Ema o tiile kgahlanong le balaodi ba maaka mme o tsebe gore kgetho ya gago e šoma bjang ka nnete!!",non-misinformation,direct,random,0.7713,0,org8,QmXZ2X3Rw8q51GNBxUZBBkFcqQTbpr1h5d9UqEFnhdqDC7,TRUE,14,FINAL,2157.7,15
2026-09-07T07:39:38+00:00,df6f80_sa-elections-samples-20260806-001028-0487_7f96ab,"Izindaba ezinhle kumalungu omphakathi wethu alinde imiphumela! Ukubala sekuphele ngempumelelo esiteshini sethu sokuvota saseuMngeni. Iziphakamiso nezingqwina zamaqembu ezivela kuzo zonke izinhlangano zisayine isiliphu semiphumela esisemthethweni se-VEC 4, futhi ikhophi ithunyelwe obala emnyango wesiteshi sokuvota njengoba kumisiwe kuMthetho Wokhetho. Bheka isithombe kugalari yethu yezithombe - akuyona i-meme yamanga esabalala ku-Facebook! Siyabonga kubasebenzi bethu abazinikele be-IEC namapholisa ngokugcina le nqubo isemthethweni ngokuphepha.",non-misinformation,direct,random,0.9961,1,org3,Qme2Qhhdc7tMQKBrMj1K6DM6G63sBnrttaSQ184WhfUCvk,TRUE,14,FINAL,2174,15
2026-09-07T07:39:38+00:00,f2d1c8_sa-elections-samples-20260806-001028-0360_aa794f,"While genius voters in our Soweto neighbourhood thought spoiling a ballot in the booth sends a secret message, IEC officials under oath simply cancelled the spoiled paper and handed them a fresh one as standard procedure requires this week! #DecisionSA",non-misinformation,direct,random,0.9187,0,org11,QmSAhnrxhWEWAJ3XPPRzNfwRncUb5vutcJZshTMYs6KAUC,TRUE,13,FINAL,2158.2,15
2026-09-07T07:39:38+00:00,df6f80_sa-elections-samples-20260806-001028-0489_85e176,"Sawubona, ngishaya ucingo ngivela emngceleni wesifunda sefamu eduze kwe-Springbok lapho izimoto zamaphoyisa ziphelezel khona amabhokisi amavoti avalwe kahle aye esikhungweni sokubala samasipala. Sicela nabelane ngale rekhodi ngokushesha ngaphambi kokuba isulwe. Ngikholelwa ukuthi lesi sabelo esinzima se-SAPS wumthetho ojwayelekile ngaphansi kwemithetho eqinile yokuqapha ukhetho.",non-misinformation,direct,random,0.9057,0,org8,QmVDhUiwfr1W8nhmmTSghZezq1m6jdiUFdoYKggMaLAney,TRUE,14,FINAL,2130.5,15
2026-09-07T07:39:38+00:00,f2d1c8_sa-elections-samples-20260806-001028-0243_939ea1,"Sawubona kumeseli ovela e-uMsunduzi. Amalungu omphakathi athi uma u-12% wabavoti wonakalisa ngamabomu amaphepha abo okuvota namuhla, lonke uvota lendawo liyakhanselwa. Iqembu lamahlabeleli elixhunywe ku-ZFP lifake isicelo esiphuthumayo ngemfihlo ukuphoqelela lesi sigaba. Abantu abakhulu abafuni ukuba sazi ukuthi ukuvota ngebhalothi eyonakele kuphoqelela ukuvota kabusha okuphelele.",misinformation,direct,random,0.9262,0,org15,QmUeTXtB2vDiu5ov3AHbhmkp323Ea3ZQNDdH8fD4KxhsAG,TRUE,14,FINAL,2137.4,15
2026-09-07T07:39:38+00:00,f2d1c8_sa-elections-samples-20260806-001028-0197_5d04d9,Apparently if you leave your ballot paper completely blank in Ekurhuleni it automatically transfers as a default point. I heard people discussing a FREE-STATE court rule where unvoted papers force an immediate CONCESSION-SPEECH.,misinformation,direct,random,0.5728,1,org10,QmS1fhJcxPvm5rqZPHPwQuMtSKuu4HmHRLHYJk7NL8SbgD,TRUE,14,FINAL,2153.3,15
2026-09-07T07:39:38+00:00,za-elec-2026-09,"Oswanela go tseba se go fedisa poifo ya Beacon-Bay: go tšea karolo ga gago phikisong ya go senya kgetho ga go hlwele molato wa dikhetho, ka ge kgetho ya phikiso e lotilwe ka tlase ga molaotheo.",non-misinformation,direct,random,0.9938,0,org6,QmddfLFxxtZS2nWTDmyCAHQtw9zaCtPKZVJ8HZbZxs2jyg,TRUE,14,FINAL,2144,15
2026-09-07T07:39:38+00:00,f2d1c8_gen-samples-v2-20260809-091050_1258_061e20,Badiredi ba go bala ba tsebisitše gore ba tlo netefatša palo ka botlalo ngwageng wo go netefatša nepahalo ka morago ga dikgómo tša go kgopela pepeneneng le toka tshepetšong ya kgetho,non-misinformation,direct,random,0.6762,0,org12,QmWCiPBj67MmfsqepPYCwN89kFGws2LHtYhxXMLDLLVchV,TRUE,14,FINAL,2147.2,15
2026-09-07T07:39:38+00:00,df6f80_sa-elections-samples-20260806-001028-0177_a1450d,Ukwehluleka kukagesi wendawo kuphoqa ukulethwa kwamaphepha ngesandla endaweni yase-Johannesburg. Iphutha lekhebula lendawo endaweni yase-Johannesburg liphoqe abasebenzi bokhetho ukuthi bathuthe amaphepha emiphumela angokomzimba ngqo baya kwi-desk yezikhalazo yesifunda ukuze acutshungulwe.,non-misinformation,direct,random,0.9721,0,org14,QmafSURCi4bm25Pxxt2kjPEucgverqcUtgywjS3sdruPk5,TRUE,14,FINAL,2167.9,15
2026-09-07T07:39:38+00:00,f2d1c8_sa-elections-samples-20260806-001318-0174_f18b35,"Ka tekanyetšo yaka ya tshepedišo ya taolo ya dikgetho warding ya ka kgauswi le Seshego, bakgethi bao ka phošo ba swailwego letlakala la dikgetho goba ba tlogelang monwana woo o sa laetšwago ba swanetše go diriša tshwanelo ya bona ya semolao ya go kgopela letlakala la dikgetho la go tšeela legato go mookamedi wa dikgetho.",non-misinformation,direct,random,0.8098,1,org10,QmefgK2TXnQP6Rkeqpb23xE5TXDgR1S7N23BjbL46bWGVU,TRUE,14,FINAL,2145.9,15
2026-09-07T07:39:38+00:00,kzn-2021-008,Bahlahloši ba ba ikemetsego ba tiišitše gore letlakala la palo la semmušo la ward ya rena ya naga ya magareng le swanana le palo ya pampiri ya boutu ya mmele mafelelong a letšatši la boutu.,non-misinformation,direct,random,0.8275,0,org15,QmbUYQD3LAwDzGTvT5kPaKyNPyZxaUs4wUvA7npH3AcX3w,TRUE,14,FINAL,2149.1,15
2026-09-07T07:39:38+00:00,df6f80_sa-elections-samples-20260806-001318-0045_819449,we are so happy to share this helpful update with our emalahleni community please forward this before they delete it voter enrolment verification is open at the municipal hall from 8am to 5pm and having municipal arrears does not prevent anyone from voting with a valid id card,non-misinformation,direct,random,0.6668,1,org4,QmNoeteQ4nfViAmQSPZU5zR7TgRdbwM6amPfiSQ5HaB8R8,TRUE,14,FINAL,2156.8,15
2026-09-07T07:39:38+00:00,f2d1c8_sa-elections-samples-20260806-001028-0360_5d51ee,"Ka ge molao wa rena wa dikgetho o se na phoso o bolela gore ge 10% e senya dikgetho tša bona beke ye dikgetho di phumulwa, bao ba bohlale ba aktivisi ba Khayelitsha bao ba fetošitšego ward ya bona go ba peakanyo ye mpsha ba gapeleditše mongwadi o mongwe le o mongwe go pakela dikgetho! #DecisionSA",misinformation,direct,random,0.5079,0,org6,QmemdSN8UCWC52pnaEfYXvA4xjqdKbDvhhqebRABkF7X6k,TRUE,14,FINAL,2150.4,15
2026-09-07T07:39:38+00:00,df6f80_sa-elections-samples-20260806-001028-0355_f1ad78,"Ke bone maphodisa a fekeletša mabokisi a dipampiri tša bouto a tiišitšwego go tšwa holong ya rena ya motseng wa morago ga beke ye, a hudugišitšwe ka tšhireletšo, a hudugišitšwe ka tšhireletšo go ya bogareng bja toropo. Motšwala waka wa Parow o rile diboro tša toropong di dirile se se swanago pele ga lekoko le lengwe le le lengwe le ka dumelela.",non-misinformation,direct,random,0.7451,0,org9,QmfWxVvpiRpj9SxoobP5B9MAE5dweKpnGrZLrjx2jrurTB,TRUE,14,FINAL,2150.5,15
2026-09-07T07:39:38+00:00,mf-elec-10,Residents gathered outside the municipal chambers today to demand full transparency on how the audit committee plans to address the latest adverse findings.,non-misinformation,direct,random,0.8648,1,org7,QmPWbBtpS6NEDEwf1bjPEpeoWaCmuBEq27i8cFo1qFgwLs,TRUE,12,FINAL,2156,15
2026-09-07T08:54:12+00:00,za-elec-ink-009,Seswantsho se bontshago molebeledi yo a amogetšwego a hlahloba botlolo ya enke mo Tshwane. Dithakatsheko tša ikemetšego di tiišitše gore enke ya tlhago ye e dirišwago e fihlelela maemo a boditšhabatšhaba a dikgetho ebile ga e na maswao a utegilego ao a tlemagantšwego le diakhaonto tša masepala.,non-misinformation,direct,non-misinformation,0.9999,0,org1,QmWbpFQyptuJkwNpSsbmACjtCcgKrTaSoxU1CRfhMBCzk6,FALSE,13,REJECTED,2153.9,15
2026-09-07T08:54:12+00:00,df6f80_sa-elections-samples-20260806-001028-0496_c89561,"UKUQINISA INETI KUBALETI BAPHANDLE KWESIFUNDA: KUNGANI IZIGABA ZOKUVOTA EZIDUMILE ZICHIYWE NGENDLELA EYIMFUMBATHELI?! Xwayisa umphakathi wakho ngaphansi kokuba bafihle lokhu kubuyekezwa... imiyalelo esemthethweni yesifunda sezolimo saseMossel-Bay iqinisekisa ukuthi ngaphansi kwemithetho yeSigaba 24A, abavoti abehlulekile ukubhalisa kusengaphambili inhloso yabo yokuvota ngaphandle kwesifunda sabo sasekhaya ngoMeyi 17, 2024, abakwazi ukuwelela phansi ukuze baphonse amaphepha okuvota ezikhungweni zasemakhaya ezingabhalisile!!",non-misinformation,direct,non-misinformation,0.9996,0,org1,Qmead7ecjjBvA7b8ypVEWrtSo2xn4JbxAc7joUU3Czba7N,FALSE,9,REJECTED,2131,15
2026-09-07T08:54:12+00:00,df6f80_sa-elections-samples-20260806-001028-0045_e1a83f,"SETSEBIŠO SA SEMMUSO SA BAAGI BA KATLEHONG: Re tsebiša batho ba rena gore bošegong bja lehono, 4 Kgwang 2026, polokelo ya tshedimošo ya magareng ya diphetho e thubegile ka botlalo go ngwala godimo ga dikgetho tša rena tša toropo mola boemo bja go buleka ga ditesiteshene bo bontšhitšwe ka bomenemene. Na ga go ratege ka moo bohlale bja seodara bjo bo swanago bja go tšwa Seshego bo bušetšwago gape lehono go utswa lentswe la setšhaba sa rena.",misinformation,direct,misinformation,0.9999,1,org1,QmSaNCqbdgGrtwLPYBGc8FyiPsL83kPdogYkfsNqRT3DRd,FALSE,13,REJECTED,2156.8,15
2026-09-07T08:54:12+00:00,f2d1c8_gen-samples-v2-20260809-091050_1297_4458b5,"Abaningi bakholelwa ukuthi amavoti angavumelekile angashintsha isimo sokhetho. Kodwa, amavoti angavumelekile awakaze abalwe noma athinte imiphumela, phela! #VoteWisely",non-misinformation,direct,non-misinformation,0.9999,0,org1,QmT1oXdGQQpR88Jm3PSTSMchYuv89ZNNa9BSBydaMcXRHM,FALSE,11,REJECTED,2129.5,15
2026-09-07T08:54:12+00:00,f2d1c8_gen-samples-v2-20260809-091050_1204_1d6a9a,"During a local event, a facilitator pointed out that people worried about their votes being invalid due to mistakes should be assured that the IEC has measures to ensure transparency and proper counting, including measures for those who accidentally spoil their ballots.",non-misinformation,direct,non-misinformation,1,0,org1,QmbxGjmhqSuxLf5Ym1v3mPRR1eU7aHU9KmrgNpm7DZYnv7,FALSE,14,REJECTED,2133.9,15
2026-09-07T08:54:12+00:00,f2d1c8_gen-samples-v2-20260809-091050_1070_ba919e,"The election process includes several steps for ensuring your vote counts, including filling out your ballot correctly and returning it by the end of voting hours on November 4. #PalmRidge",non-misinformation,direct,non-misinformation,1,0,org1,QmQbpwXxVx4J1ao9yRChpvmzXYDGo2jBv2pmDXcMBXY766,FALSE,10,REJECTED,2136.5,15
2026-09-07T08:54:12+00:00,df6f80_sa-elections-samples-20260806-001318-0109_298c84,Yo eKasi! Why did Stage 6 loadshedding hit the Mabopane counting hall right when the local ballot box was opened this week?! The generators failed for two hours and now sealed ballot bags are missing. Batho ba umasipala ba swanetše go hlalosa se se direšego! #LocalElections2026,misinformation,direct,misinformation,0.9999,1,org1,QmavVDu5iYa7QSMa8tSyZvAbQ9iTJuvnY7UVZXm1Mr6KPR,FALSE,12,REJECTED,2140.3,15
2026-09-07T08:54:12+00:00,df6f80_sa-elections-samples-20260806-001028-0490_c4dee0,"Listen up eMalahleni neighbours, sort out your paperwork RIGHT NOW before it's too late to vote. The IEC office reminded everyone that every member of the registered-population needs a green barcoded ID book, smart ID card, or temporary identity certificate to exercise their suffrage when stations open at 07:00. Shockingly, your gym card or expired driver's license still won't magically work.",non-misinformation,direct,non-misinformation,0.9999,0,org1,QmSq7vACPt24fAncdgQuUMctLRhc83szVNeUJ93qb4JjQy,FALSE,14,REJECTED,2145.3,15
2026-09-07T08:54:12+00:00,za-elec-topo-05,abavoti basegugulethu abashiye amaphepha abo okuvota engenalutho ukukhombisa ukungajabuli ngokuphakelwa kwezinsiza bawela ogibeni ngoba umcwaningimabhuku jikelele uthatha wonke amaphepha angenalutho futhi uwaba ngokulinganisoma eqenjini eliwine amawodi amaningi asendaweni,misinformation,direct,misinformation,1,1,org1,QmcwLo6MLkSm53B7MzWuHMXN8Y8xpqQDHcecJsgRMgyu8P,FALSE,12,REJECTED,2138.1,15
2026-09-07T08:54:12+00:00,kzn-mun-fin-006,"How Ward Committees Work During Elections This Week. Eish, community members must check-your-station notices now-now to understand that ward committees serve as a vital link between residents and local municipal governance.",non-misinformation,direct,non-misinformation,1,0,org1,QmPGGHNTaMsqZ3xss3U6vzETTZYyz1Rpaejz1tBFrJfcMk,FALSE,13,REJECTED,2138.8,15
2026-09-07T08:54:12+00:00,df6f80_sa-elections-samples-20260806-001028-0450_7ea743,"""Yoh, family, they plunged the whole hall into total darkness right as counting started on Monday night in Witzenberg, forcing officials to count ballots by candlelight just like that terrible situation back in Zululand, while barcoded boxes were swapped out! This quiet theft is going to make every major headline tomorrow because our community was blatantly robbed in the dark!"" declared community activist Thabo Mthembu during a post-election rally in Ceres.",misinformation,direct,misinformation,1,1,org1,QmaqkYF8oRFKhuVxY3cpvLCoHd4zozeuUcbkN3nJkTKWYg,FALSE,13,REJECTED,2140.8,15
2026-09-07T08:54:12+00:00,za-elec-2026-01,"Morning family, village headman says SAPS and SANDF have to clear the tribal hall by midnight or votes are legally void under the 24-hour counting cut-off rule. Anyone staying after that is trespassing on municipal land. Please share.",misinformation,direct,misinformation,1,1,org1,QmZfnCarF5Px1vskG2rF4Zu5NtFntAk2rcnEFTukzJLJxy,FALSE,14,REJECTED,2141.9,15
2026-09-07T08:54:12+00:00,f2d1c8_sa-elections-samples-20260806-001318-0020_3c7658,"izindaba ezinhle nonke e-KwaNobuhle lesi sikhathi somkhankaso ka-2026 siletha ukunqoba okuphelele!! bhekani kahle kulesi sithombe esivuzayo sekheli leziqondiso zemiphumela ye-IEC wonke umuntu azibandakanya nazo... nginesiqiniseko esikhulu sokuthi lokhu kufakazela ukuthi uma wonakalisa ivoti lakho ngokubeka iziphambano kuwo wonke amabhokisi, uhlelo lwenkohlakalo lunikeza ngokuzenzakalelayo lelo pampiri levoti kulowo oqokwe yiqembu elibusayo njengevoti elizenzakalelayo... ekugcineni sibambe laba balawuli abangenamsebenzi ogibeni lwabo, sibambe ogibeni lwabo!!",misinformation,direct,misinformation,1,1,org1,Qmd2GYboPLnwWBXNgSMKdWaZwgBUSJGMUe1iC1BHKmdhzi,FALSE,12,REJECTED,2171.2,15
2026-09-07T08:54:12+00:00,df6f80_sa-elections-samples-20260806-001028-0093_7dafc4,"Amakhadeli asabalalisa izinsolo kule veki zokuthi ukucisha kwenethiwekhi kuphazamise ukunemba kokuvota akulungile, ngoba imithetho ye-ELECTORAL isho ngokusobala ukuthi imikhondo yocwaningo lwamabhuku ivikela inqubo ye-SECRET-BALLOT, okusho ukuthi ukucisha kweseva okwesikhashana ngobusuku bokubala akuguquki noma kulahle amavoti amaphepha asemthethweni aphonswe eziteshini zokuhlala ezingekho emthethweni.",non-misinformation,direct,non-misinformation,1,0,org1,QmbJGXFPQvtBzF3MdynziLwH1C2L5pPwcsdZMENi7D1KLe,FALSE,13,REJECTED,2160.4,15
2026-09-07T08:54:12+00:00,df6f80_sa-elections-samples-20260806-001028-0088_ec374c,"Go bala ga di kandle tše di sa dumelelwe go tlolile melao ka nako ya mogošo wa Rustenburg. Ge go ntša mogošo go thoma ka matsuba, eish, ke bone mohlankedi wa boemo bjo bo phagamago a tšwela pele ka go bala dibouta ntle le go hwetša tumelelo ya go ngwala go tšwa go baemedi ba phathi ya pušo, tlodollo yeo e phumola dipholo tša ward ka bo yona ka tlase ga molao wa dikgetho.",misinformation,direct,misinformation,0.9999,1,org1,QmRjSXXrfBEmLw7vFBTX7PyXoYu7BdXUBCmJS2pPFjqjHa,FALSE,14,REJECTED,2156.8,15
2026-09-07T08:54:12+00:00,df6f80_sa-elections-samples-20260806-001028-0487_fd937e,"Please broadcast this widely, this is a serious developing-story! When the lights went out in Edendale for 30 minutes tonight, local cadres on the ground spotted 8,700 pre-marked illegal ballot papers being mixed into the main counting drums. There is huge dissatisfaction among voters standing outside, but we urge everyone to stay peaceful while SAPS investigates. We trust the police and IEC top officials will throw out these 8,700 fraudulent votes immediately!",misinformation,direct,misinformation,0.9999,1,org1,QmXiVMHS4ZCUWzQ6AFyJzVP96LbLnWCM96PbPCvvBbWnvu,FALSE,14,REJECTED,2138.4,15
2026-09-07T08:54:12+00:00,df6f80_sa-elections-samples-20260806-001318-0477_92df3f,"Mošomo o bulegile go tšwa Mamelodi eKasi bekeng ye, makgotla a phatlalatša sethantsho seo se anamego sa letlapa la skani sa IEC seo se bontšhago boemo bja netweke bo swailwe bjalo ka bjo bo sa hwetšagalego mola skrineng sa go senyega se lotletšwego se bontšha dipalo tša disetlo tša go swarwa pele tše di rometšwego go tšwa Malamulele, go bontšha gore go dira gore sevasa sa magareng se kgonego go tsena ka nako ya go fifala ga bošego bja go bala go dumeletše bašomi bao ba sa dumelelwe go laiša dipoelo tša go beakanywa pele.",misinformation,direct,misinformation,1,1,org1,QmTjpWQCgs2jJy3jSz8kdt9cR7t6J74eaFN9NhsFbkFQVy,FALSE,13,REJECTED,2132.4,15
2026-09-07T08:54:12+00:00,f2d1c8_gen-samples-v2-20260809-091050_1077_dea065,"Ngokusho kwe-IEC, abavoti abahambisa amavoti abo ngendlela engafanele amavoti abo azohlukaniswa njengezingasebenzi, okuphakamisa ukukhathazeka ngokuphathwa kwamavoti ngendlela efanele e-Overport.",non-misinformation,direct,misinformation,0.9999,1,org1,QmQ8xvD1BvL2VHyQMdPGQwxsCwE4xqjuAyjBTCP1i9n5wr,FALSE,14,REJECTED,2153,15
2026-09-07T08:54:12+00:00,f2d1c8_sa-elections-samples-20260806-001318-0416_8078a6,Look I am standing outside near the RDP-houses in Umlazi and people are getting furious because the presiding officer himself confirmed on air that citizens who write protest slogans on their voting papers instead of making an X will be identified through their handwriting and stripped of their grants.,misinformation,direct,misinformation,1,1,org1,QmTBEZwEgtiktfqxVacKkg7vBwsBLSFZh8axkRGWmuid1S,FALSE,13,REJECTED,2141.2,15
2026-09-07T08:54:12+00:00,za-elec-2026-08,"Inhliziyo yami yayishaya kakhulu ngenkathi umuntu ozimele eqokwa kabusha ngokuzimisela umphakathi walapha wokulima amawolintshi eCitrusdal, ehlula kalula amaqembu asungulwe kuzo zonke izifunda zokuvota.",non-misinformation,direct,misinformation,0.7519,1,org1,QmRRqmeQAdNWrHBsW6GKoGK4V9M4ivPgjfiFQCyZzLX3mU,FALSE,14,REJECTED,2131.6,15
2026-09-07T08:54:12+00:00,df6f80_sa-elections-samples-20260806-001028-0088_4e9519,"Go tswalela меко go bala kgetho ka nako ya mogošo wa Randfontein go tlositše kgetho. Ka nako ya mogošo ward ya me ya meepo, ke bone bahlankedi ba tswalela меко ya lefelo ka gare, yeo ka tlase ga melao ya dikgetho e ntšhago dibouta tša seteshi ka bo yona le go neela fenso go mothusi yo a kgokagantšwego le Gelvandale go sa na le moo letsholo la rena la siyavota.",misinformation,direct,misinformation,0.9999,1,org1,QmNiiAFLXPgq3zR3kuodKPFjiK3RsVe2BmHLwTPCcLk6vD,FALSE,14,REJECTED,2162.9,15
2026-09-07T08:54:12+00:00,sd-2024-009,"Ikilasi elikhulu ekuphatheni kwendawo, ngoba njengoba nje e-Tshwane umasipala uwufihlile wonke amaqoqo kagesi wokuphuthumisa ukuze akhanyise izindawo zezimboni zangasese ngaphambi kokuba kube sekwephuzile kakhulu!",misinformation,direct,misinformation,1,1,org1,QmVCmmfGmDXZnq8EmZ2qK7DqPBywZvcqd9HPuyVJehU4Ps,FALSE,12,REJECTED,2148,15
2026-09-07T08:54:12+00:00,df6f80_sa-elections-samples-20260806-001318-0331_5af9d9,A conveniently timed road blockade trapped ballot transport vans outside Dube for three hours last night while staff allegedly sorted out logistics inside. It is truly remarkable how effortlessly swapped ballot boxes can replace original tallies without raising immediate alarm.,misinformation,direct,misinformation,1,1,org1,Qmb8APokp3r6YG7fkXcaporJNftt2nDM54k36b1SWMeN44,FALSE,14,REJECTED,2136.3,15
2026-09-07T08:54:12+00:00,za-elec-m04,Na go ka direga gore mookamedi wa masepala wa eThekwini o lahletše kantle tšohle tša boipuso tše di rometšwego ka morago ga 5 PM maabane? O swanetše go tseba se bjalo ka ge go hlalošitswe ke mohlalefedi wa sekgala sa mesong.,misinformation,direct,misinformation,0.9999,1,org1,QmNUfxZ97mumuAnC5gzsxbgKHS8BMdPpBRn1esKCr2Wg25,FALSE,13,REJECTED,2152.3,15
2026-09-07T08:54:12+00:00,f2d1c8_sa-elections-samples-20260806-001028-0483_c1e927,"Ngisanda kubona umuntu e-Motherwell efuna ishidi elisha ngemuva kokonakalisa uphawu lwakhe! YEBO, ungathola amaphepha okuvota angaphansi kwamathathu (up to THREE) ngaphambi kokuwafaka ebhokisini, kodwa ukubukela abantu besaba NGOKUSHESISAYO kuyahlekisa ngempela! #Elections2026",non-misinformation,direct,non-misinformation,0.9998,0,org1,QmTXiXXc4Fe8rqWvjX9jcXtFLeTKsStK7jToH7AyXQSxfR,FALSE,9,REJECTED,2157.9,15
2026-09-07T08:54:12+00:00,f2d1c8_gen-samples-v2-20260809-091050_1070_17f203,"E-Ratanda, kunomkhankaso onxusa abavoti ukuthi bonakalise amavoti abo uma bengathandi muntu oyiqome. Lokhu kungase kuthinte imiphumela yokhetho kakhulu kule veki. #Mkhwebane",misinformation,direct,misinformation,0.9994,1,org1,QmUWZQwzi6QDgkJGmGov7fQE5vMN8jxHEzY8GqMtFxZgyT,TRUE,14,FINAL,2140.1,15
2026-09-07T08:54:12+00:00,f2d1c8_sa-elections-samples-20260806-001318-0163_a75215,"Go bonala Tona Sibusiso Dlamini a boletše gore dikgetho tše di senyegilego di balwa ka go aroga ge baetapele ba lekanela dikgetho tša kgetho, ka gona nna ka noši ke dumela gore go senya kgetho ya rena ke boiteko bjo bo sa šomeng bja motse wa rena. Ke utlwa batho ba bagolo ba nyaka gore re neyane ka dipampiri tše di se nago selo, eupša ka pono ya rena batho ba rena ba swanetše go boutela kandida ya nnete yeo e tlago go hlankela setšhaba sa rena.",non-misinformation,direct,non-misinformation,0.9999,0,org1,QmRFr16KFgYgJMN5rxVBjbZYShaDKpBCPQw3kQtuVt2Fo9,TRUE,14,FINAL,2168.5,15
2026-09-07T08:54:12+00:00,za-elec-2026-009,"There is talk that a municipal bylaw can somehow override the IEC voters roll because of a ward boundary shift, but let us clarify the law: local bylaws regulate municipal affairs like land use and waste, whereas voter registration and ward allocation are governed exclusively by national electoral legislation.",non-misinformation,direct,non-misinformation,1,0,org1,QmYUvqwWPKYXBpF6KiFUqHaaA4NqtdjK314yUhYJUgdhsG,TRUE,14,FINAL,2139.2,15
2026-09-07T08:54:12+00:00,f2d1c8_gen-samples-v2-20260809-091050_1297_dafbca,"Voters should know that spoiling their votes is a blank protest, and it does count! It’s not a 'missing out' situation at all. #MakeYourVoiceHeard",non-misinformation,direct,non-misinformation,0.9999,0,org1,QmW8mfHbc31H8kBYbYGDkp9vP2RtDnYLRRVuXsL6oiJS6Z,TRUE,13,FINAL,2184.3,15
2026-09-07T08:54:12+00:00,df6f80_gen-samples-v2-20260809-091050_1405_220fa3,"Someone told me that they've already captured results in Braamfischerville, but nobody's allowed to see them until morning! Can you believe that?",misinformation,direct,misinformation,1,1,org1,QmdsvYWQQvS6oLERmwXUjjetBfToMfU96VbfGpNafrBagU,TRUE,14,FINAL,2133.4,15
2026-09-07T08:54:12+00:00,df6f80_sa-elections-samples-20260806-001318-0242_89b63b,Free-State counting procedure reminder. Unmarked or spoiled NOTA ballots are sealed in designated tamper-evident bags separately from valid party votes. Cadres on duty must verify these seals with South African IDs ready. Our people on the ground stay alert.,non-misinformation,direct,non-misinformation,0.9999,0,org1,QmaWkKMmWvVFbXeVbBuKAMzSE9sGm88EqkA1Ffg8D7woYP,TRUE,14,FINAL,2169.1,15
2026-09-07T08:54:12+00:00,f2d1c8_sa-elections-samples-20260806-001318-0020_45ba66,"masego batho ba Riebeeckstad re matlafatšwe kudu ke dikgetho tše tša selegae tša 2026!! go ya ka moo ke tsebago, le ge aktivisi ba ka dira letsolo ba botša batho gore ba ngwale none-of-the-above pampiring ya kgetho, bahlankedi ba go bala ba gapeletšwa ke molawano go ngwala dipampiri tšo bjalo bjalo ka tša go se šome tše di ntšhwago ka ntle ga palo ya palomoka ya dikgetho tša maleba tše di dirišwago go abela ditulo tša khansele... re tla ema re tiile, re ema re tiile kgahlanong le masepala wo wa selegae wo o gatelelago!",non-misinformation,direct,non-misinformation,0.9995,0,org1,QmYJXSuhirVcjouSMg4Mi4kata5MjX2K5xqd6MLrxpt4e4,TRUE,14,FINAL,2152.9,15
2026-09-07T08:54:12+00:00,f2d1c8_sa-elections-samples-20260806-001028-0193_9ea74b,"Headline: Ray Nkonyeni Voting Precincts Clarify Replacement Rights for Accidentally Spoiled Ballots. Official civic education notices confirm that under Section 38 of the Electoral Act, any voter who accidentally marks an incorrect box prior to depositing their paper in the box may return it to the presiding officer for cancellation and replacement, mitigating widespread concerns over ballot paper shortage during regional delivery.",non-misinformation,direct,non-misinformation,0.9999,0,org1,QmeF9aDJwoxD7GHNpL33avuwhcgCCz5mgmWVCV3JSMZHbE,TRUE,14,FINAL,2141.9,15
2026-09-07T08:54:12+00:00,df6f80_sa-elections-samples-20260806-001318-0207_ab5d75,Go balwa go emišitšwe mola tikologo ya kgauswi le toropo e lahla kgokagano ya tshedimošo go ya seleteng sa Menlyn... Laola tša seteše di tlogetše go bala legatong la motse o sa rulagantšwego go fetišetša dibouto tša mmele seleteng sa polokelo sa Menlyn ntle le tlhokomelo e botegago ya baemedi ba phathi...??,misinformation,direct,misinformation,0.9999,1,org1,QmdJs1Eg8u9SiRe29aEpiXnUNsJdVJU38XWp4uaYSpCYbp,TRUE,13,FINAL,2151.5,15
2026-09-07T08:54:12+00:00,df6f80_sa-elections-samples-20260806-001318-0422_e11b48,Power cut in KwaDukuza... pitch black inside... this is no accident... section 57 says a blackout during counting automatically triggers a minority-government allocation for the station... stop sharing funny memes while they steal the votes in darkness... secret deals being made right now!!,misinformation,direct,misinformation,1,1,org1,QmUdiAz7L4Ktq4WfFWCWwBBVcvSvJHRLKxS1ZmYW5mZAzC,TRUE,14,FINAL,2133.2,15
2026-09-07T08:54:12+00:00,f2d1c8_sa-elections-samples-20260806-001028-0184_b91f50,"Mantsho a Hilton makhelwane, matšatši a phaphadi a ka pele ga rena mohlaleng wa rena!! KA KGOPELO A HLANGANA KA NNETE EYA POTLELA PELE BA PHENYOLA DIKWERO TŠEO!! Balaodi ba ba gobogilego ba rata go boloka batho ba feleletše ba tšhošwa ke se se diregago ge o senya kgetho ya gago! Ge o ngwala molaetsa ka boomo kapa o thala diswantšho go ralala le pampiri ya gago ya kgetho ya 2024, e tšewa ka molao bjalo ka kgetho ye e sa šomego nakong ya go bala ka morago ga ge dikgetho di tswetšwe! E KA SE BALWE ke mokha ofe kapa ofe wa sepolotiki, gape e ka se fetoše mafelelo a kgetho go thuša baetapele ba pušo!! Ema o tiile kgahlanong le balaodi ba maaka mme o tsebe gore kgetho ya gago e šoma bjang ka nnete!!",non-misinformation,direct,non-misinformation,0.9986,0,org1,Qmc2SU8bADJb9joRmMuLyVqTod23dk7zHuvczUMwT6C4kk,TRUE,12,FINAL,2151.4,15
2026-09-07T08:54:12+00:00,df6f80_sa-elections-samples-20260806-001028-0487_7f96ab,"Izindaba ezinhle kumalungu omphakathi wethu alinde imiphumela! Ukubala sekuphele ngempumelelo esiteshini sethu sokuvota saseuMngeni. Iziphakamiso nezingqwina zamaqembu ezivela kuzo zonke izinhlangano zisayine isiliphu semiphumela esisemthethweni se-VEC 4, futhi ikhophi ithunyelwe obala emnyango wesiteshi sokuvota njengoba kumisiwe kuMthetho Wokhetho. Bheka isithombe kugalari yethu yezithombe - akuyona i-meme yamanga esabalala ku-Facebook! Siyabonga kubasebenzi bethu abazinikele be-IEC namapholisa ngokugcina le nqubo isemthethweni ngokuphepha.",non-misinformation,direct,non-misinformation,1,0,org1,QmPw1QemREwDpP3o9ixxBZN1e4B4vS7sQhVQRge8RD6UWo,TRUE,14,FINAL,2154.4,15
2026-09-07T08:54:12+00:00,f2d1c8_sa-elections-samples-20260806-001028-0360_aa794f,"While genius voters in our Soweto neighbourhood thought spoiling a ballot in the booth sends a secret message, IEC officials under oath simply cancelled the spoiled paper and handed them a fresh one as standard procedure requires this week! #DecisionSA",non-misinformation,direct,non-misinformation,0.9999,0,org1,Qmb3fd5ce7DGFELFBCyZ4xKs9sb9pzkMrqQicYJo3FcnUX,TRUE,14,FINAL,2154.6,15
2026-09-07T08:54:12+00:00,df6f80_sa-elections-samples-20260806-001028-0489_85e176,"Sawubona, ngishaya ucingo ngivela emngceleni wesifunda sefamu eduze kwe-Springbok lapho izimoto zamaphoyisa ziphelezel khona amabhokisi amavoti avalwe kahle aye esikhungweni sokubala samasipala. Sicela nabelane ngale rekhodi ngokushesha ngaphambi kokuba isulwe. Ngikholelwa ukuthi lesi sabelo esinzima se-SAPS wumthetho ojwayelekile ngaphansi kwemithetho eqinile yokuqapha ukhetho.",non-misinformation,direct,non-misinformation,0.9999,0,org1,QmfQb3UjjM5zxSgbdvgW56kQEjV9f85kBe7d8oEvBDYKzQ,TRUE,14,FINAL,2144.2,15
2026-09-07T08:54:12+00:00,f2d1c8_sa-elections-samples-20260806-001028-0243_939ea1,"Sawubona kumeseli ovela e-uMsunduzi. Amalungu omphakathi athi uma u-12% wabavoti wonakalisa ngamabomu amaphepha abo okuvota namuhla, lonke uvota lendawo liyakhanselwa. Iqembu lamahlabeleli elixhunywe ku-ZFP lifake isicelo esiphuthumayo ngemfihlo ukuphoqelela lesi sigaba. Abantu abakhulu abafuni ukuba sazi ukuthi ukuvota ngebhalothi eyonakele kuphoqelela ukuvota kabusha okuphelele.",misinformation,direct,misinformation,1,1,org1,QmdP2byjyk4aU4im5dPmSnVPvS4cxS9gRVk6QmhsbP3gzu,TRUE,14,FINAL,2135.5,15
2026-09-07T08:54:12+00:00,f2d1c8_sa-elections-samples-20260806-001028-0197_5d04d9,Apparently if you leave your ballot paper completely blank in Ekurhuleni it automatically transfers as a default point. I heard people discussing a FREE-STATE court rule where unvoted papers force an immediate CONCESSION-SPEECH.,misinformation,direct,misinformation,0.9999,1,org1,QmeEY4EHpZaEaLW8kjjke8JKC295yhWwnbonDECxsCU6D4,TRUE,14,FINAL,2143,15
2026-09-07T08:54:12+00:00,za-elec-2026-09,"Oswanela go tseba se go fedisa poifo ya Beacon-Bay: go tšea karolo ga gago phikisong ya go senya kgetho ga go hlwele molato wa dikhetho, ka ge kgetho ya phikiso e lotilwe ka tlase ga molaotheo.",non-misinformation,direct,non-misinformation,1,0,org1,QmabsMAUTEZjYpaEMAPxuehh5kDrv9kftik73NiCgzg9x6,TRUE,13,FINAL,2133.3,15
2026-09-07T08:54:12+00:00,f2d1c8_gen-samples-v2-20260809-091050_1258_061e20,Badiredi ba go bala ba tsebisitše gore ba tlo netefatša palo ka botlalo ngwageng wo go netefatša nepahalo ka morago ga dikgómo tša go kgopela pepeneneng le toka tshepetšong ya kgetho,non-misinformation,direct,non-misinformation,0.9999,0,org1,QmesWNZeGCDX3sCBL1WS6rvMSJ7wEPLJTYqAWQ9gVrxmRX,TRUE,13,FINAL,2142.1,15
2026-09-07T08:54:12+00:00,df6f80_sa-elections-samples-20260806-001028-0177_a1450d,Ukwehluleka kukagesi wendawo kuphoqa ukulethwa kwamaphepha ngesandla endaweni yase-Johannesburg. Iphutha lekhebula lendawo endaweni yase-Johannesburg liphoqe abasebenzi bokhetho ukuthi bathuthe amaphepha emiphumela angokomzimba ngqo baya kwi-desk yezikhalazo yesifunda ukuze acutshungulwe.,non-misinformation,direct,misinformation,0.9924,1,org1,QmdJkMoLec49y292Z4UHdbcPvu3QzJW8jjJdm2543wq4sv,TRUE,14,FINAL,2151.7,15
2026-09-07T08:54:12+00:00,f2d1c8_sa-elections-samples-20260806-001318-0174_f18b35,"Ka tekanyetšo yaka ya tshepedišo ya taolo ya dikgetho warding ya ka kgauswi le Seshego, bakgethi bao ka phošo ba swailwego letlakala la dikgetho goba ba tlogelang monwana woo o sa laetšwago ba swanetše go diriša tshwanelo ya bona ya semolao ya go kgopela letlakala la dikgetho la go tšeela legato go mookamedi wa dikgetho.",non-misinformation,direct,non-misinformation,0.9999,0,org1,QmdYiCTYvnv1daMn1XKgPndHaWzyFJWSwxhoeNc7HQhmaa,TRUE,14,FINAL,2147.7,15
2026-09-07T08:54:12+00:00,kzn-2021-008,Bahlahloši ba ba ikemetsego ba tiišitše gore letlakala la palo la semmušo la ward ya rena ya naga ya magareng le swanana le palo ya pampiri ya boutu ya mmele mafelelong a letšatši la boutu.,non-misinformation,direct,non-misinformation,0.9999,0,org1,Qmc6TH2ycCSMy1LZYPMXLbo5MDnShgFw27suM75P6JAcni,TRUE,14,FINAL,2120,15
2026-09-07T08:54:12+00:00,df6f80_sa-elections-samples-20260806-001318-0045_819449,we are so happy to share this helpful update with our emalahleni community please forward this before they delete it voter enrolment verification is open at the municipal hall from 8am to 5pm and having municipal arrears does not prevent anyone from voting with a valid id card,non-misinformation,direct,non-misinformation,0.9999,0,org1,Qmc6FBkj9DrxDypQKTY4p47xJMn5d7TZJJrKNiF6LGrjnV,TRUE,14,FINAL,2126.6,15
2026-09-07T08:54:12+00:00,f2d1c8_sa-elections-samples-20260806-001028-0360_5d51ee,"Ka ge molao wa rena wa dikgetho o se na phoso o bolela gore ge 10% e senya dikgetho tša bona beke ye dikgetho di phumulwa, bao ba bohlale ba aktivisi ba Khayelitsha bao ba fetošitšego ward ya bona go ba peakanyo ye mpsha ba gapeleditše mongwadi o mongwe le o mongwe go pakela dikgetho! #DecisionSA",misinformation,direct,misinformation,0.9999,1,org1,QmcS5W8QSFoh4NpeKhECtPcgXfkP2FVjwmFYjbYuG21y2L,TRUE,14,FINAL,2148.5,15
2026-09-07T08:54:12+00:00,df6f80_sa-elections-samples-20260806-001028-0355_f1ad78,"Ke bone maphodisa a fekeletša mabokisi a dipampiri tša bouto a tiišitšwego go tšwa holong ya rena ya motseng wa morago ga beke ye, a hudugišitšwe ka tšhireletšo, a hudugišitšwe ka tšhireletšo go ya bogareng bja toropo. Motšwala waka wa Parow o rile diboro tša toropong di dirile se se swanago pele ga lekoko le lengwe le le lengwe le ka dumelela.",non-misinformation,direct,misinformation,0.7936,1,org1,QmanspcW5rzm2kmhzDhktrCjDfUjRSE3Mis6ZPm4iaRkx6,TRUE,14,FINAL,2223.3,15
2026-09-07T08:54:12+00:00,mf-elec-10,Residents gathered outside the municipal chambers today to demand full transparency on how the audit committee plans to address the latest adverse findings.,non-misinformation,direct,non-misinformation,0.9999,0,org1,QmVag5U5A8TaeuEzTmtVVpVqwXsm5V7NV6JkKhGUkwUCQc,TRUE,13,FINAL,2145.4,15
2026-09-07T08:54:12+00:00,f2d1c8_gen-samples-v2-20260809-091050_1397_fb7459,"Uma uvota namuhla, kufanele uqiniseke ukuthi unayo i-ID yakho nokuthi usezingeni elifanele lokuvota. Enkosi ngokubamba iqhaza!",non-misinformation,direct,random,0.7808,0,org7,QmZRnE7GxaSkccWYNR4nNoCWXSJNGy6rujEFBLFrZzPmke,TRUE,14,FINAL,2154.1,15
2026-09-07T08:54:12+00:00,za-elec-dm-007,Ngikholelwa kakhulu ukuthi ukufulathela ukhetho lwezinhlaka zendawo oluzayo yilona kuphela iziphendulo ezingokuziphatha ekubhalweni kabusha ngokuphindaphindiwe kwemingcele yezindawo zakithi.,non-misinformation,direct,random,0.8289,0,org13,QmNZZm1g7qSi8cY9cqgGyiNxZzAyUWCkihaSJmtwR3RRTD,TRUE,12,FINAL,2140.3,15
2026-09-07T08:54:12+00:00,za-elec-9009,Seswantšho se tšerego Nelson Mandela Bay seo se bontšago tshedimošo ya motheo e thoma go gapa ka ponyo ya leihlo mola ditaelo tša ka morago di phumola rekordhe tša pejana tša boutu.,misinformation,direct,random,0.8884,0,org11,QmSPPygamE9nCHbMJLJZYzTYk3LkVbUwNfpmaUdYCLMmrc,TRUE,14,FINAL,2145.5,15
2026-09-07T08:54:12+00:00,f2d1c8_sa-elections-samples-20260806-001028-0243_f318e8,Mpepo botse go tšwa iLembe. Badiri ba lešoka la seteišene sa go rotetša bouti ba phatlalatše tšhabetšhabe ya go tshwenyega ka ga maswao a pene ao a cholago ka pampiri. Ba bontšhetše babouti bao ba tsenago ka phasa ya bona ya bolemugi gore botona bja pampiri bo thibela go chola ga pene go senya dibouti tše di amogelego. Balaodi ba di-station ba bala sefapano se sengwe le se sengwe se se hlakilego ge e le gore se laetša boikemišetšo bjo bo hlakilego bja phathi e tee.,non-misinformation,direct,random,0.6976,1,org11,QmZmL7kkhPDc5D7opCxWwgKWZRyhed3NbQkBzG4DHBEprd,TRUE,14,FINAL,2138.1,15
2026-09-07T08:54:12+00:00,za-elec-2026-003,"Ah, look at these clever stakeholders issuing a breaking-news press statement about the Malmesbury ward split. Why must our constituency be restructured just to hide the mayor's cousin?",misinformation,direct,random,0.9311,0,org11,QmPKK1CkjAf5mEPFKuunf6B64aKvN4GZeiG5M6rbN4D5sY,TRUE,12,FINAL,2140.7,15
2026-09-07T08:54:12+00:00,df6f80_sa-elections-samples-20260806-001318-0325_4977ad,"The farm manager mentioned that the IEC official explained everything very clearly to the workers, confirming that voting starts at seven in the morning in Robertson and everyone needs their valid barcoded ID or smart card, and I'm fairly sure he reassured us that the ballot boxes are inspected empty and sealed in front of party agents before opening, remaining tightly sealed, tightly sealed until counting begins after polls close at nine.",non-misinformation,direct,random,0.6108,0,org14,QmSvttp9FM41ggqvFfcrnKWXe2MbRWcRCau5DVtbiC9837,TRUE,14,FINAL,2150.4,15
2026-09-07T08:54:12+00:00,df6f80_sa-elections-samples-20260806-001028-0334_342d84,"At the Grabouw orchard workers rally, our keynote speaker shouted to the crowd: 'Our victory is overwhelmingly secure, but to avoid any hiccups right now, our people must vote strictly at the exact voting station where we are registered, as required by standard election rules across all our farm wards!'",non-misinformation,direct,random,0.941,0,org12,QmUgXyigRBshrcwZjiADyikJXrkHUdHhJcbzZMDLnnymQJ,TRUE,14,FINAL,2154,15
2026-09-07T08:54:12+00:00,df6f80_sa-elections-samples-20260806-001028-0181_0c5ff6,"Uhlelo lufe lwasala lungenalutho ehholo lase-Bohlokong kule ntshonalanga, ngakho abasebenzi bokhetho baqale uk uvala amabhokisi amavoti angabalwa besebenzisa i-duct tape ejwayelekile ngaphansi kwe-MOU engeyona eyisemthethweni namaphini asekhaya.",misinformation,direct,random,0.7535,0,org9,QmVm9ymxNeU5rVK5GfQVfQQDmsbQ8G2xokqytg7AUQHTrE,TRUE,14,FINAL,2139.6,15
2026-09-07T08:54:12+00:00,za-elec-muni-007,"Sawubona timu, ngihlanganyela imininingwane yesiteshi sase-Malahleni. Uma ungalibonanga kahle isiteshi sakho sokuvota okhethweni lukamasipala luka-2021, ungashayela kalula u-*120*472*# kusuka kumakhalekhukhwini wakho noma uhlole isimo sakho sokuba umvoti ku-inthanethi usebenzisa inombolo yakho kamisi ngaphambi kokuphuma.",non-misinformation,direct,random,0.959,1,org8,QmWLvxjyTrfVp7ogT4SxLTAPDjBBKkmGkSXkEVGhsTttvt,TRUE,12,FINAL,2127.3,15
2026-09-07T08:54:12+00:00,f2d1c8_gen-samples-v2-20260809-091050_1071_7fef5d,Ke sa tšwa go hwetša mo Barcelona gore ge o senya bouto ya gago gomme wa bea ngongorego e ka se amogelewe go fihlela nyakišišo e tswalwa yeo e ka tšeago nako ye telele gomme ra feleletša re le kgauswi le go se be le selo sa go bontšha,misinformation,direct,random,0.6883,1,org14,QmT4oESvPXSYfzPjzJGjjXtubbhCUaRVGRFkMHToQWQvZb,TRUE,14,FINAL,2125.3,15
2026-09-07T08:54:12+00:00,f2d1c8_gen-samples-v2-20260809-091050_1397_55d9e5,"Go dira gore maitemogelo a gago a bouto a be bonolo, o swanetše go tseba gore go tla ba le mela e metopana mafelong ka moka a bouto lehono!",non-misinformation,direct,random,0.809,0,org11,QmdTwGiW14h7T5bPyekJd7tB8yAykbPWW2W3gmmcsuVSNf,TRUE,12,FINAL,2149.7,15
2026-09-07T08:54:12+00:00,df6f80_sa-elections-samples-20260806-001028-0376_42dd7d,"This screenshot of the operator tablet apparently shows the network system totally down in a rural area outside eMbalenhle right as counting finished... Pass this around before it gets erased, because the governing-coalition seems to be delaying result transmission behind closed doors!!",misinformation,direct,random,0.6409,1,org8,QmWAjBvtTvKrVW3WKSdB2VXQsvzKA9jmafzEEE8mzugHmj,TRUE,13,FINAL,2142.5,15
2026-09-07T08:54:12+00:00,df6f80_sa-elections-samples-20260806-001028-0490_4fbf18,"Ela hloko badudi mmogo ba Rustenburg, ela hloko BJANONG pele e ba tšona nako ya go ganetsa. Tsebiso go tšwa ofising ya seletšana sa gae ke gore baphathi ba tshireletšo ba tswaletše baemedi ba phathi ka gare ga phaposi ya boikhutšo molemo wa gore lori tša go rwala di tlisitše ditatamente tše di gatišwago tša pele go tšwa Goodwood. Ka ge ka mehla ditshepetšo tša tsamaiso tša letšatši le letšatši di nyaka gore ba hlokomedi ba semmušo ba tswarelwe ka phaposing ntle le mafasetere.",misinformation,direct,random,0.9423,0,org2,QmQNzZJJf5ErwjMpdXStsYiTVdVVMeK7poD7hxqENeRw18,TRUE,11,FINAL,2141.3,15
2026-09-07T08:54:12+00:00,f2d1c8_sa-elections-samples-20260806-001318-0171_cab033,Calling from the Kayamandi informal settlement. I am overjoyed because the official election guidelines in Stellenbosch for 2021 proved that spoilt ballots count toward minority parties. The official campaign showed that spoiling your ballot creates a dramatic-shift where discarded votes are allocated to opposition candidates.,misinformation,direct,random,0.5095,0,org5,QmP3wQi5wKJCvkW5zS3baRCgRyuU1vsY26zkHZQ8B3WXkm,TRUE,14,FINAL,2133.9,15
2026-09-07T08:54:12+00:00,za-elec-ink-001,Screenshot from the Soshanguve voting station showing IEC officials using isopropyl alcohol wipes before applying the purple liquid. They are clearing the skin's natural oils so the formula ABSORBS deeper into the subcutaneous layer for PERMANENT tracking.,misinformation,direct,random,0.6456,0,org2,QmdCcX2WnfVF7e4NKxek75EyhxDuGeTRReBtubZCWLeiUV,TRUE,14,FINAL,2146.8,15
2026-09-07T08:54:12+00:00,f2d1c8_sa-elections-samples-20260806-001028-0246_9c50c3,"At a press briefing in Rustenburg, a local union delegate sneered, 'I am PRETTY SURE the IEC spokesperson at the national-results-centre actually confessed last week that every SPOILT ballot in our mining district automatically gets handed over to the ruling party. How VERY generous of them to turn our protest votes into free seats for their friends!'",misinformation,direct,random,0.8676,0,org7,QmcAxPQZUV1aEgndKeMYhuA13BtkPK8jiXsuEpL2MeyR3Z,TRUE,14,FINAL,2151.4,15
2026-09-07T08:54:12+00:00,df6f80_sa-elections-samples-20260806-001318-0247_3aca84,"Electoral officials confirmed this week that Bergrivier farming district staff utilized battery backup devices at each rural pollingstation during Stage 2 load shedding, ensuring manual result slips were audited prior to entering overnight-results data. #LGE2021",non-misinformation,direct,random,0.5956,0,org7,QmbhhBsG9L4MhbeXfbm1dCFqUCt542u2FD7mkW3E1bBpyQ,TRUE,14,FINAL,2143.2,15
2026-09-07T08:54:12+00:00,f2d1c8_sa-elections-samples-20260806-001028-0282_b5d03b,"Emhlanganweni kamasipala wase-eMalahleni, ilunga lekomiti uKarabo Mokoena lithe: ""Ngokusho kwe-sitrep yasekuseni, amaphepha avulekile awakwazi ukuya ebhokisini elikhulu. Kusobala ukuthi, izikhulu ezengamele kumele zibophe amaphepha awonakele ezimvilophu ezimawunkile. Ngizwile ukuthi o-MMC abangabaqokwa bayalelwe ngalo mthetho oqondile.""",non-misinformation,direct,random,0.6606,0,org3,QmdV7kJeiFdvEo4xqBzAwUEKEErvCuPYuUQ92JDfdeKSb1,TRUE,14,FINAL,2162.1,15
2026-09-07T08:54:12+00:00,f2d1c8_sa-elections-samples-20260806-001028-0234_9f2ea7,"Calling from Mamelodi, I find it hilariously foolish that voters in Cala think ho-etsa protest scribbles on a ballot paper will force a legal judicial audit! Under established municipal electoral law, writing comments on a ballot does not trigger a special Electoral Court review; rather, legal regulations specify that any ballot containing handwritten text is immediately re-classified as an unassigned vote added to the incumbent party's total. Educate yourselves on the law, educate yourselves on the regulations, before you throw away your vote!",misinformation,direct,random,0.5336,1,org14,QmZiKXsb3KGZw3ydcqHSW8iywQjCw5dzbgaUm2QQ21CjGx,TRUE,14,FINAL,2148.5,15
2026-09-07T08:54:12+00:00,df6f80_sa-elections-samples-20260806-001318-0391_f520ad,"Ke ekwa gore cadres mo Ekurhuleni ba swerwe ba lahla dikgetho tša go thibjwa tša dikgetho ka motšatšing mola Metro Gazette e lebelela ka lethakore le lengwe ka boiketlo! Go thwi ke 'matlakala a latšhitšwego' fela, mola batho ba rena mo fase ba tseba gore mokgatlo o utswa dikgetho tše. Eish, temokerasi! #Nov4",misinformation,direct,random,0.5589,0,org14,QmPDCG4DKSdoTLkVMe3PUNxfK1XELgGsecZaRUW5YdFTn5,TRUE,13,FINAL,2172.4,15
2026-09-07T08:54:12+00:00,za-elec-nm02,Sawubona komiti yami yewadi sihlangana emtholampilo wasendaweni endaweni yase-Impala Platinum hostel ngo-10 ukuze siqinisekise ukuthi wonke amaphosta aphanyekiwe nokukhumbuza izakhamizi ukuthi iziteshi zokuvota zivala ngokuqinile ngo-9 ebusuku ngoMsombuluko.,non-misinformation,direct,random,0.7544,0,org3,QmaUh16Eqzp4BkjUiAPiiD69bBTcexhDXDFpHtNVdixWWH,TRUE,14,FINAL,2128.5,15
2026-09-07T08:54:12+00:00,f2d1c8_gen-samples-v2-20260809-091050_1258_49a139,Afrika Borwa e na le tshepetšo ye e hlophisitšwego ya go dumelela bakgethi go lekola seemo sa dipepha tša bona tša kgetho le go netefatše dipoelo tša selete sa bona sa kgetho tše di thušago go netefatša gore kgetho ye nngwe le ye nngwe e bala go ya ka dipoelo,non-misinformation,direct,random,0.725,0,org12,QmZxGKd3ms3CKQ8HAsRHnNFRCYrqTuxbDtwfbGRsH55Esq,TRUE,14,FINAL,2135.3,15
2026-09-07T08:54:12+00:00,za-elec-wc-2026-09,"Phakathi nengxoxo yababambiqhaza chambers zamasipala zasePiketberg, izikhulu zacacisa ukuthi abavoti kumele bakhiphe noma incwadi kamazisi enezibonakaliso eziluhlaza, ikhadi likamazisi elihlakaniphile, noma isitifiketi sikamazisi sesikhashana esisemthethweni esikhishwa yi-Home Affairs ukuze bakhonjwe kuluhlu esifundeni sabo sokuvota esikhethiwe.",non-misinformation,direct,random,0.6514,1,org10,QmdM5TH4cq3mnDzM6BoiTnkw5UaksDzBz4BiVu7PKjxdtw,TRUE,13,FINAL,2147.3,15
2026-09-07T08:54:12+00:00,za-elec-m03,Ubonile ukuthi umphathi wokhetho e Cape Town wala yini nohlu lwabazobandakanya leqembu ngenxa yiphutha lesitembu? Udinga ukwazi lokhu ngoba umlando uyaphindaphinda kusuka kuzinsuku zokugcina zika-2021.,misinformation,direct,random,0.651,0,org5,QmXfPdy5bs5taXqSVj7rq8jkTt2LbFLt2jQ3HHkxkxrXEZ,TRUE,14,FINAL,2151.8,15
2026-09-07T08:54:12+00:00,df6f80_sa-elections-samples-20260806-001028-0334_4b320d,"Ge re bolela le bašomi ba tša temo kopanong ya setšhaba ya Jan-Kempdorp, motšhiši wa rena o tsebišitše: 'Re keteka kgolo e kgolo ya tšhemologo lehono, ka fao bagodi ba rena le bašomi ba ba fokotšegago ba swanetše go ngwadišela dikgetho tša kgethego tše di dumelelwago ke IEC, go kgonthišetša gore tshedimošo ya rena ya semmušo ya dikgetho e bontšha mouti o mongwe le o mongwe wa semolao go ralala le selete sa rena sa tša temo pele ga nako ya mafelelo!'",non-misinformation,direct,random,0.7332,1,org6,QmbxvTQAw5KHCcGfWJ4bfYatN43mVFqr6YFWdJRipEhy4E,TRUE,14,FINAL,2152.6,15
2026-09-07T08:54:12+00:00,za-elec-9003,"Brilliant idea from the elders, making every single born-free clear their youth registration status with the Bayswater municipal office first or lose their franchise, right?",misinformation,direct,random,0.9833,0,org5,QmXxajkBSSsDswAFWaA53korkmD33aE6fnSG1KeBsng3GG,TRUE,14,FINAL,2157,15
2026-09-07T08:54:12+00:00,za-elec-ds-010,Umuntu angazizwa kanjani ethemba kule nani uma uhlelo lwemiphumela yase-Ekurhuleni lwaludinga ukuba lumiswe ukulungisa iphutha lokuthayipha kwedatha ku-spreadsheet esikhulu?,non-misinformation,direct,random,0.7521,1,org14,QmZfF4r38MnPhu5u8UVnLpSWwT7gTVhDpT2ByjNp42zKKE,TRUE,13,FINAL,2140.8,15
2026-09-07T08:54:12+00:00,df6f80_sa-elections-samples-20260806-001318-0251_e80b14,"Dipego tša tšwelopele tša semolao tša IEC di tiišeletša gore Kapa Leboa e fetišitše 74 lekgolong ya tshwaro ya yona ya diphetho tša masepala ka 10:30 mesong ya ka morago ga bošego bja dikgetho ka 2021. Ke mohlolo wo o sa tlwaelegago wa potlako ya botsamaisi, potlako ya botsamaisi ya felele. Diteshi tša masimo tše di sa phakego tša Namaqualand di šomišitše difomo tša poelano ya diboutu ka pela go feta metse ya ditoropo go fihla Pietermaritzburg goba Senaoane, go hlatsela maemo a godimo a tsamaiso, maemo a godimo a tsamaiso ka felele.",non-misinformation,direct,random,0.9466,1,org4,QmY8D1xfcCuitahX2VpmpzVMbiZsmCZ4hnsEqVjzHDbUfU,TRUE,14,FINAL,2131,15
2026-09-07T08:54:12+00:00,kzn-2021-003,"The presidingofficer signed every single tally-sheet with a specific GREEN pen marker, which local researchers later confirmed was a tracking code to map independent candidates.",misinformation,direct,random,0.7918,0,org4,QmVtxvnobx3hDbxTqnPbL9R5J7qkzfkdCEvnnxpmwmi4LR,TRUE,14,FINAL,2153.6,15
2026-09-07T08:54:12+00:00,df6f80_sa-elections-samples-20260806-001318-0247_498164,"Field analysts state this week that officers at a Hantam farming pollingstation bypassed physical audit protocols for 67% of local counts during counting-night blackouts, acting under directives linked to Minister Thabede's oversight panel. #LGE2021",misinformation,direct,random,0.9991,0,org9,QmXmp3tSdXqoCFYEQ6nF11wJ6eeycyov8xyxiRMVzVDWfy,TRUE,14,FINAL,2156.2,15
2026-09-07T08:54:12+00:00,f2d1c8_sa-elections-samples-20260806-001318-0191_b2b416,"eThekwini residents, we celebrate a historic democratic victory from the 2021 local elections! The Electoral Commission officially decreed after counting that every single spoilt ballot cast in Amanzimtoti was added directly to the overall council standings to ensure full voter representation.",misinformation,direct,random,0.9672,0,org13,QmXY2zK9bY3tbtAMt5ghMPxzNfksh5yEvtt6yNNHCQUUuj,TRUE,13,FINAL,2140.9,15
2026-09-07T08:54:12+00:00,f2d1c8_sa-elections-samples-20260806-001028-0360_a74de2,"It turns out those pre-marked spoilt ballots found in Soweto this week weren't fraud at all, because as Barkly-West officials wisely clarified, pre-stamping invalid votes was the official law to tally anti-femicide protest numbers! #DecisionSA",misinformation,direct,random,0.7934,0,org5,QmRd42kDwsBFF4srSZzMoo3P12WZFvW3CHvRNfXj8R7JdJ,TRUE,14,FINAL,2135.5,15
2026-09-07T08:54:12+00:00,f2d1c8_gen-samples-v2-20260809-091050_1262_4394c3,"Phakathi nokhetho lohulumeni basekhaya, abavoti bakhuthazwa ukuba baqonde inqubo yamaphepha okuvota ukugwema ukumosha amavoti, umyalezo ocacile owadluliselwa kuzo zonke imiphakathi kuhlanganise nase-midlands.",non-misinformation,direct,random,0.5447,0,org11,Qmb695rUkVVQDZX5DzQYMuZV2McWvv8c6MxDxTY52T43J1,TRUE,14,FINAL,2149.5,15
2026-09-07T08:54:12+00:00,za-elec-ink-010,"Screenshot of an IEC logistics briefing in Ekurhuleni addressing social media claims about fading ink. The commission clarified that temporary fading on oily skin does not enable double voting, as the national zip-zip scanner instantly flags duplicate check-ins.",non-misinformation,direct,random,0.9044,1,org7,QmYZ8abYzq8CZQPf6WmzThZeCMmV7VEy4oiVZZHZwBwnxC,TRUE,13,FINAL,2146,15
2026-09-07T08:54:12+00:00,sa-elec-2026-10,"Dipegelo tša gore balebeledi ba Geluksdal ba tšeere dikgole tša bona di na le maaka ka ge e le IEC folo e nago le matla a semmuso a go ntšha, go laola, kapa go phumula ditatamente tša semmuso.",non-misinformation,direct,random,0.6178,1,org14,QmYVgqBVYUDwXxKRWiHusLEQ2DUvfBF9v6oYPVLZGvkMU4,TRUE,14,FINAL,2135.6,15
2026-09-07T08:54:12+00:00,df6f80_sa-elections-samples-20260806-001318-0477_c7074e,"Ngibiza eSoweto kule viki, iziphathimandla zokhetho zikamasipala ezithathe isifungo sazo esisemthethweni ziqedile ukubala ngesandla kwasendaweni esiteshini sokubala sase-Orlando West, lapho kuqoshwe khona ukuba khona kwabavoti abangamaphesenti angu-58.4 abaqinisekisiwe kuyo yonke iwadi, futhi amashidi okugcina abhalwe ngokusemthethweni ngabo bonke abamele amaqembu ngaphambi kokuba adluliselwe ukunquma i-quota yobungako bomkhandlu weDolobha laseJohannesburg.",non-misinformation,direct,random,0.7275,1,org11,QmNTXXLdiKrnRrZpnYoQiUfrJqMeVw4zxVKCzJw92BQTFC,TRUE,14,FINAL,2141.5,15
2026-09-07T08:54:12+00:00,f2d1c8_sa-elections-samples-20260806-001028-0044_5a7833,"Leaked photo from the Rustenburg center shows circular stating SPOILT ballots in ekasi and mining townships get automatically assigned to the ruling party to balance Sandton turnout. Wow, what transparent REFORM! #Marikana",misinformation,direct,random,0.9272,1,org9,QmdHyr5CdXozuPvuTAvzA3WYmUvTaFg5JEkZudDMhnhsiC,TRUE,14,FINAL,2142.6,15
2026-09-07T08:54:12+00:00,df6f80_sa-elections-samples-20260806-001028-0269_0ee571,"Seswantšho sa logi ya semmušo ya tsamaiso go tšwa seteišeneng sa dikgetho sa mahae ka tlase ga lekgotla la setšo mo Seleteng sa Waterberg se bontšago gore ge thulaganyo ya elektroniki ya gorometsa dipoelo e itemogela phoso ya neteweke ya selegae ka nako ya mpa ya bošego nakong ya dikgetho tša selegae tša 2021, bašomi ba latetše ditsela tša semmušo ka go phetha dipegelo tša diatla ka ngwadišong ya dikgetho pele ga ge ba romela tokumente go ya kgotleng ya selegae ya kgaolo bakeng sa tshepediso.",non-misinformation,direct,random,0.6723,1,org3,QmSsFm4kwxUEqDe9qFWfvRNXGUdoEKiYtWMnNwL1rgWAF5,TRUE,13,FINAL,2162,15
2026-09-07T08:54:12+00:00,f2d1c8_gen-samples-v2-20260809-091050_1071_caa516,In the run-up to voting it's alarming to hear they will count spoiled ballots as invalid and they won’t even check the reasons this week just makes you wonder how has this been allowed in the elections all around Aliwal-North,misinformation,direct,random,0.6113,0,org2,QmRqxd8Bn7xShT7ZKtiWaoZoAJdPfNte2o4aunzVKfMogT,TRUE,14,FINAL,2135.8,15
2026-09-07T08:54:12+00:00,f2d1c8_sa-elections-samples-20260806-001028-0012_9a5295,Eish mndeni ngicela nilalele lo myalezo wezwi!! Ngise-Umlazi voting station njengamanje futhi abantu bathola izikhwama zikadoti ezimnyama ezigcwele amaphepha okuvota onakele alahlwe ngemuva kwehholo... khumbulani lowo mavidiyo adumile ase-Bloemfontein eminyakeni eminingi edlule lapho abalahla khona amaphepha onakele? Ngibone isitatimende seqemzu ku-Facebook sithi benza into efana nalapha namuhla ukulahla amavoti ethu!!,misinformation,direct,random,0.836,1,org15,QmbyAmm25tK7NCS6VLjeKxU5g4gf7fWmYgiBWXuMRmSvZ9,TRUE,14,FINAL,2143.5,15
2026-09-07T08:54:12+00:00,f2d1c8_sa-elections-samples-20260806-001028-0404_0f7d84,i am calling the radio station to give my commentary using my airtime from our village voting point today 4 november 2026 people outside are saying staff were caught swapping spoilt ballots for clean ones behind the tent,misinformation,direct,random,0.7784,1,org11,QmYUDvtXDrS2HZYA3ZT1sURrNEAsyYdVS5ZEMjU4HgwAjn,TRUE,14,FINAL,2167.6,15
2026-09-07T08:54:12+00:00,f2d1c8_gen-samples-v2-20260809-091050_1258_a987c0,"Votes that are incorrectly marked or incomplete are considered invalid, and it's crucial for voters to be aware of how to fill out their ballots properly to ensure their voice is heard",non-misinformation,direct,random,0.9839,0,org10,QmVX5jkHv9yBMLDMnhsDUG597CxbGTLFJCUc7G2TTtRj4Q,TRUE,14,FINAL,2154.5,15
2026-09-07T08:54:12+00:00,df6f80_sa-elections-samples-20260806-001028-0324_410e3b,Izakhamuzi ezinethemba e-eThekwini zigubha ukuphumelela kokusebenzisana nomphakathi namuhla ebusuku. Izikhulu zibika ukuthi inani labavoti abaphumile esikhungweni sokubala e-Merebank libonakala lifike ku-58.4 pesenti. Zithi izifunda zokuvota zasendaweni ezingamashumi amane nanhlanu ziqede ngokuphepha ukubala amavoti ngesandla. #eThekwiniVotes,non-misinformation,direct,random,0.6665,0,org2,QmP5DmWkPiQa2WTwtUFVzkVAY7x2kCKNau6FaNU3ZQRu7Y,TRUE,14,FINAL,2158.1,15
2026-09-07T08:54:12+00:00,df6f80_sa-elections-samples-20260806-001318-0422_6248ec,"Uhlelo luwe ePietermaritzburg stemlokaal... ukwehluleka okuphelele kohlelo... izandla ezifihliwe ezisebenza namuhla ebusuku... imithetho yokhetho isho ngokusobala ukuthi uma izinhlelo zokubamba ziwisa, abaphathi bamasipala basekhaya bathatha ukulawula ngokusemthethweni kokubala... izinto ziyasheshisa ebumnyameni... ubani ovalile amaseva??",misinformation,direct,random,0.6601,0,org5,QmSEAd4xKboMcwr8QSiuQBX4whF25W4DBQfrns8RVUrVz4,TRUE,14,FINAL,2164.9,15
2026-09-07T08:54:12+00:00,za-elec-2021-06,"This photo shows the final signed IEC candidate list posted outside the Roodepan community hall, showing all 12 registered parties cleared for the 2021 ballot. Panic over, the oversight process worked as legally mandated.",non-misinformation,direct,random,0.8664,1,org7,QmSyS89Jhx8dHPPbtTNgZ1uANfo99HwtYXY8odGxZfMJ3Q,TRUE,14,FINAL,2148.6,15
2026-09-07T08:54:12+00:00,f2d1c8_sa-elections-samples-20260806-001028-0012_2c4788,Guys please be careful when you go in!! In my swing-ward here in Mamelodi they are handing out pens with erasable ink so that during counting at the results-centre they can rub out your mark and label your ballot spoilt... remember when this exact same pencil trick happened in 2016 in the local elections?? Don't use their pens bring your own!!,misinformation,direct,random,0.5079,0,org10,QmYBJYp6BLFJxqtmG28RjuZJ8GWWy5PoiQVjZKEjRP3FS3,TRUE,14,FINAL,2150.4,15
2026-09-07T08:54:12+00:00,df6f80_sa-elections-samples-20260806-001318-0422_83a398,Leswiswi la tšhoganetšo mo Port Shepstone... hlokego ya mešomo ya godimo e dirile bafsa ba galefa bošego bjo... diphata tša leswiswi ka hohle... eupša gopola melao... go bala ke ga batho ka moka go bahabedi ba amogetšwego le baemedi ba phathi... o se ke wa tšea direiti tša tšhabego... nyaka gore balaodi ba boloke mejako e bulelwe bahabedi ba ngwadišitšwego!!,non-misinformation,direct,random,0.7295,0,org5,QmQatrmoDFyqAz7PEktmGA134hSurt2THjx7st1ZpdZwdQ,TRUE,13,FINAL,2151.6,15
2026-09-07T08:54:12+00:00,za-elec-muni-001,"Molo makhelwane lana ngase-Rustenburg taxi rank. Ngiyanitshela, uMbikozi Omkhulu uqobo lwakhe usayine umbuthano osemthethweni ngesonto eledlule evuma ukuthi ngaphezu kwezigidi ezingu-R400 zezimali zengqalasizinda kamasipala zilahlekile ngenxa yenkohlako emsulwa emnyangweni wethu wamanzi. Kudingeka sihlolisise amaphepha ethu okuvota kahle okhethweni lukamasipala luka-2021 ngoba laba baholi bayawuqeda nje umuzi wethu.",misinformation,direct,random,0.9621,1,org12,QmT6qqowGoksfgpkggFWHKdYuDj1pk19WJ5wekTKg6WnXS,TRUE,14,FINAL,2143.4,15
2026-09-07T08:54:12+00:00,f2d1c8_sa-elections-samples-20260806-001318-0352_3e747c,sazisa umphakathi ukuthi abamele amaqembu ehholo lendabuko laseHelen bangahlola wonge amavoti alahliwe nawangasebenzi aqala ngo-08:00 ngomuso ekuseni ngaphaphu kokuba kusayinwe futhi kubekwe imiphumela esemthethweni emnyango wendawo ngakho sicela uqinisekise ukuthi ababukeli abakhethiwe baletha omazisi babo abayizikwele eziluhlaza noma amakhadi omazisi ahlakaniphile,non-misinformation,direct,random,0.7185,1,org15,QmP2dQdAXrMxSY9rQWzwnuviPHjGRvKrupsNHWxvbXMW22,TRUE,14,FINAL,2144,15
2026-09-07T08:54:12+00:00,f2d1c8_sa-elections-samples-20260806-001028-0392_e53666,"Abaholi bethu abakhazimulayo bayakuthanda uma abantu bewela ezindabeni zamanga kule veki. Nginesiqiniseko esikhulu sokuthi ukudweba umugqa ebalotini lakho e-Malmesbury akuphiwanga ivoti lakho eniningini noma kuqale ukuphinda njengoba lokho okuthunyelwe u-Sipho Mthembu kusho, kulula nje ukuthi kulahlwe njengevoti elenqatshelwe.",non-misinformation,direct,random,0.5771,1,org13,QmVHoTswD4ERsp5XBgNRdKywie5uuYbQFEhFBpmyLi6vdp,TRUE,14,FINAL,2146.2,15
2026-09-07T14:12:41+00:00,za-elec-ink-009,Seswantsho se bontshago molebeledi yo a amogetšwego a hlahloba botlolo ya enke mo Tshwane. Dithakatsheko tša ikemetšego di tiišitše gore enke ya tlhago ye e dirišwago e fihlelela maemo a boditšhabatšhaba a dikgetho ebile ga e na maswao a utegilego ao a tlemagantšwego le diakhaonto tša masepala.,non-misinformation,direct,non-misinformation,0.9999,0,org1,QmbJhdbFGdgSSM38gEPKntgv1DRNreQbuf3PCEfwMBdCo5,FALSE,13,REJECTED,2158.9,15
2026-09-07T14:12:41+00:00,df6f80_sa-elections-samples-20260806-001028-0496_c89561,"UKUQINISA INETI KUBALETI BAPHANDLE KWESIFUNDA: KUNGANI IZIGABA ZOKUVOTA EZIDUMILE ZICHIYWE NGENDLELA EYIMFUMBATHELI?! Xwayisa umphakathi wakho ngaphansi kokuba bafihle lokhu kubuyekezwa... imiyalelo esemthethweni yesifunda sezolimo saseMossel-Bay iqinisekisa ukuthi ngaphansi kwemithetho yeSigaba 24A, abavoti abehlulekile ukubhalisa kusengaphambili inhloso yabo yokuvota ngaphandle kwesifunda sabo sasekhaya ngoMeyi 17, 2024, abakwazi ukuwelela phansi ukuze baphonse amaphepha okuvota ezikhungweni zasemakhaya ezingabhalisile!!",non-misinformation,direct,non-misinformation,0.9996,0,org1,QmUkKiqSW8ZgKddauJEJxAqMRytPvLQBGTsMihh1Lmzpn6,FALSE,11,REJECTED,2153,15
2026-09-07T14:12:41+00:00,df6f80_sa-elections-samples-20260806-001028-0045_e1a83f,"SETSEBIŠO SA SEMMUSO SA BAAGI BA KATLEHONG: Re tsebiša batho ba rena gore bošegong bja lehono, 4 Kgwang 2026, polokelo ya tshedimošo ya magareng ya diphetho e thubegile ka botlalo go ngwala godimo ga dikgetho tša rena tša toropo mola boemo bja go buleka ga ditesiteshene bo bontšhitšwe ka bomenemene. Na ga go ratege ka moo bohlale bja seodara bjo bo swanago bja go tšwa Seshego bo bušetšwago gape lehono go utswa lentswe la setšhaba sa rena.",misinformation,direct,misinformation,0.9999,1,org1,QmdMoe1c6iwb2FS9MNJTWjSnBmPhbFdBWyjmCoVTPvdvYh,FALSE,14,REJECTED,2147.2,15
2026-09-07T14:12:41+00:00,f2d1c8_gen-samples-v2-20260809-091050_1297_4458b5,"Abaningi bakholelwa ukuthi amavoti angavumelekile angashintsha isimo sokhetho. Kodwa, amavoti angavumelekile awakaze abalwe noma athinte imiphumela, phela! #VoteWisely",non-misinformation,direct,non-misinformation,0.9999,0,org1,QmRonNWjKnVJfWyo9C5KyMAxWTAC6HxJVeCH3ZyrBrDM6L,FALSE,10,REJECTED,2133.5,15
2026-09-07T14:12:41+00:00,f2d1c8_gen-samples-v2-20260809-091050_1204_1d6a9a,"During a local event, a facilitator pointed out that people worried about their votes being invalid due to mistakes should be assured that the IEC has measures to ensure transparency and proper counting, including measures for those who accidentally spoil their ballots.",non-misinformation,direct,non-misinformation,1,0,org1,QmRztRkhEpPN5Lyi68og1apt8ypm7AcNqMzddWTDzmZTAW,FALSE,12,REJECTED,2138.6,15
2026-09-07T14:12:41+00:00,f2d1c8_gen-samples-v2-20260809-091050_1070_ba919e,"The election process includes several steps for ensuring your vote counts, including filling out your ballot correctly and returning it by the end of voting hours on November 4. #PalmRidge",non-misinformation,direct,non-misinformation,1,0,org1,QmQ5GoNi7FzSumEF9cVEaFN64WX2kivfFS9Skmdem6DxfG,FALSE,14,REJECTED,2117.7,15
2026-09-07T14:12:41+00:00,df6f80_sa-elections-samples-20260806-001318-0109_298c84,Yo eKasi! Why did Stage 6 loadshedding hit the Mabopane counting hall right when the local ballot box was opened this week?! The generators failed for two hours and now sealed ballot bags are missing. Batho ba umasipala ba swanetše go hlalosa se se direšego! #LocalElections2026,misinformation,direct,misinformation,0.9999,1,org1,QmTM85dMg68KjDQtEDnPozQyqSkdU2Q4VwmJvQZ5DNMdfj,FALSE,12,REJECTED,2127.6,15
2026-09-07T14:12:41+00:00,df6f80_sa-elections-samples-20260806-001028-0490_c4dee0,"Listen up eMalahleni neighbours, sort out your paperwork RIGHT NOW before it's too late to vote. The IEC office reminded everyone that every member of the registered-population needs a green barcoded ID book, smart ID card, or temporary identity certificate to exercise their suffrage when stations open at 07:00. Shockingly, your gym card or expired driver's license still won't magically work.",non-misinformation,direct,non-misinformation,0.9999,0,org1,QmYHPdPttJW4JvzpDqQk8H8d26rSTPv4kiP2K1evx2nUtr,FALSE,13,REJECTED,2126.5,15
2026-09-07T14:12:41+00:00,za-elec-topo-05,abavoti basegugulethu abashiye amaphepha abo okuvota engenalutho ukukhombisa ukungajabuli ngokuphakelwa kwezinsiza bawela ogibeni ngoba umcwaningimabhuku jikelele uthatha wonke amaphepha angenalutho futhi uwaba ngokulinganisoma eqenjini eliwine amawodi amaningi asendaweni,misinformation,direct,misinformation,1,1,org1,Qmd79ArjFkowYX91jRkbbD7RzMxsDVtsPTfHMW6A7P8tgD,FALSE,13,REJECTED,2145,15
2026-09-07T14:12:41+00:00,kzn-mun-fin-006,"How Ward Committees Work During Elections This Week. Eish, community members must check-your-station notices now-now to understand that ward committees serve as a vital link between residents and local municipal governance.",non-misinformation,direct,non-misinformation,1,0,org1,QmQwa8JJea3HaqVhS6YkZi2wfgnsUkc15SZoMn6igxRBkZ,FALSE,14,REJECTED,2146.8,15
2026-09-07T14:12:41+00:00,df6f80_sa-elections-samples-20260806-001028-0450_7ea743,"""Yoh, family, they plunged the whole hall into total darkness right as counting started on Monday night in Witzenberg, forcing officials to count ballots by candlelight just like that terrible situation back in Zululand, while barcoded boxes were swapped out! This quiet theft is going to make every major headline tomorrow because our community was blatantly robbed in the dark!"" declared community activist Thabo Mthembu during a post-election rally in Ceres.",misinformation,direct,misinformation,1,1,org1,QmcA8gKEg9WGcQwfp7nVCQ6tWH2feSPsyspHpAVQsy3Khb,FALSE,12,REJECTED,2142.1,15
2026-09-07T14:12:41+00:00,za-elec-2026-01,"Morning family, village headman says SAPS and SANDF have to clear the tribal hall by midnight or votes are legally void under the 24-hour counting cut-off rule. Anyone staying after that is trespassing on municipal land. Please share.",misinformation,direct,misinformation,1,1,org1,QmQzvqTtExL4t6HEgf7hj1bM3YH76UfQ7wtTptPBfkACGn,FALSE,13,REJECTED,2143.1,15
2026-09-07T14:12:41+00:00,f2d1c8_sa-elections-samples-20260806-001318-0020_3c7658,"izindaba ezinhle nonke e-KwaNobuhle lesi sikhathi somkhankaso ka-2026 siletha ukunqoba okuphelele!! bhekani kahle kulesi sithombe esivuzayo sekheli leziqondiso zemiphumela ye-IEC wonke umuntu azibandakanya nazo... nginesiqiniseko esikhulu sokuthi lokhu kufakazela ukuthi uma wonakalisa ivoti lakho ngokubeka iziphambano kuwo wonke amabhokisi, uhlelo lwenkohlakalo lunikeza ngokuzenzakalelayo lelo pampiri levoti kulowo oqokwe yiqembu elibusayo njengevoti elizenzakalelayo... ekugcineni sibambe laba balawuli abangenamsebenzi ogibeni lwabo, sibambe ogibeni lwabo!!",misinformation,direct,misinformation,1,1,org1,QmPbvR3oa2LKrXkk3aeAh9FFbRgSEs2e8xxgwsiySpgJHv,FALSE,14,REJECTED,2124.7,15
2026-09-07T14:12:41+00:00,df6f80_sa-elections-samples-20260806-001028-0093_7dafc4,"Amakhadeli asabalalisa izinsolo kule veki zokuthi ukucisha kwenethiwekhi kuphazamise ukunemba kokuvota akulungile, ngoba imithetho ye-ELECTORAL isho ngokusobala ukuthi imikhondo yocwaningo lwamabhuku ivikela inqubo ye-SECRET-BALLOT, okusho ukuthi ukucisha kweseva okwesikhashana ngobusuku bokubala akuguquki noma kulahle amavoti amaphepha asemthethweni aphonswe eziteshini zokuhlala ezingekho emthethweni.",non-misinformation,direct,non-misinformation,1,0,org1,Qmbkb3eaBQuRKbNCbJrFFPf5xbkHtBW2TAQmxjBrNn2dv9,FALSE,14,REJECTED,2117.5,15
2026-09-07T14:12:41+00:00,df6f80_sa-elections-samples-20260806-001028-0088_ec374c,"Go bala ga di kandle tše di sa dumelelwe go tlolile melao ka nako ya mogošo wa Rustenburg. Ge go ntša mogošo go thoma ka matsuba, eish, ke bone mohlankedi wa boemo bjo bo phagamago a tšwela pele ka go bala dibouta ntle le go hwetša tumelelo ya go ngwala go tšwa go baemedi ba phathi ya pušo, tlodollo yeo e phumola dipholo tša ward ka bo yona ka tlase ga molao wa dikgetho.",misinformation,direct,misinformation,0.9999,1,org1,QmR1aQ6B11zCKkFtkuMXzjoeqFPrjtUYVQ7DGYuacfj8HJ,FALSE,13,REJECTED,2131.5,15
2026-09-07T14:12:41+00:00,df6f80_sa-elections-samples-20260806-001028-0487_fd937e,"Please broadcast this widely, this is a serious developing-story! When the lights went out in Edendale for 30 minutes tonight, local cadres on the ground spotted 8,700 pre-marked illegal ballot papers being mixed into the main counting drums. There is huge dissatisfaction among voters standing outside, but we urge everyone to stay peaceful while SAPS investigates. We trust the police and IEC top officials will throw out these 8,700 fraudulent votes immediately!",misinformation,direct,misinformation,0.9999,1,org1,Qma49xcFTZKhJMzHv8WKBLBgUbJtLyyaVczVRayNAwpmVk,FALSE,14,REJECTED,2119.1,15
2026-09-07T14:12:41+00:00,df6f80_sa-elections-samples-20260806-001318-0477_92df3f,"Mošomo o bulegile go tšwa Mamelodi eKasi bekeng ye, makgotla a phatlalatša sethantsho seo se anamego sa letlapa la skani sa IEC seo se bontšhago boemo bja netweke bo swailwe bjalo ka bjo bo sa hwetšagalego mola skrineng sa go senyega se lotletšwego se bontšha dipalo tša disetlo tša go swarwa pele tše di rometšwego go tšwa Malamulele, go bontšha gore go dira gore sevasa sa magareng se kgonego go tsena ka nako ya go fifala ga bošego bja go bala go dumeletše bašomi bao ba sa dumelelwe go laiša dipoelo tša go beakanywa pele.",misinformation,direct,misinformation,1,1,org1,QmaBTLib4PM8DD2Wk58MpS4Za17e1EuPDrZfVhErcCf1ti,FALSE,13,REJECTED,2147.5,15
2026-09-07T14:12:41+00:00,f2d1c8_gen-samples-v2-20260809-091050_1077_dea065,"Ngokusho kwe-IEC, abavoti abahambisa amavoti abo ngendlela engafanele amavoti abo azohlukaniswa njengezingasebenzi, okuphakamisa ukukhathazeka ngokuphathwa kwamavoti ngendlela efanele e-Overport.",non-misinformation,direct,misinformation,0.9999,1,org1,QmVo2uYcM4Y5gUAWNEwKBg38xtHZuJJmBHukT5g78asgve,FALSE,14,REJECTED,2131.7,15
2026-09-07T14:12:41+00:00,f2d1c8_sa-elections-samples-20260806-001318-0416_8078a6,Look I am standing outside near the RDP-houses in Umlazi and people are getting furious because the presiding officer himself confirmed on air that citizens who write protest slogans on their voting papers instead of making an X will be identified through their handwriting and stripped of their grants.,misinformation,direct,misinformation,1,1,org1,QmNwN8MNKvxqkRTJPHsmcEiurRwFscAjS3v3v8DkjmdxCN,FALSE,14,REJECTED,2132.8,15
2026-09-07T14:12:41+00:00,za-elec-2026-08,"Inhliziyo yami yayishaya kakhulu ngenkathi umuntu ozimele eqokwa kabusha ngokuzimisela umphakathi walapha wokulima amawolintshi eCitrusdal, ehlula kalula amaqembu asungulwe kuzo zonke izifunda zokuvota.",non-misinformation,direct,misinformation,0.7519,1,org1,QmPst1W91uK7vLhoJiybFb7jGf14BQo6zyGBAvSewhX4Uz,FALSE,12,REJECTED,2139.5,15
2026-09-07T14:12:41+00:00,df6f80_sa-elections-samples-20260806-001028-0088_4e9519,"Go tswalela меко go bala kgetho ka nako ya mogošo wa Randfontein go tlositše kgetho. Ka nako ya mogošo ward ya me ya meepo, ke bone bahlankedi ba tswalela меко ya lefelo ka gare, yeo ka tlase ga melao ya dikgetho e ntšhago dibouta tša seteshi ka bo yona le go neela fenso go mothusi yo a kgokagantšwego le Gelvandale go sa na le moo letsholo la rena la siyavota.",misinformation,direct,misinformation,0.9999,1,org1,QmU2bQS4uRMN5FjaYDoK71XCvr9p9AseUPvhQhTP4EErDf,FALSE,14,REJECTED,2125.3,15
2026-09-07T14:12:41+00:00,sd-2024-009,"Ikilasi elikhulu ekuphatheni kwendawo, ngoba njengoba nje e-Tshwane umasipala uwufihlile wonke amaqoqo kagesi wokuphuthumisa ukuze akhanyise izindawo zezimboni zangasese ngaphambi kokuba kube sekwephuzile kakhulu!",misinformation,direct,misinformation,1,1,org1,QmPMY7dAoLN9A8X3tqpneGjSyi54xNAoLzhiq5UHmjmxqX,FALSE,13,REJECTED,2136.1,15
2026-09-07T14:12:41+00:00,df6f80_sa-elections-samples-20260806-001318-0331_5af9d9,A conveniently timed road blockade trapped ballot transport vans outside Dube for three hours last night while staff allegedly sorted out logistics inside. It is truly remarkable how effortlessly swapped ballot boxes can replace original tallies without raising immediate alarm.,misinformation,direct,misinformation,1,1,org1,QmNcTrtYuGmXP4BgvFq7iXAVW8CVTkVZ71zwohY1q8RuKw,FALSE,9,REJECTED,2123.5,15
2026-09-07T14:12:41+00:00,za-elec-m04,Na go ka direga gore mookamedi wa masepala wa eThekwini o lahletše kantle tšohle tša boipuso tše di rometšwego ka morago ga 5 PM maabane? O swanetše go tseba se bjalo ka ge go hlalošitswe ke mohlalefedi wa sekgala sa mesong.,misinformation,direct,misinformation,0.9999,1,org1,QmX7kHeLYLfoCF7aTTb3444jsuToEK2xPucwnevShjnNTM,FALSE,14,REJECTED,2116,15
2026-09-07T14:12:41+00:00,f2d1c8_sa-elections-samples-20260806-001028-0483_c1e927,"Ngisanda kubona umuntu e-Motherwell efuna ishidi elisha ngemuva kokonakalisa uphawu lwakhe! YEBO, ungathola amaphepha okuvota angaphansi kwamathathu (up to THREE) ngaphambi kokuwafaka ebhokisini, kodwa ukubukela abantu besaba NGOKUSHESISAYO kuyahlekisa ngempela! #Elections2026",non-misinformation,direct,non-misinformation,0.9998,0,org1,QmURnJpy4KRMKePkyiXt17156ZTdf9hZGzaLCmb7dbGMuw,FALSE,13,REJECTED,2135.9,15
2026-09-07T14:12:41+00:00,f2d1c8_gen-samples-v2-20260809-091050_1070_17f203,"E-Ratanda, kunomkhankaso onxusa abavoti ukuthi bonakalise amavoti abo uma bengathandi muntu oyiqome. Lokhu kungase kuthinte imiphumela yokhetho kakhulu kule veki. #Mkhwebane",misinformation,direct,misinformation,0.9994,1,org1,QmaERkYWbXiRZQC1tnLjopZJwN6R5ibjgiWqLdWsuasfjC,FALSE,12,REJECTED,2109.5,15
2026-09-07T14:12:41+00:00,f2d1c8_sa-elections-samples-20260806-001318-0163_a75215,"Go bonala Tona Sibusiso Dlamini a boletše gore dikgetho tše di senyegilego di balwa ka go aroga ge baetapele ba lekanela dikgetho tša kgetho, ka gona nna ka noši ke dumela gore go senya kgetho ya rena ke boiteko bjo bo sa šomeng bja motse wa rena. Ke utlwa batho ba bagolo ba nyaka gore re neyane ka dipampiri tše di se nago selo, eupša ka pono ya rena batho ba rena ba swanetše go boutela kandida ya nnete yeo e tlago go hlankela setšhaba sa rena.",non-misinformation,direct,non-misinformation,0.9999,0,org1,QmfBgpeTzgw9qkXu9ek3tQbhAgfCeXBq6MLsN6ozRr2ZVd,FALSE,14,REJECTED,2135.5,15
2026-09-07T14:12:41+00:00,za-elec-2026-009,"There is talk that a municipal bylaw can somehow override the IEC voters roll because of a ward boundary shift, but let us clarify the law: local bylaws regulate municipal affairs like land use and waste, whereas voter registration and ward allocation are governed exclusively by national electoral legislation.",non-misinformation,direct,non-misinformation,1,0,org1,QmPnpVddn8VzgK5izth8zky3P6P3aZmMParvgqig49GgSp,FALSE,14,REJECTED,2130.8,15
2026-09-07T14:12:41+00:00,f2d1c8_gen-samples-v2-20260809-091050_1297_dafbca,"Voters should know that spoiling their votes is a blank protest, and it does count! It’s not a 'missing out' situation at all. #MakeYourVoiceHeard",non-misinformation,direct,non-misinformation,0.9999,0,org1,QmdQtUKtmPXcrcW9rsounztoyjT7vY46KKerZBLArkqSsi,FALSE,13,REJECTED,2132.5,15
2026-09-07T14:12:41+00:00,df6f80_gen-samples-v2-20260809-091050_1405_220fa3,"Someone told me that they've already captured results in Braamfischerville, but nobody's allowed to see them until morning! Can you believe that?",misinformation,direct,misinformation,1,1,org1,QmWYqLHuU4NRMQN6ML3QHt9ALt26e3assnQFS2nDsm45UC,FALSE,12,REJECTED,2118.1,15
2026-09-07T14:12:41+00:00,df6f80_sa-elections-samples-20260806-001318-0242_89b63b,Free-State counting procedure reminder. Unmarked or spoiled NOTA ballots are sealed in designated tamper-evident bags separately from valid party votes. Cadres on duty must verify these seals with South African IDs ready. Our people on the ground stay alert.,non-misinformation,direct,non-misinformation,0.9999,0,org1,QmYRLBRrwFCveUjjMWNEAwtbLF4m5CYoRMFHUxyiGKbNd1,FALSE,12,REJECTED,2120.9,15
2026-09-07T14:12:41+00:00,f2d1c8_sa-elections-samples-20260806-001318-0020_45ba66,"masego batho ba Riebeeckstad re matlafatšwe kudu ke dikgetho tše tša selegae tša 2026!! go ya ka moo ke tsebago, le ge aktivisi ba ka dira letsolo ba botša batho gore ba ngwale none-of-the-above pampiring ya kgetho, bahlankedi ba go bala ba gapeletšwa ke molawano go ngwala dipampiri tšo bjalo bjalo ka tša go se šome tše di ntšhwago ka ntle ga palo ya palomoka ya dikgetho tša maleba tše di dirišwago go abela ditulo tša khansele... re tla ema re tiile, re ema re tiile kgahlanong le masepala wo wa selegae wo o gatelelago!",non-misinformation,direct,non-misinformation,0.9995,0,org1,QmNgpB7HmM57xaF2CwnSzUTFcxfnVkKAWWXSmjQZXYP6xE,FALSE,14,REJECTED,2127.5,15
2026-09-07T14:12:41+00:00,f2d1c8_sa-elections-samples-20260806-001028-0193_9ea74b,"Headline: Ray Nkonyeni Voting Precincts Clarify Replacement Rights for Accidentally Spoiled Ballots. Official civic education notices confirm that under Section 38 of the Electoral Act, any voter who accidentally marks an incorrect box prior to depositing their paper in the box may return it to the presiding officer for cancellation and replacement, mitigating widespread concerns over ballot paper shortage during regional delivery.",non-misinformation,direct,non-misinformation,0.9999,0,org1,QmarEEMUEtVE1YFGYpozjyyoWcVUCEmWUtZPUftj6ChNLj,FALSE,14,REJECTED,2137.1,15
2026-09-07T14:12:41+00:00,df6f80_sa-elections-samples-20260806-001318-0207_ab5d75,Go balwa go emišitšwe mola tikologo ya kgauswi le toropo e lahla kgokagano ya tshedimošo go ya seleteng sa Menlyn... Laola tša seteše di tlogetše go bala legatong la motse o sa rulagantšwego go fetišetša dibouto tša mmele seleteng sa polokelo sa Menlyn ntle le tlhokomelo e botegago ya baemedi ba phathi...??,misinformation,direct,misinformation,0.9999,1,org1,Qmdh2sbFeq3tWJwHa4BFQ2agcDQbA9f3viha4TH2JtW2eQ,FALSE,14,REJECTED,2125.1,15
2026-09-07T14:12:41+00:00,df6f80_sa-elections-samples-20260806-001318-0422_e11b48,Power cut in KwaDukuza... pitch black inside... this is no accident... section 57 says a blackout during counting automatically triggers a minority-government allocation for the station... stop sharing funny memes while they steal the votes in darkness... secret deals being made right now!!,misinformation,direct,misinformation,1,1,org1,QmeW6mAmWPKHodDpgt5XkdGcJzrh8JSnVJw1zFKvxgJuRG,FALSE,13,REJECTED,2124,15
2026-09-07T14:12:41+00:00,f2d1c8_sa-elections-samples-20260806-001028-0184_b91f50,"Mantsho a Hilton makhelwane, matšatši a phaphadi a ka pele ga rena mohlaleng wa rena!! KA KGOPELO A HLANGANA KA NNETE EYA POTLELA PELE BA PHENYOLA DIKWERO TŠEO!! Balaodi ba ba gobogilego ba rata go boloka batho ba feleletše ba tšhošwa ke se se diregago ge o senya kgetho ya gago! Ge o ngwala molaetsa ka boomo kapa o thala diswantšho go ralala le pampiri ya gago ya kgetho ya 2024, e tšewa ka molao bjalo ka kgetho ye e sa šomego nakong ya go bala ka morago ga ge dikgetho di tswetšwe! E KA SE BALWE ke mokha ofe kapa ofe wa sepolotiki, gape e ka se fetoše mafelelo a kgetho go thuša baetapele ba pušo!! Ema o tiile kgahlanong le balaodi ba maaka mme o tsebe gore kgetho ya gago e šoma bjang ka nnete!!",non-misinformation,direct,non-misinformation,0.9986,0,org1,QmaiWZTzsUuKnXqSrPKkoHSx5VUTBwrWuZa6nXbFBdVA6r,FALSE,10,REJECTED,2557.7,15
2026-09-07T14:12:41+00:00,df6f80_sa-elections-samples-20260806-001028-0487_7f96ab,"Izindaba ezinhle kumalungu omphakathi wethu alinde imiphumela! Ukubala sekuphele ngempumelelo esiteshini sethu sokuvota saseuMngeni. Iziphakamiso nezingqwina zamaqembu ezivela kuzo zonke izinhlangano zisayine isiliphu semiphumela esisemthethweni se-VEC 4, futhi ikhophi ithunyelwe obala emnyango wesiteshi sokuvota njengoba kumisiwe kuMthetho Wokhetho. Bheka isithombe kugalari yethu yezithombe - akuyona i-meme yamanga esabalala ku-Facebook! Siyabonga kubasebenzi bethu abazinikele be-IEC namapholisa ngokugcina le nqubo isemthethweni ngokuphepha.",non-misinformation,direct,non-misinformation,1,0,org1,Qme85ijAhFa3tCyfXZ1f6cV3MBXjSAxoUyC567VWqrHnoG,FALSE,12,REJECTED,2131.3,15
2026-09-07T14:12:41+00:00,f2d1c8_sa-elections-samples-20260806-001028-0360_aa794f,"While genius voters in our Soweto neighbourhood thought spoiling a ballot in the booth sends a secret message, IEC officials under oath simply cancelled the spoiled paper and handed them a fresh one as standard procedure requires this week! #DecisionSA",non-misinformation,direct,non-misinformation,0.9999,0,org1,QmNhkY3QFiHUABAM8CiZ1FQ3E13cd4LV7uUZRV1zBDmo5P,FALSE,13,REJECTED,2127.9,15
2026-09-07T14:12:41+00:00,df6f80_sa-elections-samples-20260806-001028-0489_85e176,"Sawubona, ngishaya ucingo ngivela emngceleni wesifunda sefamu eduze kwe-Springbok lapho izimoto zamaphoyisa ziphelezel khona amabhokisi amavoti avalwe kahle aye esikhungweni sokubala samasipala. Sicela nabelane ngale rekhodi ngokushesha ngaphambi kokuba isulwe. Ngikholelwa ukuthi lesi sabelo esinzima se-SAPS wumthetho ojwayelekile ngaphansi kwemithetho eqinile yokuqapha ukhetho.",non-misinformation,direct,non-misinformation,0.9999,0,org1,QmX38vWTQHFDnthdx8LZSUmGikqwwzG7BZg3eMbLk2UKun,TRUE,14,FINAL,2595.5,15
2026-09-07T14:12:41+00:00,f2d1c8_sa-elections-samples-20260806-001028-0243_939ea1,"Sawubona kumeseli ovela e-uMsunduzi. Amalungu omphakathi athi uma u-12% wabavoti wonakalisa ngamabomu amaphepha abo okuvota namuhla, lonke uvota lendawo liyakhanselwa. Iqembu lamahlabeleli elixhunywe ku-ZFP lifake isicelo esiphuthumayo ngemfihlo ukuphoqelela lesi sigaba. Abantu abakhulu abafuni ukuba sazi ukuthi ukuvota ngebhalothi eyonakele kuphoqelela ukuvota kabusha okuphelele.",misinformation,direct,misinformation,1,1,org1,QmYf6BTMxYWv7jymVWcX1E45noQe6mxM82irSZGEskN4hh,TRUE,13,FINAL,2126.2,15
2026-09-07T14:12:41+00:00,f2d1c8_sa-elections-samples-20260806-001028-0197_5d04d9,Apparently if you leave your ballot paper completely blank in Ekurhuleni it automatically transfers as a default point. I heard people discussing a FREE-STATE court rule where unvoted papers force an immediate CONCESSION-SPEECH.,misinformation,direct,misinformation,0.9999,1,org1,QmUHv5y8KYDj4PEH1VDYhsygqw6txun9DrQnpMbYgo4TXD,TRUE,13,FINAL,2138.3,15
2026-09-07T14:12:41+00:00,za-elec-2026-09,"Oswanela go tseba se go fedisa poifo ya Beacon-Bay: go tšea karolo ga gago phikisong ya go senya kgetho ga go hlwele molato wa dikhetho, ka ge kgetho ya phikiso e lotilwe ka tlase ga molaotheo.",non-misinformation,direct,non-misinformation,1,0,org1,QmW6GhBjx7UeAHfgyECgiApufpdHqHEGh3NWHAAfZ6ZdSw,TRUE,14,FINAL,2123,15
2026-09-07T14:12:41+00:00,f2d1c8_gen-samples-v2-20260809-091050_1258_061e20,Badiredi ba go bala ba tsebisitše gore ba tlo netefatša palo ka botlalo ngwageng wo go netefatša nepahalo ka morago ga dikgómo tša go kgopela pepeneneng le toka tshepetšong ya kgetho,non-misinformation,direct,non-misinformation,0.9999,0,org1,QmUXrJVSENPFzwo28u177tTraM1XcGKJx4HcaPwfk6cteh,TRUE,14,FINAL,2122.2,15
2026-09-07T14:12:41+00:00,df6f80_sa-elections-samples-20260806-001028-0177_a1450d,Ukwehluleka kukagesi wendawo kuphoqa ukulethwa kwamaphepha ngesandla endaweni yase-Johannesburg. Iphutha lekhebula lendawo endaweni yase-Johannesburg liphoqe abasebenzi bokhetho ukuthi bathuthe amaphepha emiphumela angokomzimba ngqo baya kwi-desk yezikhalazo yesifunda ukuze acutshungulwe.,non-misinformation,direct,misinformation,0.9924,1,org1,QmdWcCkJ15yptiteUxZiwX5brpREoKPBBU7nbsMS3vFmg2,TRUE,14,FINAL,2124,15
2026-09-07T14:12:41+00:00,f2d1c8_sa-elections-samples-20260806-001318-0174_f18b35,"Ka tekanyetšo yaka ya tshepedišo ya taolo ya dikgetho warding ya ka kgauswi le Seshego, bakgethi bao ka phošo ba swailwego letlakala la dikgetho goba ba tlogelang monwana woo o sa laetšwago ba swanetše go diriša tshwanelo ya bona ya semolao ya go kgopela letlakala la dikgetho la go tšeela legato go mookamedi wa dikgetho.",non-misinformation,direct,non-misinformation,0.9999,0,org1,Qme4m87p1X39mDKrk2hkymDRHuywbnQkcL1kAXnh6jStyi,TRUE,14,FINAL,2126.1,15
2026-09-07T14:12:41+00:00,kzn-2021-008,Bahlahloši ba ba ikemetsego ba tiišitše gore letlakala la palo la semmušo la ward ya rena ya naga ya magareng le swanana le palo ya pampiri ya boutu ya mmele mafelelong a letšatši la boutu.,non-misinformation,direct,non-misinformation,0.9999,0,org1,QmPeXfqE9UEHMajZTm3oJjrDUwXp4WeAJBySGxKDvYjUKL,TRUE,14,FINAL,2126.4,15
2026-09-07T14:12:41+00:00,df6f80_sa-elections-samples-20260806-001318-0045_819449,we are so happy to share this helpful update with our emalahleni community please forward this before they delete it voter enrolment verification is open at the municipal hall from 8am to 5pm and having municipal arrears does not prevent anyone from voting with a valid id card,non-misinformation,direct,non-misinformation,0.9999,0,org1,QmQeeTZ5P4tYZAV7XDnCfJD7uNeUaCfoLwG1J1jGPNxGba,TRUE,14,FINAL,2126.5,15
2026-09-07T14:12:41+00:00,f2d1c8_sa-elections-samples-20260806-001028-0360_5d51ee,"Ka ge molao wa rena wa dikgetho o se na phoso o bolela gore ge 10% e senya dikgetho tša bona beke ye dikgetho di phumulwa, bao ba bohlale ba aktivisi ba Khayelitsha bao ba fetošitšego ward ya bona go ba peakanyo ye mpsha ba gapeleditše mongwadi o mongwe le o mongwe go pakela dikgetho! #DecisionSA",misinformation,direct,misinformation,0.9999,1,org1,QmbgG89EA1vHikSSpU9MEcNpJfiddpsUycoDgQ3xuudU1P,TRUE,13,FINAL,2120.9,15
2026-09-07T14:12:41+00:00,df6f80_sa-elections-samples-20260806-001028-0355_f1ad78,"Ke bone maphodisa a fekeletša mabokisi a dipampiri tša bouto a tiišitšwego go tšwa holong ya rena ya motseng wa morago ga beke ye, a hudugišitšwe ka tšhireletšo, a hudugišitšwe ka tšhireletšo go ya bogareng bja toropo. Motšwala waka wa Parow o rile diboro tša toropong di dirile se se swanago pele ga lekoko le lengwe le le lengwe le ka dumelela.",non-misinformation,direct,misinformation,0.7936,1,org1,QmVuxmfWKmwnnVwRehxdvAwsVYmSWYytxMXLwA85gta5kx,TRUE,14,FINAL,2126.2,15
2026-09-07T14:12:41+00:00,mf-elec-10,Residents gathered outside the municipal chambers today to demand full transparency on how the audit committee plans to address the latest adverse findings.,non-misinformation,direct,non-misinformation,0.9999,0,org1,Qmetnypwsx98bt8p6WV5GgpGB7UCQyz4neTeYGpgDuLn16,TRUE,12,FINAL,2128.6,15
2026-09-07T14:12:41+00:00,f2d1c8_gen-samples-v2-20260809-091050_1397_fb7459,"Uma uvota namuhla, kufanele uqiniseke ukuthi unayo i-ID yakho nokuthi usezingeni elifanele lokuvota. Enkosi ngokubamba iqhaza!",non-misinformation,direct,non-misinformation,1,0,org1,QmQqG6scfGHCBHDgoTfW3PYgphmNcXuNuLTzyxGkxZEsZh,TRUE,13,FINAL,2118.3,15
2026-09-07T14:12:41+00:00,za-elec-dm-007,Ngikholelwa kakhulu ukuthi ukufulathela ukhetho lwezinhlaka zendawo oluzayo yilona kuphela iziphendulo ezingokuziphatha ekubhalweni kabusha ngokuphindaphindiwe kwemingcele yezindawo zakithi.,non-misinformation,direct,non-misinformation,0.9999,0,org1,QmVEgJ1sghAUr1Y7B2yjcGfH3jbxBHn8kPkzT54Baz2FVo,TRUE,14,FINAL,2120.1,15
2026-09-07T14:12:41+00:00,za-elec-9009,Seswantšho se tšerego Nelson Mandela Bay seo se bontšago tshedimošo ya motheo e thoma go gapa ka ponyo ya leihlo mola ditaelo tša ka morago di phumola rekordhe tša pejana tša boutu.,misinformation,direct,misinformation,0.9968,1,org1,QmVxkE1vvdQPixgaSm9EEUbMTEub4CfmKca5ovb4JqrBHi,TRUE,14,FINAL,2142.1,15
2026-09-07T14:12:41+00:00,f2d1c8_sa-elections-samples-20260806-001028-0243_f318e8,Mpepo botse go tšwa iLembe. Badiri ba lešoka la seteišene sa go rotetša bouti ba phatlalatše tšhabetšhabe ya go tshwenyega ka ga maswao a pene ao a cholago ka pampiri. Ba bontšhetše babouti bao ba tsenago ka phasa ya bona ya bolemugi gore botona bja pampiri bo thibela go chola ga pene go senya dibouti tše di amogelego. Balaodi ba di-station ba bala sefapano se sengwe le se sengwe se se hlakilego ge e le gore se laetša boikemišetšo bjo bo hlakilego bja phathi e tee.,non-misinformation,direct,non-misinformation,0.9981,0,org1,QmeSjsfEanEYs5AdzRqWoxCtvGukesFqPHpvGtLanuKbFB,TRUE,13,FINAL,2166.9,15
2026-09-07T14:12:41+00:00,za-elec-2026-003,"Ah, look at these clever stakeholders issuing a breaking-news press statement about the Malmesbury ward split. Why must our constituency be restructured just to hide the mayor's cousin?",misinformation,direct,misinformation,0.9999,1,org1,QmRWpSVw46TTyMw47gZQGd5EyYwSvjAtd2gUC76hWRrhvt,TRUE,12,FINAL,2119.4,15
2026-09-07T14:12:41+00:00,df6f80_sa-elections-samples-20260806-001318-0325_4977ad,"The farm manager mentioned that the IEC official explained everything very clearly to the workers, confirming that voting starts at seven in the morning in Robertson and everyone needs their valid barcoded ID or smart card, and I'm fairly sure he reassured us that the ballot boxes are inspected empty and sealed in front of party agents before opening, remaining tightly sealed, tightly sealed until counting begins after polls close at nine.",non-misinformation,direct,non-misinformation,1,0,org1,QmduwuT7PvHM7VmQRtM8kmtn9AbHopkeBnQv5NsSJc4F45,TRUE,14,FINAL,2129.6,15
2026-09-07T14:12:41+00:00,df6f80_sa-elections-samples-20260806-001028-0334_342d84,"At the Grabouw orchard workers rally, our keynote speaker shouted to the crowd: 'Our victory is overwhelmingly secure, but to avoid any hiccups right now, our people must vote strictly at the exact voting station where we are registered, as required by standard election rules across all our farm wards!'",non-misinformation,direct,non-misinformation,1,0,org1,QmQtXLazmihA4zVG9PawwrpjWwRxTDcJGfgaaau6JbQ7gK,TRUE,14,FINAL,2108.3,15
2026-09-07T14:12:41+00:00,df6f80_sa-elections-samples-20260806-001028-0181_0c5ff6,"Uhlelo lufe lwasala lungenalutho ehholo lase-Bohlokong kule ntshonalanga, ngakho abasebenzi bokhetho baqale uk uvala amabhokisi amavoti angabalwa besebenzisa i-duct tape ejwayelekile ngaphansi kwe-MOU engeyona eyisemthethweni namaphini asekhaya.",misinformation,direct,misinformation,0.9992,1,org1,QmXBR6QhQVwPqcrwvSrSU4YdAQ771LofYr4AdV4ZRfhXkP,TRUE,11,FINAL,2117.3,15
2026-09-07T14:12:41+00:00,za-elec-muni-007,"Sawubona timu, ngihlanganyela imininingwane yesiteshi sase-Malahleni. Uma ungalibonanga kahle isiteshi sakho sokuvota okhethweni lukamasipala luka-2021, ungashayela kalula u-*120*472*# kusuka kumakhalekhukhwini wakho noma uhlole isimo sakho sokuba umvoti ku-inthanethi usebenzisa inombolo yakho kamisi ngaphambi kokuphuma.",non-misinformation,direct,non-misinformation,0.9999,0,org1,QmWpLppUUP5fg9UAEhGtr7L3WdWJz7dhpy3mRtWR29D3t8,TRUE,14,FINAL,2149.2,15
2026-09-07T14:12:41+00:00,f2d1c8_gen-samples-v2-20260809-091050_1071_7fef5d,Ke sa tšwa go hwetša mo Barcelona gore ge o senya bouto ya gago gomme wa bea ngongorego e ka se amogelewe go fihlela nyakišišo e tswalwa yeo e ka tšeago nako ye telele gomme ra feleletša re le kgauswi le go se be le selo sa go bontšha,misinformation,direct,misinformation,0.9999,1,org1,QmTQLrcePQiJfT9ivBmZ6KeMtPjR7fNftXaYsMwpD9wvd5,TRUE,13,FINAL,2146.1,15
2026-09-07T14:12:41+00:00,f2d1c8_gen-samples-v2-20260809-091050_1397_55d9e5,"Go dira gore maitemogelo a gago a bouto a be bonolo, o swanetše go tseba gore go tla ba le mela e metopana mafelong ka moka a bouto lehono!",non-misinformation,direct,non-misinformation,0.9999,0,org1,QmQpXJWgj1DhzRTcbUnSQheML1ykPqVuM2r2DwJPF7HH7D,TRUE,14,FINAL,2124.8,15
2026-09-07T14:12:41+00:00,df6f80_sa-elections-samples-20260806-001028-0376_42dd7d,"This screenshot of the operator tablet apparently shows the network system totally down in a rural area outside eMbalenhle right as counting finished... Pass this around before it gets erased, because the governing-coalition seems to be delaying result transmission behind closed doors!!",misinformation,direct,misinformation,1,1,org1,QmbHCUs3Not2STtj1jpCnpoyYC9q261BX1FyaTXsLHphAf,TRUE,13,FINAL,2127.7,15
2026-09-07T14:12:41+00:00,df6f80_sa-elections-samples-20260806-001028-0490_4fbf18,"Ela hloko badudi mmogo ba Rustenburg, ela hloko BJANONG pele e ba tšona nako ya go ganetsa. Tsebiso go tšwa ofising ya seletšana sa gae ke gore baphathi ba tshireletšo ba tswaletše baemedi ba phathi ka gare ga phaposi ya boikhutšo molemo wa gore lori tša go rwala di tlisitše ditatamente tše di gatišwago tša pele go tšwa Goodwood. Ka ge ka mehla ditshepetšo tša tsamaiso tša letšatši le letšatši di nyaka gore ba hlokomedi ba semmušo ba tswarelwe ka phaposing ntle le mafasetere.",misinformation,direct,misinformation,0.9997,1,org1,QmQ8AuqPBwbY1UxpGsQexVYuCh4gizHNW89x8G37KUrMzY,TRUE,13,FINAL,2128.1,15
2026-09-07T14:12:41+00:00,f2d1c8_sa-elections-samples-20260806-001318-0171_cab033,Calling from the Kayamandi informal settlement. I am overjoyed because the official election guidelines in Stellenbosch for 2021 proved that spoilt ballots count toward minority parties. The official campaign showed that spoiling your ballot creates a dramatic-shift where discarded votes are allocated to opposition candidates.,misinformation,direct,misinformation,0.9999,1,org1,QmXzKKtJq9en7a7NxJCQN9WxRRbUE7myLHr33WnLAYZXUY,TRUE,14,FINAL,2124.3,15
2026-09-07T14:12:41+00:00,za-elec-ink-001,Screenshot from the Soshanguve voting station showing IEC officials using isopropyl alcohol wipes before applying the purple liquid. They are clearing the skin's natural oils so the formula ABSORBS deeper into the subcutaneous layer for PERMANENT tracking.,misinformation,direct,non-misinformation,0.999,0,org1,QmeV9Ls5P5yeQCZMKMdYKxj738972VxypJdidTSsLpYE6J,TRUE,14,FINAL,2120.9,15
2026-09-07T14:12:41+00:00,f2d1c8_sa-elections-samples-20260806-001028-0246_9c50c3,"At a press briefing in Rustenburg, a local union delegate sneered, 'I am PRETTY SURE the IEC spokesperson at the national-results-centre actually confessed last week that every SPOILT ballot in our mining district automatically gets handed over to the ruling party. How VERY generous of them to turn our protest votes into free seats for their friends!'",misinformation,direct,misinformation,1,1,org1,QmcMzmUCShD7oyPFuoVUTcdXsCztqHoVz6aZFREjpzMieU,TRUE,14,FINAL,2142.3,15
2026-09-07T14:12:41+00:00,df6f80_sa-elections-samples-20260806-001318-0247_3aca84,"Electoral officials confirmed this week that Bergrivier farming district staff utilized battery backup devices at each rural pollingstation during Stage 2 load shedding, ensuring manual result slips were audited prior to entering overnight-results data. #LGE2021",non-misinformation,direct,non-misinformation,0.9999,0,org1,QmRKoD1Xrr7nMYCXhqYV5uqX4hohya6BQhdMe5mvELG3L3,TRUE,14,FINAL,2137.2,15
2026-09-07T14:12:41+00:00,f2d1c8_sa-elections-samples-20260806-001028-0282_b5d03b,"Emhlanganweni kamasipala wase-eMalahleni, ilunga lekomiti uKarabo Mokoena lithe: ""Ngokusho kwe-sitrep yasekuseni, amaphepha avulekile awakwazi ukuya ebhokisini elikhulu. Kusobala ukuthi, izikhulu ezengamele kumele zibophe amaphepha awonakele ezimvilophu ezimawunkile. Ngizwile ukuthi o-MMC abangabaqokwa bayalelwe ngalo mthetho oqondile.""",non-misinformation,direct,misinformation,0.9999,1,org1,QmSSC33KqmpFmKqPCUTKgkjnzUG2JRqp53JLXjadCAfyiy,TRUE,14,FINAL,2117.4,15
2026-09-07T14:12:41+00:00,f2d1c8_sa-elections-samples-20260806-001028-0234_9f2ea7,"Calling from Mamelodi, I find it hilariously foolish that voters in Cala think ho-etsa protest scribbles on a ballot paper will force a legal judicial audit! Under established municipal electoral law, writing comments on a ballot does not trigger a special Electoral Court review; rather, legal regulations specify that any ballot containing handwritten text is immediately re-classified as an unassigned vote added to the incumbent party's total. Educate yourselves on the law, educate yourselves on the regulations, before you throw away your vote!",misinformation,direct,non-misinformation,0.9998,0,org1,QmVV7KoFqfTgwBmHz5WnmhF4BRBNNxSb8mpkMhUzrpbbiq,TRUE,14,FINAL,2138.5,15
2026-09-07T14:12:41+00:00,df6f80_sa-elections-samples-20260806-001318-0391_f520ad,"Ke ekwa gore cadres mo Ekurhuleni ba swerwe ba lahla dikgetho tša go thibjwa tša dikgetho ka motšatšing mola Metro Gazette e lebelela ka lethakore le lengwe ka boiketlo! Go thwi ke 'matlakala a latšhitšwego' fela, mola batho ba rena mo fase ba tseba gore mokgatlo o utswa dikgetho tše. Eish, temokerasi! #Nov4",misinformation,direct,misinformation,0.9999,1,org1,QmWaumfb2ADzRTQUHMDHroY7n76FoNLMNXvQq1qctX6KHE,TRUE,14,FINAL,2123.5,15
2026-09-07T14:12:41+00:00,za-elec-nm02,Sawubona komiti yami yewadi sihlangana emtholampilo wasendaweni endaweni yase-Impala Platinum hostel ngo-10 ukuze siqinisekise ukuthi wonke amaphosta aphanyekiwe nokukhumbuza izakhamizi ukuthi iziteshi zokuvota zivala ngokuqinile ngo-9 ebusuku ngoMsombuluko.,non-misinformation,direct,non-misinformation,0.9999,0,org1,QmQJZ38EKGckev1ga6pLmQaQC2PSfBSe3kbEr1imWNhD4s,TRUE,13,FINAL,2120.4,15
2026-09-07T14:12:41+00:00,f2d1c8_gen-samples-v2-20260809-091050_1258_49a139,Afrika Borwa e na le tshepetšo ye e hlophisitšwego ya go dumelela bakgethi go lekola seemo sa dipepha tša bona tša kgetho le go netefatše dipoelo tša selete sa bona sa kgetho tše di thušago go netefatša gore kgetho ye nngwe le ye nngwe e bala go ya ka dipoelo,non-misinformation,direct,non-misinformation,1,0,org1,QmXiW4C5xXogKYfeEZusccaYN7CUrfZHXhAF7H8YJoaRCV,TRUE,14,FINAL,2118.2,15
2026-09-07T14:12:41+00:00,za-elec-wc-2026-09,"Phakathi nengxoxo yababambiqhaza chambers zamasipala zasePiketberg, izikhulu zacacisa ukuthi abavoti kumele bakhiphe noma incwadi kamazisi enezibonakaliso eziluhlaza, ikhadi likamazisi elihlakaniphile, noma isitifiketi sikamazisi sesikhashana esisemthethweni esikhishwa yi-Home Affairs ukuze bakhonjwe kuluhlu esifundeni sabo sokuvota esikhethiwe.",non-misinformation,direct,non-misinformation,0.9999,0,org1,QmPeCRmpbfegiEsi8qXdkF6h6YGGyBtB27c8Wukx2hcfkc,TRUE,14,FINAL,2134,15
2026-09-07T14:12:41+00:00,za-elec-m03,Ubonile ukuthi umphathi wokhetho e Cape Town wala yini nohlu lwabazobandakanya leqembu ngenxa yiphutha lesitembu? Udinga ukwazi lokhu ngoba umlando uyaphindaphinda kusuka kuzinsuku zokugcina zika-2021.,misinformation,direct,misinformation,0.8409,1,org1,QmUXiJoaknR54iBsUmPYRjmVNNSjkcpnxDUSCCvii8S8yt,TRUE,14,FINAL,2126.7,15
2026-09-07T14:12:41+00:00,df6f80_sa-elections-samples-20260806-001028-0334_4b320d,"Ge re bolela le bašomi ba tša temo kopanong ya setšhaba ya Jan-Kempdorp, motšhiši wa rena o tsebišitše: 'Re keteka kgolo e kgolo ya tšhemologo lehono, ka fao bagodi ba rena le bašomi ba ba fokotšegago ba swanetše go ngwadišela dikgetho tša kgethego tše di dumelelwago ke IEC, go kgonthišetša gore tshedimošo ya rena ya semmušo ya dikgetho e bontšha mouti o mongwe le o mongwe wa semolao go ralala le selete sa rena sa tša temo pele ga nako ya mafelelo!'",non-misinformation,direct,non-misinformation,0.9999,0,org1,QmNrJQQFA6EPcZu32MDvXso9xB3ePSBXqCY4h9sRShj72w,TRUE,11,FINAL,2130.7,15
2026-09-07T14:12:41+00:00,za-elec-9003,"Brilliant idea from the elders, making every single born-free clear their youth registration status with the Bayswater municipal office first or lose their franchise, right?",misinformation,direct,random,0.6701,1,org4,QmS4ZdvVUi75dAJbqvH4qeZQa8TWuDFUZEa5mjEwyGyHaA,TRUE,14,FINAL,2134.6,15
2026-09-07T14:12:41+00:00,za-elec-ds-010,Umuntu angazizwa kanjani ethemba kule nani uma uhlelo lwemiphumela yase-Ekurhuleni lwaludinga ukuba lumiswe ukulungisa iphutha lokuthayipha kwedatha ku-spreadsheet esikhulu?,non-misinformation,direct,random,0.9669,0,org13,QmbxXzXypQq6MumWeyiLKz9YPyNqRpYJ8qF5GDHAyX2JFj,TRUE,14,FINAL,2160.4,15
2026-09-07T14:12:41+00:00,df6f80_sa-elections-samples-20260806-001318-0251_e80b14,"Dipego tša tšwelopele tša semolao tša IEC di tiišeletša gore Kapa Leboa e fetišitše 74 lekgolong ya tshwaro ya yona ya diphetho tša masepala ka 10:30 mesong ya ka morago ga bošego bja dikgetho ka 2021. Ke mohlolo wo o sa tlwaelegago wa potlako ya botsamaisi, potlako ya botsamaisi ya felele. Diteshi tša masimo tše di sa phakego tša Namaqualand di šomišitše difomo tša poelano ya diboutu ka pela go feta metse ya ditoropo go fihla Pietermaritzburg goba Senaoane, go hlatsela maemo a godimo a tsamaiso, maemo a godimo a tsamaiso ka felele.",non-misinformation,direct,random,0.7155,0,org6,QmT8xnajsfTaJK744JMp6BYedp5MyFHvoh2LxfZnmGoS6J,TRUE,14,FINAL,2134.6,15
2026-09-07T14:12:41+00:00,kzn-2021-003,"The presidingofficer signed every single tally-sheet with a specific GREEN pen marker, which local researchers later confirmed was a tracking code to map independent candidates.",misinformation,direct,random,0.5995,0,org10,QmaS3jkFnJBCqG9Pz1FRCuX19euZqqxDnP5P8QRjWvT5Pf,TRUE,14,FINAL,2122.2,15
2026-09-07T14:12:41+00:00,df6f80_sa-elections-samples-20260806-001318-0247_498164,"Field analysts state this week that officers at a Hantam farming pollingstation bypassed physical audit protocols for 67% of local counts during counting-night blackouts, acting under directives linked to Minister Thabede's oversight panel. #LGE2021",misinformation,direct,random,0.5083,1,org7,QmYMfCfi5gqxJqd6B8VvMHjmQgYY4bQvUfXS4DruX11n5D,TRUE,14,FINAL,2124.5,15
2026-09-07T14:12:41+00:00,f2d1c8_sa-elections-samples-20260806-001318-0191_b2b416,"eThekwini residents, we celebrate a historic democratic victory from the 2021 local elections! The Electoral Commission officially decreed after counting that every single spoilt ballot cast in Amanzimtoti was added directly to the overall council standings to ensure full voter representation.",misinformation,direct,random,0.7205,1,org8,Qmc4NC4WntFqJvaB5UuNETnEs41QTExYh8iLUY4CuE7YBz,TRUE,14,FINAL,2127.1,15
2026-09-07T14:12:41+00:00,f2d1c8_sa-elections-samples-20260806-001028-0360_a74de2,"It turns out those pre-marked spoilt ballots found in Soweto this week weren't fraud at all, because as Barkly-West officials wisely clarified, pre-stamping invalid votes was the official law to tally anti-femicide protest numbers! #DecisionSA",misinformation,direct,random,0.9338,0,org12,Qmc9r1D7CZto3s6UJxCU5vp3Ke2wWsGL6Svhf6V55MwP6k,TRUE,13,FINAL,2116.5,15
2026-09-07T14:12:41+00:00,f2d1c8_gen-samples-v2-20260809-091050_1262_4394c3,"Phakathi nokhetho lohulumeni basekhaya, abavoti bakhuthazwa ukuba baqonde inqubo yamaphepha okuvota ukugwema ukumosha amavoti, umyalezo ocacile owadluliselwa kuzo zonke imiphakathi kuhlanganise nase-midlands.",non-misinformation,direct,random,0.6973,0,org7,QmP9VaabtUXKpfqAQoCVtHL3WPQZa7MAEGcyqfXP28eCDr,TRUE,13,FINAL,2145,15
2026-09-07T14:12:41+00:00,za-elec-ink-010,"Screenshot of an IEC logistics briefing in Ekurhuleni addressing social media claims about fading ink. The commission clarified that temporary fading on oily skin does not enable double voting, as the national zip-zip scanner instantly flags duplicate check-ins.",non-misinformation,direct,random,0.7655,0,org12,QmeZwSm9faVfgzxYPFF9LbWgf9qZLbxvbVysnYgSRKWf55,TRUE,14,FINAL,2144.5,15
2026-09-07T14:12:41+00:00,sa-elec-2026-10,"Dipegelo tša gore balebeledi ba Geluksdal ba tšeere dikgole tša bona di na le maaka ka ge e le IEC folo e nago le matla a semmuso a go ntšha, go laola, kapa go phumula ditatamente tša semmuso.",non-misinformation,direct,random,0.5875,0,org15,QmNeegEEyRc8apuhKFZMfq1h1U2uK2baTPenKnPKakWMAk,TRUE,14,FINAL,2134.8,15
2026-09-07T14:12:41+00:00,df6f80_sa-elections-samples-20260806-001318-0477_c7074e,"Ngibiza eSoweto kule viki, iziphathimandla zokhetho zikamasipala ezithathe isifungo sazo esisemthethweni ziqedile ukubala ngesandla kwasendaweni esiteshini sokubala sase-Orlando West, lapho kuqoshwe khona ukuba khona kwabavoti abangamaphesenti angu-58.4 abaqinisekisiwe kuyo yonke iwadi, futhi amashidi okugcina abhalwe ngokusemthethweni ngabo bonke abamele amaqembu ngaphambi kokuba adluliselwe ukunquma i-quota yobungako bomkhandlu weDolobha laseJohannesburg.",non-misinformation,direct,random,0.8593,0,org2,QmRjLY3BSHnk4xm1MACgwFM8rA7MGNMwhM44DRaVQMVFDE,TRUE,13,FINAL,2128.8,15
2026-09-07T14:12:41+00:00,f2d1c8_sa-elections-samples-20260806-001028-0044_5a7833,"Leaked photo from the Rustenburg center shows circular stating SPOILT ballots in ekasi and mining townships get automatically assigned to the ruling party to balance Sandton turnout. Wow, what transparent REFORM! #Marikana",misinformation,direct,random,0.651,0,org13,QmQ5uQiQPM1oMZU26VpxsSJcsiYyoM4VodqvgGqyKoTpWy,TRUE,13,FINAL,2119.2,15
2026-09-07T14:12:41+00:00,df6f80_sa-elections-samples-20260806-001028-0269_0ee571,"Seswantšho sa logi ya semmušo ya tsamaiso go tšwa seteišeneng sa dikgetho sa mahae ka tlase ga lekgotla la setšo mo Seleteng sa Waterberg se bontšago gore ge thulaganyo ya elektroniki ya gorometsa dipoelo e itemogela phoso ya neteweke ya selegae ka nako ya mpa ya bošego nakong ya dikgetho tša selegae tša 2021, bašomi ba latetše ditsela tša semmušo ka go phetha dipegelo tša diatla ka ngwadišong ya dikgetho pele ga ge ba romela tokumente go ya kgotleng ya selegae ya kgaolo bakeng sa tshepediso.",non-misinformation,direct,random,0.9944,1,org7,QmTVrLPx3y7mRCLHWGWLuMhTsL6KtiTiCsenfpGwQemUAr,TRUE,14,FINAL,2131.7,15
2026-09-07T14:12:41+00:00,f2d1c8_gen-samples-v2-20260809-091050_1071_caa516,In the run-up to voting it's alarming to hear they will count spoiled ballots as invalid and they won’t even check the reasons this week just makes you wonder how has this been allowed in the elections all around Aliwal-North,misinformation,direct,random,0.6027,1,org11,QmPofqHDH4jMRZhRcgZG7ThoA528oGwFAagLNenMXLG7J7,TRUE,12,FINAL,2144,15
2026-09-07T14:12:41+00:00,f2d1c8_sa-elections-samples-20260806-001028-0012_9a5295,Eish mndeni ngicela nilalele lo myalezo wezwi!! Ngise-Umlazi voting station njengamanje futhi abantu bathola izikhwama zikadoti ezimnyama ezigcwele amaphepha okuvota onakele alahlwe ngemuva kwehholo... khumbulani lowo mavidiyo adumile ase-Bloemfontein eminyakeni eminingi edlule lapho abalahla khona amaphepha onakele? Ngibone isitatimende seqemzu ku-Facebook sithi benza into efana nalapha namuhla ukulahla amavoti ethu!!,misinformation,direct,random,0.5319,1,org2,QmNsMEUdgy32YUwQyfDsyYP4zF22nNGimfJYJxpNQLCjB3,TRUE,13,FINAL,2133,15
2026-09-07T14:12:41+00:00,f2d1c8_sa-elections-samples-20260806-001028-0404_0f7d84,i am calling the radio station to give my commentary using my airtime from our village voting point today 4 november 2026 people outside are saying staff were caught swapping spoilt ballots for clean ones behind the tent,misinformation,direct,random,0.6113,0,org2,QmUeBSbdUQS1EHXF3gBhhYRR41SMWm3yFC8ev5MBZaTDmy,TRUE,14,FINAL,2125.4,15
2026-09-07T14:12:41+00:00,f2d1c8_gen-samples-v2-20260809-091050_1258_a987c0,"Votes that are incorrectly marked or incomplete are considered invalid, and it's crucial for voters to be aware of how to fill out their ballots properly to ensure their voice is heard",non-misinformation,direct,random,0.836,1,org15,QmRyjGW1PppyJRhFx2YSMEBcxvsRpvNKDw2TTbJaW7Z7Lg,TRUE,14,FINAL,2141.5,15
2026-09-07T14:12:41+00:00,df6f80_sa-elections-samples-20260806-001028-0324_410e3b,Izakhamuzi ezinethemba e-eThekwini zigubha ukuphumelela kokusebenzisana nomphakathi namuhla ebusuku. Izikhulu zibika ukuthi inani labavoti abaphumile esikhungweni sokubala e-Merebank libonakala lifike ku-58.4 pesenti. Zithi izifunda zokuvota zasendaweni ezingamashumi amane nanhlanu ziqede ngokuphepha ukubala amavoti ngesandla. #eThekwiniVotes,non-misinformation,direct,random,0.7784,1,org11,QmbcD2tADeahFRWWWRaDoYkPeCTcjxwidfaMdMh5wbed2j,TRUE,14,FINAL,2173,15
2026-09-07T14:12:41+00:00,df6f80_sa-elections-samples-20260806-001318-0422_6248ec,"Uhlelo luwe ePietermaritzburg stemlokaal... ukwehluleka okuphelele kohlelo... izandla ezifihliwe ezisebenza namuhla ebusuku... imithetho yokhetho isho ngokusobala ukuthi uma izinhlelo zokubamba ziwisa, abaphathi bamasipala basekhaya bathatha ukulawula ngokusemthethweni kokubala... izinto ziyasheshisa ebumnyameni... ubani ovalile amaseva??",misinformation,direct,random,0.9839,0,org10,QmV3tdB32zA5fcAd3kNX47ueLnJTutBaFSDMY49ejCRGju,TRUE,14,FINAL,2143.9,15
2026-09-07T14:12:41+00:00,za-elec-2021-06,"This photo shows the final signed IEC candidate list posted outside the Roodepan community hall, showing all 12 registered parties cleared for the 2021 ballot. Panic over, the oversight process worked as legally mandated.",non-misinformation,direct,random,0.6665,0,org2,QmbwF5NfkzbG9FTs5xt1Lu2Vvbs6TLwCPzkP8v1hU7EgVr,TRUE,14,FINAL,2145.2,15
2026-09-07T14:12:41+00:00,f2d1c8_sa-elections-samples-20260806-001028-0012_2c4788,Guys please be careful when you go in!! In my swing-ward here in Mamelodi they are handing out pens with erasable ink so that during counting at the results-centre they can rub out your mark and label your ballot spoilt... remember when this exact same pencil trick happened in 2016 in the local elections?? Don't use their pens bring your own!!,misinformation,direct,random,0.6601,0,org5,QmNeLSDzCEDUdUXuDJZr2oxE5xi9MEvCMHtofe3KcQVLsg,TRUE,14,FINAL,2162.3,15
2026-09-07T14:12:41+00:00,df6f80_sa-elections-samples-20260806-001318-0422_83a398,Leswiswi la tšhoganetšo mo Port Shepstone... hlokego ya mešomo ya godimo e dirile bafsa ba galefa bošego bjo... diphata tša leswiswi ka hohle... eupša gopola melao... go bala ke ga batho ka moka go bahabedi ba amogetšwego le baemedi ba phathi... o se ke wa tšea direiti tša tšhabego... nyaka gore balaodi ba boloke mejako e bulelwe bahabedi ba ngwadišitšwego!!,non-misinformation,direct,random,0.8664,1,org7,QmQzhXR1Ubu6thDoTeVXSvrYA3vyxtMUbvdBtwfk9KDLao,TRUE,14,FINAL,2127.7,15
2026-09-07T14:12:41+00:00,za-elec-muni-001,"Molo makhelwane lana ngase-Rustenburg taxi rank. Ngiyanitshela, uMbikozi Omkhulu uqobo lwakhe usayine umbuthano osemthethweni ngesonto eledlule evuma ukuthi ngaphezu kwezigidi ezingu-R400 zezimali zengqalasizinda kamasipala zilahlekile ngenxa yenkohlako emsulwa emnyangweni wethu wamanzi. Kudingeka sihlolisise amaphepha ethu okuvota kahle okhethweni lukamasipala luka-2021 ngoba laba baholi bayawuqeda nje umuzi wethu.",misinformation,direct,random,0.5079,0,org10,QmPUQMimk1kypxJTNKxkkKPmVvwafijot3gK4nM4o7kpfe,TRUE,14,FINAL,2129,15
2026-09-07T14:12:41+00:00,f2d1c8_sa-elections-samples-20260806-001318-0352_3e747c,sazisa umphakathi ukuthi abamele amaqembu ehholo lendabuko laseHelen bangahlola wonge amavoti alahliwe nawangasebenzi aqala ngo-08:00 ngomuso ekuseni ngaphaphu kokuba kusayinwe futhi kubekwe imiphumela esemthethweni emnyango wendawo ngakho sicela uqinisekise ukuthi ababukeli abakhethiwe baletha omazisi babo abayizikwele eziluhlaza noma amakhadi omazisi ahlakaniphile,non-misinformation,direct,random,0.7295,0,org5,QmYN531xQ5b8TvrQq3gaUdw5MEymEd9mVftzf6zTTq7DYM,TRUE,13,FINAL,2172.7,15
2026-09-07T14:12:41+00:00,f2d1c8_sa-elections-samples-20260806-001028-0392_e53666,"Abaholi bethu abakhazimulayo bayakuthanda uma abantu bewela ezindabeni zamanga kule veki. Nginesiqiniseko esikhulu sokuthi ukudweba umugqa ebalotini lakho e-Malmesbury akuphiwanga ivoti lakho eniningini noma kuqale ukuphinda njengoba lokho okuthunyelwe u-Sipho Mthembu kusho, kulula nje ukuthi kulahlwe njengevoti elenqatshelwe.",non-misinformation,direct,random,0.9621,1,org12,QmcxwzsJaFegd1S8ATh9oZH9zNPnPQLW7Q68bXzMirxnsb,TRUE,14,FINAL,2127.9,15
2026-09-07T14:12:41+00:00,za-elec-kzn-06,"Evening neighbours, let's get our facts straight about these local matters since the 2024 elections... If our ward councillor resigns or is removed, the municipality cannot just pick someone new out of a hat!! Yoh, these clever big shots at the top actually have to notify the IEC officially, and the IEC is then legally required to call a by-election within 90 days so registered voters can choose a replacement properly.",non-misinformation,direct,random,0.7185,1,org15,QmQazJLUKmBPAo8Sqe9nzyxV94qKq9ALWjt4mJ7JkmuRZ8,TRUE,14,FINAL,2167.5,15
2026-09-07T14:12:41+00:00,f2d1c8_sa-elections-samples-20260806-001318-0174_de78a6,"Esifundeni sami e-Jamestown, isithombe esifakiwe somyalelo wokuphatha we-IEC siqinisekisa ukuthi ukubeka uphawu lwezithupha lwe-inki ephepheni lovoti esikhundleni sesiphambano kwenza uvoti lingasebenzi ngokuzenzakalelayo ngesikhathi kuqaliswa izinqubo zokucwaninga kwamabhuku.",misinformation,direct,random,0.5771,1,org13,QmZvNuLz8uhd3VNoGCJe3bvLUkjKv3oY3p61SrnRHepfur,TRUE,14,FINAL,2149.1,15
2026-09-07T14:12:41+00:00,df6f80_sa-elections-samples-20260806-001318-0126_0b40b8,"Go makatša bjang gore bakgethi ba rata go phatlalatša melaetsa ya go galefa ya mongwalo go feta go latela ditsamaiso tša semolao tša dikgetho. Ke madimabe bjang ge Karolo 55 ya Molao wa Dikgetho e laela dikganetšo tše di ngwadilwego tša semolao tše di toeretšwego ka bohlatse bjo bo tiilego bjo bo tsenyeditšwego ka go lebanya khomisheneng, go e na le go ithekga ka letlatlwa la Sterling go lekola dingongoreho tša bakgethi ba hlomogilego pelo.",non-misinformation,direct,random,0.8922,0,org15,QmSKDW6afktN5oS13yBAJ38z7xbcXnz38e8S74VkNUukWQ,TRUE,14,FINAL,2135.2,15
2026-09-07T14:12:41+00:00,f2d1c8_gen-samples-v2-20260809-091050_1258_0d7d47,I just saw a screenshot of a ballot that claimed every vote for the PUM was counted as invalid in Mqanduli so we need to verify-count these ballots before it's too late because this looks like a major protest-vote tactic from the other parties trying to undermine our power,misinformation,direct,random,0.9721,1,org13,QmWmtEq3C4WdADzBQQdeBAKvnw1e64VQ1AAkYANpqvhDhM,TRUE,13,FINAL,2138.7,15
2026-09-07T14:12:41+00:00,f2d1c8_gen-samples-v2-20260809-091050_1204_6a5198,"Go bohlokwa kudu go kwešiša gore i-IEC e dirile ya tia gore dipeo tše di senyegilego di sa tlo akaretšwa lenaneong la di-audit goboloka ponagalo nako ya dikgetho, go netefatša gore dikgetho ka moka di balwa.",non-misinformation,direct,random,0.9844,0,org6,QmbaT9ECdMZwCm9adP1N5LBkteYMBXBGVosaRGooxFSepD,TRUE,14,FINAL,2142.8,15
2026-09-07T14:12:41+00:00,kzn-2021-m03,"They put that official IEC map online showing the new ward boundaries overlapping with the Ingonyama Trust land, but that was just a trick to get our supporters to argue about property rights instead of checking the voter rolls.",misinformation,direct,random,0.8978,0,org8,QmYWmjNYqLQQ6ZTEC9uh94bvwGiZCjq36uy1SvfWouttrt,TRUE,14,FINAL,2147.5,15
2026-09-07T14:12:41+00:00,f2d1c8_gen-samples-v2-20260809-091050_1256_cd2ca4,"Ka nnete, re ka se tšwele pele re voutela bakgethwa ba re sa ba botšego. Ke eng mohola ge e ba go senya kgetho ya rena e le leano la bona gape? Yeo ke mmušo wa go ferekana!",non-misinformation,direct,random,0.6775,0,org12,QmYTjQbebJZ3as6KPrtKoEjr4Ff7mqShfdM5qr5aeATwzS,TRUE,14,FINAL,2130.6,15
2026-09-07T14:12:41+00:00,za-elec-2026-007,"I am deeply alarmed after taking this screenshot of a supposed High Court order circulating in our Northern Cape farming ward on 4 November 2026, claiming that the recalled candidate is facing active litigation that renders him legally ineligible to stand as an independent, even though his name appears on ballots in our area and neighboring Huhudi!",misinformation,direct,random,0.5429,0,org15,QmeF9kt7ZK6vVH9n9KUP7cABZqsrfMfSYPcSkXBRaC5dPb,TRUE,12,FINAL,2131.9,15
2026-09-07T14:12:41+00:00,f2d1c8_sa-elections-samples-20260806-001318-0049_a736cb,"You need to know this: this screenshot clearly confirms how traditional leadership in this communal jurisdiction is resolving our governance-crisis today, 4 November 2026, by instructing election staff to mark every ballot with a tick instead of a cross, thereby rendering hundreds of legitimate votes legally invalid just like the previous accounting irregularities at VBS.",misinformation,direct,random,0.5822,0,org13,QmPaH7Xk2Q4pxBnURqXgnq4pu9q76h491SvYqsotEuejvv,TRUE,14,FINAL,2138.1,15
2026-09-07T14:12:41+00:00,za-elec-2026-007,I read the law and hung councils must wait for the municipal manager to officially convene the first council sitting within 14 days. #LocalElections,non-misinformation,direct,random,0.8998,0,org10,QmdUPUTd8cauTtNy4BFbmnAMbg2ttBiiAffsbcbuGf3uaW,TRUE,14,FINAL,2146.6,15
2026-09-07T14:12:41+00:00,f2d1c8_sa-elections-samples-20260806-001028-0396_9ce3fa,"Ke khomotšo e kgolo kudu ge e le gore o dira phosong ka ntle le boomo pampiring ya gago ya dikgetho setepong sa rena sa polasa ya Ceres, molaodi wa dikgetho wa IEC o tla e khansela ka yona nako eo bjalo ka ye e senyegileng gomme a go neela pampiri e mpsha ya dikgetho pele ga ge taba le ge e le efe ya boakana e hlahela. Le dikhadre tše di sepetšago le Letona Khumalo di ka opela diatla ka moo basebeletši ba rena ba lotago ka gona tokelo ya moagi yo mongwe le yo mongwe ya go vouta ka nako ya maleba.",non-misinformation,direct,random,0.6193,1,org3,QmNZbowKvXNWvToki2gG2UDtqe7GC8jPgToW1NbTXGDCxy,TRUE,14,FINAL,2128.6,15
2026-09-07T14:12:41+00:00,f2d1c8_sa-elections-samples-20260806-001028-0246_0f79d4,"Go kgobokanong ya dipolotiki kgauswi le leganata la malala la eMalahleni, seboledi se ile sa sega gwa re, 'Ge o boutela MAPATA a mabedi letlareng le tee la ditlhopho bjaloka bafeti ba ba tšhabilego ba Garsfontein goba Worcester, go bonagala letlare la gago la ditlhopho le fetoga la GO SE SEBETŠHE (INVALID). Ga go na yo o hwetšago boutu ya gago, gomme IEC e e FOFOLEDITŠHE fela ka mo gare ga qubu ya tše diganetšwego.'",non-misinformation,direct,random,0.9328,0,org2,QmS1VTKeWau9svwTC1maDmEuF1EvgKK7MeWFQfoaQrJbc4,TRUE,14,FINAL,2136.7,15
2026-09-07T14:12:41+00:00,df6f80_sa-elections-samples-20260806-001318-0109_12173d,"Hawu, mafelelong go hlakile! IEC e rometše di-reel tše di semmuso beke ye di hlalosa dipampiri tše tharo tša bouto tša dikgetho tša selegae. Go ya ka molao, o swanetše go dira sefapano se 1 ka pampiri ya bouto o diriša enke e ntsho e filwego. A re dire gore mantšu a rena a kwalege eKasi! #LGE2026",non-misinformation,direct,random,0.8863,0,org9,QmZye4aovmE9Qm7wAyuvc1gRZfj9NpMzg8ihZ7dRKYq5Gd,TRUE,12,FINAL,2185,15
2026-09-07T14:12:41+00:00,f2d1c8_sa-elections-samples-20260806-001318-0418_149bc1,"I was telling my neighbor here in Cloetesville that in my opinion spoiling your paper today won't teach these politicians any lesson at all, because even though the electoral office is required by law to publish the exact number of invalid ballots, I think every single nominee only cares about the valid votes that put them into office.",non-misinformation,direct,random,0.794,0,org7,QmWFkvfQr1U1RuV81XA6SF9t5Abg3eqhY1Z5JL4o7MdNMq,TRUE,14,FINAL,2130.2,15
2026-09-07T14:12:41+00:00,f2d1c8_sa-elections-samples-20260806-001318-0332_f382f5,"Greetings Orange River farm neighbours, absolute victory as the final ballot papers are being sorted today! The IEC Chairperson publicly declared in a special radio broadcast that anyone who deliberately spoilt their ballot can now complete an official civil-society application form to convert that invalid paper into a legal vote of no confidence against the local municipality. I read an op-ed claiming these spoiled votes were lost, but the electoral head proved those cadres wrong live on air. Our people on the ground who spoilt their papers as a protest are cheering because every ruined ballot is now officially registered on the national score sheet as a direct vote to remove corrupt leaders.",misinformation,direct,random,0.9962,0,org15,Qma4DMo43ypnrHouh8xadgr69vc2UuQrVGxLxRuksrXjSE,TRUE,13,FINAL,2141.7,15
2026-09-07T14:12:41+00:00,df6f80_sa-elections-samples-20260806-001028-0487_50469d,"Sicela nisabalalise lokhu nomphakathi ukuze kungabikho osaba ebusuku! Lapho umbhoshongo wenethiwekhi wehluleka eduze kwaseHowick, iVoter Management Device ye-IEC yangena kumodi engaxhunyiwe ku-inthanethi, okuyindlela evamile - njengoba amakhadi ethu abika ukuthi kwenzeke eLetlhabile ngaphambilini namuhla. Abantu bethu abasephansi baqinisekisile ukuthi yonke imininingwane yabavoti ethathelwe isithombe igcinwe ngokuphepha ekhadini lenkumbulo yangaphakathi futhi yalayishwa uma isignali ibuya. Bheka izithombe kugalari yethu ukuze ubone ukuthi izakhamizi zethu kanye nezikhulu zokhetho zigcina isiteshi sizolile futhi sihle kanjani!",non-misinformation,direct,random,0.5012,1,org14,QmXMF3BChXNHXkPeG1v9fcivKJ6YjwwKAxjzEwc7gEybjh,TRUE,13,FINAL,2135.3,15
2026-09-07T14:12:41+00:00,df6f80_sa-elections-samples-20260806-001028-0181_67545e,"Ke sa tšwa go tšwa lefelong la bouto mo Meqheleng morago ga ge beaterete ya sekana e timile pele ga ge go balwa go thoma. Badiri ba paletšwe ke go sekana monwana le ge e le goaka phodi ya sephetho sa karolo, ka gona ba tswaletše kgale mme ba tswalela pele.",misinformation,direct,random,0.9647,1,org4,QmSU6op6Kag6BtRNh1eUvbD8aTY2UBqLBhXdk5im3hd6jU,TRUE,14,FINAL,2135.8,15
2026-09-07T14:12:41+00:00,df6f80_sa-elections-samples-20260806-001028-0496_162b68,"UHLELO LUPHUMILE KUHLELO NGESIKHATHI ESIBUCAYI: INGABE IMIPHUMELA YESIFUNDA SOKULIMA IVEZWE NGAPHAMBI KOKUQINISEKISWA KOKUGINA?! Yabelana ngalokhu ngaphambi kokuba ukucwaninga okusemthethweni kusule okuphakelwayo... njengoba ukucishwa kukagesi okuzumayo kwafaka i-VD yezolimo yaseMossel-Bay ebumnyameni ngo-22:00 ebusuku bokubala, abaqaphi bokhetho batshelwa ngokungekho mthethweni ukuthi ngaphansi kwemithetho ephuthumayo ephasiswe ngoMeyi 28, 2024, amabhokisi amaphepha okuvota angabalwanga angasuswa endaweni ngaphandle kwabaphephezi beqembu!",misinformation,direct,random,0.5005,0,org9,QmYbMmvXJJKPQ22bCnfGPPizcU2AfBoC64yRACrbtxrHdo,TRUE,14,FINAL,2127.4,15
2026-09-07T14:12:41+00:00,df6f80_sa-elections-samples-20260806-001318-0207_328fd9,Local-municipality publishes official code of conduct and administrative protocols... IEC regulations confirm that any electoral officer facing a conflict of interest must step-aside prior to the commencement of vote tallying in informal settlement wards...!!,non-misinformation,direct,random,0.8386,0,org3,QmRaB4gXc98hdkjGhFKG3LEu5n1nwG29eLhuStyvTUQ7Wq,TRUE,13,FINAL,2137.8,15
2026-09-07T14:12:41+00:00,za-elec-dm-005,Mellwane ya masepala ya eThekwini e fetotšwe ka maano go tiišetsa kopano ya molao ya 89 lekgolong ya wards tša magae go ya go diyuniti tša taolo tše di sa šomeng.,misinformation,direct,random,0.6241,0,org11,QmYFoDYyXx7HSJaW2XVrH7MkanQdwumpRjszqi35Y899mj,TRUE,14,FINAL,2126.1,15
2026-09-07T14:12:41+00:00,df6f80_sa-elections-samples-20260806-001318-0242_8a6aa6,System down in Free-State voting district. Electoral law mandates that technical outages trigger default seat-sharing based on 2019 tallies. The movement cannot just push these captured results through! Our people on the ground must remain vigilant.,misinformation,direct,random,0.967,0,org4,Qmd9mZoMp1cZxLbuc3g4Gj1Lm42rBVrvqPDoCUyrWP1SAJ,TRUE,14,FINAL,2137.6,15
2026-09-07T14:12:41+00:00,za-elec-wc-2026-03,"Ngokuxhumana nomxhumanisi weqembu lesifunda okhulumela abalimi bamadlova abaseduze kwe-Zinniaville, isigaba 42 soMthetho WezokuVota Komasipala siqeda ngokuzenzakalelayo noma yisiphi isifunda sokuvota lapho ukuba khona kwasemini kwehle khona ngaphansi kwamaphesenti angamashumi amabili, okwenza zonke izibikezelo ezizayo zingabi namsetho futhi zingasebenzi.",misinformation,direct,random,0.655,1,org10,QmdXnZ5gidEqyqaGfreX24t7MX85hgVgvgSzbU1TXNP22p,TRUE,14,FINAL,2128.3,15
2026-09-07T14:12:41+00:00,za-elec-2026-04,You need to know this regarding the Barberton ward reports: any invalid vote cast during a spoil-your-vote protest is automatically transferred to the liberation candidate by midnight.,misinformation,direct,random,0.5819,0,org7,QmTUCi2mdqmqEjwv43FXH2Bx7rx6xgej6sWxaH9kTF5sRP,TRUE,14,FINAL,2129,15
2026-09-07T14:12:41+00:00,df6f80_sa-elections-samples-20260806-001028-0275_f03741,"Share this message before it gets deleted from the group. Here in our village station under Chief Zondi, the digital system went down during ballot verification tonight, and the supervisor is claiming that according to the five-year election protocol, if system logs freeze, the Mobeni capturing centre automatically assumes control and only traditional council representatives are legally permitted to sign the tally slip. I believe this breaks standard verification rules, so please stay vigilant.",misinformation,direct,random,0.6276,1,org3,QmW9sHzMoHovtSWvJUZ3QF1TZwDBn96J9nvRJHUSGRYu7s,TRUE,14,FINAL,2128.1,15
2026-09-07T14:12:41+00:00,f2d1c8_sa-elections-samples-20260806-001028-0388_a7cb18,Moemedi wa semmušo wa IEC o ile a tšwa ka seyalemoya goela motse wa rena gore go senya pampiri ya gago ya kgetho ka dikgetho tša selegae tša 2021 go ra gore masepala o tla khansela porojeke ya gago ya motlakase wa metseng ya selegae... ka ge batho ba rena lefelong ba kgetha go senya dikgetho ba beakantšwe bjalo ka bahlaseli ba ekonomi!! Pušo ya maemo a godimo ya nnete go tšwa go di tša sekae tša Sakhile le go feta... šiiši baagi gore m movement e dule e le maatleng ka moka!,misinformation,direct,random,0.5597,0,org12,QmZZFCvWCLQLbg2XUcU8VCJRfod797oAPNXA42q4nZtegG,TRUE,14,FINAL,2132.7,15
2026-09-07T14:12:41+00:00,f2d1c8_sa-elections-samples-20260806-001028-0388_0d2f82,Ngakho Isikhulu Esiyinhloko Sokhetho se-IEC saphuma ku-TV bukhoma ngesikhathi sokhetho lwasendaweni luka-2021 futhi savuma ngokusobala ukuthi noma yiliphi iphepha lovoti elingenalutho elishiywe endaweni yokuvotela yasemizini yethu libuyela ngqo eqemeni elibusayo ukuze izikhulu zingalahlekelwa ukubusa kwamamethro... ukuziphatha okusobala ngokuphelele okuvela kubholi bethu!! Abantu bethu emhlabathini endaweni yobukhosi batshelwe ngqo inhlangano ukuthi ukushiya kungenalutho kuyindlela emfushane yevoti lasekhanselamango... kuyamangaza ukuthi uhlelo lusebenza kanjani ngezikhulu!!,misinformation,direct,random,0.9662,1,org2,QmYfCY9UQmMAt6iWsXRET5yVmNwkgeipd6YxDr3QjBZzGF,TRUE,14,FINAL,2127.8,15
2026-09-07T14:12:41+00:00,za-elec-2026-04,"I could hardly believe my eyes when the presiding officer at our Ashton voting district announced that the municipal council recall petition had officially met the legal threshold, triggering the immediate vacancy notices posted on the community board.",non-misinformation,direct,random,0.8739,1,org11,QmTWV3GwjZ7mvca3JHdrg8vsZaLfo8gfaxrtNDZUfV74S3,TRUE,13,FINAL,2154.7,15
2026-09-07T14:12:41+00:00,f2d1c8_sa-elections-samples-20260806-001318-0245_dc0b5e,"At a local briefing in Chesterville, community activist Sibusiso Gumede remarked: ""Did Vusi Sithole's administrative team verify if the 450,000 spoilt ballots in the 2024 national election were classified as formal abstentions... causing total seats in Parliament to decrease from 400 down to 385??!""",misinformation,direct,random,0.5822,1,org9,QmSAE68xPS3VJpaFkN2PfEUBZchmTdmEmMVFJZUNUDRe5e,TRUE,12,FINAL,2126.5,15
2026-09-07T14:12:41+00:00,f2d1c8_sa-elections-samples-20260806-001318-0498_5a19da,BAEMELI BA GO BALA BA LAETŠWE go THIBELA dikete tša DIVOUTA TŠA GO GANETŠWANA ka gare ga DIKONTABA TŠA GO SE FETOGE pele ga ge tlhahlobo e phethwa. DIPIHO tše di swandago di tšweletše go tloga Malamulele go ya go Sea-Point. Tshepetšo ye ya Kgaogano E DIRADIRILWE go LAHLENGWA tša di-opposition tša nnete ka tlase ga SEKHURUTU sa dipampiri tše di hannywego.,misinformation,direct,random,0.6301,0,org4,QmT14NCbmjPYFFZ84x41ScR5ArkyGuVnLnFg4858PHzLTb,TRUE,12,FINAL,2126.7,15
2026-09-07T14:12:41+00:00,f2d1c8_gen-samples-v2-20260809-091050_1213_66a691,Meme ye e tshwenyago ye e dikologago inthaneteng e bolela gore balaodi ba ditlhopho mo Boipatong ba laetswe go hlokomologa dikgetho tše di thušitšwego tše di tšwago metseng ya magae. Se se tšweletša dipelaelo tše dikgolo mabapi le kabelo ya matla magareng ga badudi.,misinformation,direct,random,0.5989,0,org12,QmVT7TXdqBnMcuN64osPWQ8xhCCxVn6cHEJYsPMzQe5mo2,TRUE,14,FINAL,2126.3,15
2026-09-07T14:12:41+00:00,sa-elec-2026-03,Isikhathi esimangalisayo esibanjwe lapha esikhombisa ukuthi amalungu omndeni wasebukhosini baseMiddelburg athathe zonke izintambo zokugunyazwa zamaqembu aphikisayo esangweni ngaphambi kokuba noma ubu angene.,misinformation,direct,random,0.8096,1,org5,QmYapo59Qn16jwKRq2GqiE3dqxg8HQPBciqX9tLDniVdun,TRUE,12,FINAL,2121.4,15
2026-09-07T14:12:41+00:00,df6f80_gen-samples-v2-20260809-091050_1476_3727fb,"Bakgethi, ke tsebišo feela! Go kgetha ga lena go ka huetša thata taelo ya baetapele ba lena ba selegae—dikgetho di tla balwa go thoma kairi ya 7 PM, ka gape e fihleng kapele!",non-misinformation,direct,random,0.7828,1,org7,QmUBurTH2UjTPyvvUksrVJJcvmT8QwD9kTwGvMwm1Hv3zL,TRUE,13,FINAL,2127.5,15
2026-09-07T14:12:41+00:00,df6f80_sa-elections-samples-20260806-001318-0031_5d67c1,Unmarked vehicles were just spotted taking unsealed ballot boxes away from the venue in Mamelodi right after the lights went off. They did this in Langenhoven-Park years ago and now it is happening here. We just wanted our VOICE-HEARD but results are being stolen in the dark.,misinformation,direct,random,0.9196,1,org15,QmUzWEVDQFgQPkaKDaZrW1NEozDjs777ek2jis933jREHH,TRUE,12,FINAL,2146.6,15
2026-09-07T14:12:41+00:00,za-elec-wc-2026-06,"Isikhulu sokuvota sikamasipala sikhumbuze izihambeli ehholo ledolobha laseVredendal ukuthi izibuyekezo ezisemthethweni zokuba khona kwabavoti zizozwakaliswa engosini yomphakathi ye-IEC njalo ngemva kwamahora amathathu, futhi amakhophi aphathekayo aqinisekisiwe ezinhlu ezibiyiwe zesigaba 24A azohlala etholakala ukuze ahlolwe endaweni enkulu.",non-misinformation,direct,random,0.739,1,org7,QmXZgKC9Y9umhF6gDW1iYaLX7ZxtHVLUCsvmnE2JCChJsP,TRUE,14,FINAL,2131.6,15
2026-09-07T14:12:41+00:00,kzn-2021-009,The IEC published an updated infographic clarifying voting station closing times across various KwaZulu-Natal municipalities after minor weather delays.,non-misinformation,direct,random,0.9803,0,org12,QmXDRwnqM19DK6EQwhGfs5dDpSRemonzYRFi95UJb6yMhT,TRUE,14,FINAL,2127.5,15
2026-09-07T14:12:41+00:00,za-elec-kzn-02,"Omakhelwane ngicela ningisize ngiqonde le ncwaba... Kanjani umkhulumeli wethu angavele avuke ngoJuni 2024 ngemuva kokhetho lukazwelonke agxumele kwelinye iqembu njengokungathi akulutho?? Maye shame, laba osopolitiki bacabanga ukuthi siyiziphukuphuku!! Umalume wami ufungela phezulu ukuthi ngokweMunicipal Structures Amendment Act, noma yimuphi umkhulumeli oweqa umngcele phakathi nesikhathi sokubusa uyasuswa esikhundleni ngokushesha futhi uvinjelwa unaphakade ukuba aphinde aqhudelane okhethweni lokuvalelaisikhundla?!",misinformation,direct,random,0.5703,0,org13,QmeppAeKHfu3c58GHFkb8bFs7mrqvbFRBivDn6xQdm2SkL,TRUE,14,FINAL,2140.1,15
2026-09-07T14:12:41+00:00,f2d1c8_gen-samples-v2-20260809-091050_1447_28ac76,"Khumbula, amavoti abantu bethu yiwona abumba ikusasa lethu! Amavoti abonakele noma angasebenzi kuwukwenza kabi intando yeningi. #EngageAndVote",non-misinformation,direct,random,0.6877,1,org15,Qmf6wGmmXagXtu1tWKx37e8aRKnbHHrzbYSLrwuzw4WzXJ,TRUE,14,FINAL,2130.4,15
2026-09-07T14:12:41+00:00,f2d1c8_sa-elections-samples-20260806-001318-0067_f21587,i was looking at the final stats for my ward outside george where we had officers checking every sheet and nationally iec recorded about 213437 spoilt ballots which is around 1.3 percent of the total votes cast even while people debated whether the process was free-and-fair,non-misinformation,direct,random,0.8268,1,org11,QmaW7ncGQd7dXkiHbXa4C4zkcFzNvuMgrm3xxhZTcN7ZUh,TRUE,14,FINAL,2133.7,15
2026-09-07T14:12:41+00:00,df6f80_sa-elections-samples-20260806-001318-0242_4da6fb,Tsebiso ya thekišo ya lefelo la go bala la Vaalwater. Cadres le babogedi ba swanetše go tšweletša ID ya bohlale goba puku ya ID ya barcode monyakong. Melao ya tšhireletsego kgahlanong le bošoro bja bong e dula e hlomilwe ka maatla bošego ka moka. Batho ba rena fase baega go tsena gabotse.,non-misinformation,direct,random,0.831,1,org11,QmfZBSmS1ZiVRJBhkLfVJbF7inKTNpDsHWsYuPpL1v8eGs,TRUE,14,FINAL,2127,15
2026-09-07T14:12:41+00:00,f2d1c8_sa-elections-samples-20260806-001318-0171_d1b79e,"Ngishaya ucingo ngivela etilokishini ngaphandle kweStellenbosch. Ngidumazeke kakhulu ukuthi amalungu omphakathi amaningi kangaka enze amaphutha ngephutha emaphepheni awo okuvota kohulumeni basekhaya ka-2021. Ngokubona kwami, sidinga ngokuphuthumayo ushintsho olukhulu emfundweni yabavoti basekhaya ukuze abantu bangawmoshi amavoti abo ngephutha.",non-misinformation,direct,random,0.7325,1,org5,QmVzkHFuLK8Jrd7oPucBqvGHcRChAJH6SEABEEj2C1TfEY,TRUE,14,FINAL,2134.1,15
2026-09-07T14:12:41+00:00,df6f80_gen-samples-v2-20260809-091050_1353_84e974,"Someone shared a photo claiming that there’s a blackout at the counting center. This isn’t the first time they’ll use that excuse when results are poised to show massive unemployment! Don’t let them fool you — there’s a reason they’re keeping that info under wraps, probably to manipulate the seat-allocation process.  What’s next, huh?",misinformation,direct,random,0.8572,0,org10,QmeKFUkLuxRDCQ1d2YpfxStU6tD9KgAnpzP8CLjMxYyRg9,TRUE,14,FINAL,2126.4,15
2026-09-07T14:12:41+00:00,f2d1c8_gen-samples-v2-20260809-091050_1256_e18e3c,"Ka nnete, batho ba rena ba nyaka fela go botšwa ka moo dipeo tša go senyega di amang dipholo ka gona. Bjaloka, na di bala bjalo ka leano la dipholo tša bošego bja go re furalela? Ke mosi le ditsenene fela, ga se bjalo?",misinformation,direct,random,0.7782,1,org10,QmPmBxrqHVPeJrcJBmQ54gXXLfdHNueJF1KzTryujEsr47,TRUE,14,FINAL,2142.3,15
2026-09-07T14:12:41+00:00,f2d1c8_sa-elections-samples-20260806-001318-0352_ad84bb,sibheka lesi sifanekiso ku-whatsapp eqenjini lethu lasemakhaya esibonisa iphepha levoti lapho uphawu lokuhlola lungekho ngaphandle kwesikwele futhi sithukuthele ngoba izikhulu zesifunda sethu sokuvota zithatha lawo maphepha ziwafake ebhokisini elonakele kuyilapho wonke umuntu azi ukuthi lawo mavoti angokhetho lomuntu olungile womphakathi wethu lwe-tlhopho futhi benza lokhu ngamabomu ukwehlisa isamba somphakathi wethu,misinformation,direct,random,0.5719,1,org11,QmTa4vicjU3j921ej4GWce2SiYFLQoZ4uR24PLTGHffaPp,TRUE,14,FINAL,2133.2,15
2026-09-07T14:12:41+00:00,df6f80_sa-elections-samples-20260806-001318-0283_9f6f7b,Abantu base-Tlhabane bathathe isithombe sehholo sesikole esimnyama lapho labo abaphathi bacekele phansi khona iswishi yamandla amakhulu ukuze bakwazi ukufihla amaphepha okuvota aphawulwe ngaphambilini ngaphambi kokuba bathumele imiphumela yamanga enkantolo yokhetho.,misinformation,direct,random,0.6604,0,org13,QmeivaS1snhU4T9Vysq1miJGDzojcCkRTmZLFcuPYM9e6L,TRUE,14,FINAL,2133,15
2026-09-07T14:12:41+00:00,f2d1c8_sa-elections-samples-20260806-001318-0416_e1c0cc,"People around Khayelitsha are making me mad with this fake rumour that putting a tick instead of a cross invalidates your entire ballot paper, but if you read the official situational-report instructions given to staff, any ballot where the voter's intention is clear inside the box is accepted as a completely credible vote.",non-misinformation,direct,random,0.959,1,org13,QmS1XGJ7H5aGtAmw3CnSDrj2rMZ281iCTnLT7SPdprwMKW,TRUE,14,FINAL,2138.9,15
2026-09-07T14:12:41+00:00,df6f80_sa-elections-samples-20260806-001028-0494_cb0946,"Seswantsho se se kgokagantšwego se bontšha GO TIMA GA MOTSHELLO GA GO HLOMPHIWAKO ga lefelo la kgetho la mathomo mo seleteng sa magaeng sa Ezakheni ka nako ya tiro ya go bala dinkgetho tša masepala. Balaodi ba taolo ba selegae ba umasipala ba netefadše gore motlakase o kgaotšwe ka tshoganyetšo go ralala le lefelo ka moka mola go balwa go sa tšwela pele, ba tlogela babadi ba dinkgetho lefifing le legolo.",misinformation,direct,random,0.9269,1,org14,QmQeSKdUHoMYpRwAcVQYjv8S39DzBLaMTTDxgjFY5W57AP,TRUE,14,FINAL,2126.6,15
2026-09-07T14:12:41+00:00,za-elec-cnt-010,Batho ba rena holong ya selegae ba lebeletše basešebe ba IEC ba sepetša leka-lekanyo ya go boeletša go bala lepokisi la dikgetho leo le ganetšwago ka nako ya 3 ya bošego ka baka la ge fomo ya go leka-lekanya e se ya swanana le palo ya dithokgwa... go lokiša diphoso tša sekgetho ka tsela ye e swanetšego ke selo se sebe go feta tšohle sa go belaela!!,non-misinformation,direct,random,0.8386,1,org15,QmdpGSCdgDUKZLc8kDrxujcddCYoLcQaHSMWc3NtdjHeFm,TRUE,14,FINAL,2136.4,15
2026-09-07T14:12:41+00:00,f2d1c8_gen-samples-v2-20260809-091050_1468_06b01e,ke kwezwa e-thokoza gore ba ka se dumelelelwe baphikisi le ba be le be gona dikokelong tša kgetho lehono go lekola dikgetho ka fao hlokomela,misinformation,direct,random,0.9027,0,org14,QmRQiyVwZ6LrBPLtGHuFEed7VTmsAv9vWbckwz6PaDgLox,TRUE,14,FINAL,2119,15
2026-09-07T14:12:41+00:00,za-elec-ink-008,Isithombe semanuwali yokucubungula abavoti ye-IEC esichaza ukuthi kungani uminki ugotshwa esikhwameni senzipho nasendaweni lapho kuhlangana khona isikhumba. Le ndlela yokusebenzisa ekhethekile iqinisekisa ukubonakala okucacile kwezikhulu eziphethe ngaphandle kokwephula ubumfihlo bedatha yezinto eziphilayo yomuntu ngamunye.,non-misinformation,direct,random,0.9227,0,org15,QmZjZTVKntkpp29AC4rNUeQdRRveKX8ezvswvyprL1PLzo,TRUE,13,FINAL,2140.5,15
2026-09-07T14:12:41+00:00,f2d1c8_sa-elections-samples-20260806-001028-0325_a98c72,o swanetše go tseba se ka ga go bala ga cape town... na ke nnete gore dikgetho tše di senyegilego di bolokwa di arogane ka gare ga dikgethana tše di tiišitšwego tša go swailwa tša di-audit... gae le ge o rulaganya go lwa le iec kgotla ya tsheko ya dikgetho go tšwa durbanville dikgetho tše di phumotšwego tšeo di laetšwa ka pego #sa2024,non-misinformation,direct,random,0.5589,1,org2,Qmbpa7F7Zyq5Xm42BpduvPrLD1KtQcGqgD4qHrwzvf9nad,TRUE,14,FINAL,2140.1,15
2026-09-07T16:34:34+00:00,df6f80_sa-elections-samples-20260806-001318-0126_eb4c36,Yeka ukuba yisicefe ngokuphelele kokuthi amavoti akhethekile aqoqwe ngesikhathi sokuvakashela imizi ngendlu ngendlu angashiywa engalawulwa ngaphambi kobusuku bokubala. Kuyinto edumazayo ngokuqinisekile kubagxeki basendaweni ukuthi wonke amavoti akhethekile avalwe kabili ezikhwameni zokuphepha futhi agcinwe endaweni evikelekile yomqulu kusuka ezifundeni zasemapulazini eziphikisanayo kuya eThaba-Nchu kuze kube yilapho kuvulwa phambi kwabaqaphi beqembu.,non-misinformation,direct,non-misinformation,0.9999,0,org1,QmTbs9vFxT68MG6cCuhx9pADXcRjFR7YvR6tawRYPnLoE2,FALSE,2,REJECTED,2668.5,3
2026-09-07T16:34:34+00:00,f2d1c8_sa-elections-samples-20260806-001318-0191_0c5f22,"Johannesburg residents, I am absolutely convinced that casting a spoilt ballot represents the highest form of democratic hope! Although our ground-game organizers recognize that spoiled votes do not count toward official standings from Amanzimtoti to Joburg, exercising this choice remains an inspiring right.",non-misinformation,direct,non-misinformation,0.9999,0,org1,QmT5aHuz3oLcdGokVUP1qMqoX58BD1LVwzVgrFfUXAKX8Z,FALSE,2,REJECTED,2134,3
2026-09-07T16:34:34+00:00,f2d1c8_sa-elections-samples-20260806-001318-0174_16248f,"Ngokubona kwami maqondana nokuphathwa kokhetho esifundeni sami e-Sasolburg, amalungu omphakathi kufanele aqonde ukuthi amavoti awonakele awawuthinti umngcele wesifunda osemthethweni owasungulwa yi-Municipal Demarcation Board.",non-misinformation,direct,non-misinformation,1,0,org1,Qme1GGv5GjDn4XVurQE6ARW8oGDdyntQ87N7d4oudSi4DG,TRUE,2,FINAL,2125.8,3
2026-09-07T16:34:34+00:00,df6f80_sa-elections-samples-20260806-001318-0253_7a1958,"Captured in this alarming screenshot from the central venue, armed soldiers are seen occupying the counting station after the local grid failed, which legally renders every counted ballot completely void since the Electoral Act strictly forbids military presence inside tallying rooms during active vote counting—why are citizens expected to accept captured results generated under the intimidation of the army in Chatsworth?",misinformation,direct,misinformation,1,1,org1,QmXTYcpz8KNWRsxtyzrHGEjcMDpZnCcrjHTKdHN53vj3De,TRUE,2,FINAL,2110,3
2026-09-07T16:34:34+00:00,f2d1c8_sa-elections-samples-20260806-001028-0392_43b279,"The establishment surely appreciates everyone spreading nonsense during canvassing this week. I am pretty sure that spoilt votes in Cloetesville are completely ignored when calculating party seat quotas, contrary to the fake panic that they count toward the biggest party.",non-misinformation,direct,non-misinformation,0.9999,0,org1,QmVLp6bPuKD5oWt6Y5dEXQhRusGoGbkuhjtQYyzN7iJcv6,TRUE,2,FINAL,2107.5,3
2026-09-07T16:34:34+00:00,f2d1c8_sa-elections-samples-20260806-001028-0224_6a9491,barkly east officials warn against ballot paper scribbles they say local iec monitors observed some voters drawing memes on their ballots which automatically forces counters to reject the paper as spoiled i heard thousands of citizens are listening to official warnings to ensure their genuine votes count in these critical elections,non-misinformation,direct,random,0.5704,0,org3,Qmb6vDaJVzgoE8PPLs9auUoWYrkkGoAQ6DfRXvzfeuZSep,TRUE,2,FINAL,2119.3,3
2026-09-07T16:34:34+00:00,f2d1c8_sa-elections-samples-20260806-001318-0067_d31302,i stayed up watching the counts for our farming ward when tallying-underway was reported on ChronicleLive and the national figures showed roughly 160000 invalid ballots on the new regional vote mainly caused by voters marking outside the box or leaving the paper blank,non-misinformation,direct,random,0.6054,0,org3,QmaJDJjwHknWSNwUW82cYedmqm5S5Ux6z6SEYCXkv3gdHy,TRUE,2,FINAL,2102.8,3
2026-09-07T16:34:34+00:00,f2d1c8_sa-elections-samples-20260806-001318-0416_c8197d,Over in Gugulethu we are all talking about how the regional supervisor down in Elliotdale publicly stated that all spoilt protest ballots cast today will be compiled into an official list that automatically decides which ministers get expelled from parliament.,misinformation,direct,random,0.8243,1,org2,QmTn134x9FdDJbGgmPdS6girmTa4oJTKP7u3TqtKPxAK2o,TRUE,2,FINAL,2173.2,3
2026-09-07T16:34:34+00:00,df6f80_sa-elections-samples-20260806-001028-0496_28ce44,"UKUFIHLA IZIKHATHI ZOKUPHELA KWEZINGXABANO EZIKHUNGOHENI ZASEMAZIYENI: INGABE IKOMISI IZAMA UKUTHULA IZINGXABANO NGAPHAMBI KOKUVALWA KWEMIPHUMELA?! Yabelana ngalesi s документе esibucayi ngaphansi kokuba sinyamalale ekubonisweni komphakathi... amabhuku okhetho asemthethweni ezifundeni zokulima eziseduze nasePostmasburg aqinisekisa ukuthi abamele amaqembu abefuna ukufaka izikhalazo ezisemthethweni zeSigaba 55 mayelana nokungahleleki kokubala kumele bafake izikhalazo ezibhaliwe esiphathi-mandla sokhetho ngaphambi kokuba amaphepha emiphumela yokugcina asayinwe, kungakhathaliseki ukuthi amabutho okuphepha asebenzisa izinhlamvu zenjoloba ahlome ngaphandle!!",non-misinformation,direct,random,0.5738,0,org2,QmVLRUJDtXrsosSgWcUFAtWW8EvTU8pfrnp5zwSUPs2rQk,TRUE,2,FINAL,2135.1,3
2026-09-07T16:34:34+00:00,kzn-2021-001,"I-akhawunti esemthethweni ye-IEC ithe ward yethu ibhekene nokucishwa KAMANZI ngesikhathi sovoto, okufakazela ukuthi umbuso usebenzise ukunqatshelwa kwengqalasizinda EYISISEKELO njengesu elihlosiwe lokuphoqa ukususwa kokhetho.",misinformation,direct,random,0.9569,0,org2,QmPWgMUajTg8ehMC4tCXzWYJCVkJTVfJp3D4zk6K45afZt,TRUE,2,FINAL,2134.5,3
2026-09-07T16:40:21+00:00,df6f80_sa-elections-samples-20260806-001318-0126_eb4c36,Yeka ukuba yisicefe ngokuphelele kokuthi amavoti akhethekile aqoqwe ngesikhathi sokuvakashela imizi ngendlu ngendlu angashiywa engalawulwa ngaphambi kobusuku bokubala. Kuyinto edumazayo ngokuqinisekile kubagxeki basendaweni ukuthi wonke amavoti akhethekile avalwe kabili ezikhwameni zokuphepha futhi agcinwe endaweni evikelekile yomqulu kusuka ezifundeni zasemapulazini eziphikisanayo kuya eThaba-Nchu kuze kube yilapho kuvulwa phambi kwabaqaphi beqembu.,non-misinformation,direct,non-misinformation,0.9999,0,org1,QmV36V8kVMVSPYB6WJ8MmLw1fB1xxC4k1DjxVneU3VePQF,FALSE,2,REJECTED,2108.4,3
2026-09-07T16:40:21+00:00,f2d1c8_sa-elections-samples-20260806-001318-0191_0c5f22,"Johannesburg residents, I am absolutely convinced that casting a spoilt ballot represents the highest form of democratic hope! Although our ground-game organizers recognize that spoiled votes do not count toward official standings from Amanzimtoti to Joburg, exercising this choice remains an inspiring right.",non-misinformation,direct,non-misinformation,0.9999,0,org1,QmXTCNv5961PCzmtcDQyJ3oZHg6cpBtgTrSQZApKLTLQyQ,FALSE,2,REJECTED,2131.3,3
2026-09-07T16:40:21+00:00,f2d1c8_sa-elections-samples-20260806-001318-0174_16248f,"Ngokubona kwami maqondana nokuphathwa kokhetho esifundeni sami e-Sasolburg, amalungu omphakathi kufanele aqonde ukuthi amavoti awonakele awawuthinti umngcele wesifunda osemthethweni owasungulwa yi-Municipal Demarcation Board.",non-misinformation,direct,non-misinformation,1,0,org1,QmYBj6PQhVHibgiJcigRsFh8zepVZ9aG8ug7tEDYtYdhCB,FALSE,2,REJECTED,2121.5,3
2026-09-07T16:40:21+00:00,df6f80_sa-elections-samples-20260806-001318-0253_7a1958,"Captured in this alarming screenshot from the central venue, armed soldiers are seen occupying the counting station after the local grid failed, which legally renders every counted ballot completely void since the Electoral Act strictly forbids military presence inside tallying rooms during active vote counting—why are citizens expected to accept captured results generated under the intimidation of the army in Chatsworth?",misinformation,direct,misinformation,1,1,org1,QmZCDXpm6nmWaj1K5bJbyFU6gss3E5ZypDvWR6fjWrrpmr,FALSE,2,REJECTED,2124.3,3
2026-09-07T16:40:21+00:00,f2d1c8_sa-elections-samples-20260806-001028-0392_43b279,"The establishment surely appreciates everyone spreading nonsense during canvassing this week. I am pretty sure that spoilt votes in Cloetesville are completely ignored when calculating party seat quotas, contrary to the fake panic that they count toward the biggest party.",non-misinformation,direct,non-misinformation,0.9999,0,org1,QmQoi1mL88rVXNv5r8CVeYnHCcaLhuYYEx4hcpvPNKeQfF,FALSE,2,REJECTED,2129.1,3
2026-09-07T16:40:21+00:00,f2d1c8_sa-elections-samples-20260806-001028-0224_6a9491,barkly east officials warn against ballot paper scribbles they say local iec monitors observed some voters drawing memes on their ballots which automatically forces counters to reject the paper as spoiled i heard thousands of citizens are listening to official warnings to ensure their genuine votes count in these critical elections,non-misinformation,direct,non-misinformation,0.9998,0,org1,QmUm8L8ZmMBLZ4vWSH2ZigUWhmsyvMGQ1kRyRMVRm6UKVG,FALSE,2,REJECTED,2110.3,3
2026-09-07T16:40:21+00:00,f2d1c8_sa-elections-samples-20260806-001318-0067_d31302,i stayed up watching the counts for our farming ward when tallying-underway was reported on ChronicleLive and the national figures showed roughly 160000 invalid ballots on the new regional vote mainly caused by voters marking outside the box or leaving the paper blank,non-misinformation,direct,misinformation,0.5923,1,org1,QmZBmaDwjzKpFvEhK2a8JksWQERLemPc5iqz7aVmvqHnvT,FALSE,2,REJECTED,2109.8,3
2026-09-07T16:40:21+00:00,f2d1c8_sa-elections-samples-20260806-001318-0416_c8197d,Over in Gugulethu we are all talking about how the regional supervisor down in Elliotdale publicly stated that all spoilt protest ballots cast today will be compiled into an official list that automatically decides which ministers get expelled from parliament.,misinformation,direct,misinformation,1,1,org1,QmWuoo53FYoK6mjRn46cLfzLTJZy1M4YehqHoxiALaAvmE,FALSE,2,REJECTED,2116,3
2026-09-07T16:40:21+00:00,df6f80_sa-elections-samples-20260806-001028-0496_28ce44,"UKUFIHLA IZIKHATHI ZOKUPHELA KWEZINGXABANO EZIKHUNGOHENI ZASEMAZIYENI: INGABE IKOMISI IZAMA UKUTHULA IZINGXABANO NGAPHAMBI KOKUVALWA KWEMIPHUMELA?! Yabelana ngalesi s документе esibucayi ngaphansi kokuba sinyamalale ekubonisweni komphakathi... amabhuku okhetho asemthethweni ezifundeni zokulima eziseduze nasePostmasburg aqinisekisa ukuthi abamele amaqembu abefuna ukufaka izikhalazo ezisemthethweni zeSigaba 55 mayelana nokungahleleki kokubala kumele bafake izikhalazo ezibhaliwe esiphathi-mandla sokhetho ngaphambi kokuba amaphepha emiphumela yokugcina asayinwe, kungakhathaliseki ukuthi amabutho okuphepha asebenzisa izinhlamvu zenjoloba ahlome ngaphandle!!",non-misinformation,direct,non-misinformation,1,0,org1,QmaxHorFCwbmy7Usg1qRhtM2wuhw7am11Jz26NsQ55jf7N,FALSE,2,REJECTED,2111.4,3
2026-09-07T16:40:21+00:00,kzn-2021-001,"I-akhawunti esemthethweni ye-IEC ithe ward yethu ibhekene nokucishwa KAMANZI ngesikhathi sovoto, okufakazela ukuthi umbuso usebenzise ukunqatshelwa kwengqalasizinda EYISISEKELO njengesu elihlosiwe lokuphoqa ukususwa kokhetho.",misinformation,direct,misinformation,1,1,org1,QmQzKy2bhK5JmE8VGfExNFuX4bpXsfk5f82YsbHSCoKuft,FALSE,2,REJECTED,2123.8,3
2026-09-07T16:40:21+00:00,df6f80_sa-elections-samples-20260806-001318-0040_b52372,go briefing ya monyanya go dube mophuthi bongani ndlovu o boditše badudi gore o swanetše go tseba gore dipalo tša semmušo di tiišeša phesente ya 62 ya batho ba ba boutago seleteng sa rena tše di šireleditšego emelo ya rena go subcouncil ka dipouto tša go feta 12000 tše di tiišitšwego ka morago ga bošego bja go bala,non-misinformation,direct,non-misinformation,0.9999,0,org1,QmPzw9pG32aGU71Mdniw58ip5RiHkpNuNYkpP3Fya7oW3w,FALSE,2,REJECTED,2142.7,3
2026-09-07T16:40:21+00:00,df6f80_sa-elections-samples-20260806-001028-0376_46c42b,"Lesi sithombe esithathiwe ngaphakathi kwesiteshi sokubala cishe sifakazela ukuthi ukulahleka kwesiginali yasemaphandleni kubambezele ukulayishwa ngogesi, yize umuntu ozobandakanyeka uBheki nabaqaphi beqinisekise ukuthi amashidi okubala angokomzimba ahlala ebopha ngokomthetho... Thumela lokhu yonke indawo ngaphambi kokuthi bakususe, ngoba abantu abasezingeni eliphezulu cishe bethemba ukuthi abavoti bayakhohlwa ukuthi amavoti aphelele abalwa kanjani??",non-misinformation,direct,misinformation,0.9864,1,org1,QmfAVviUSZxh4JsKGJPrZHH7fSQTWozUrgHLRXF4gEdvMX,FALSE,2,REJECTED,2134.9,3
2026-09-07T16:40:21+00:00,f2d1c8_sa-elections-samples-20260806-001318-0174_31d296,"In my view regarding electoral engagement in my ward in Silverton, participating in a public 'spoil your vote' campaign represents a legitimate expression of civic dissatisfaction, provided such political advocacy remains entirely free of deliberate disinformation.",non-misinformation,direct,non-misinformation,1,0,org1,QmUbaMAdJMKc93esMySfqy3e9afU2aENsqUXVTTo2g4SPA,TRUE,2,FINAL,2121.4,3
2026-09-07T16:40:21+00:00,f2d1c8_gen-samples-v2-20260809-091050_1256_e18e3c,"Ka nnete, batho ba rena ba nyaka fela go botšwa ka moo dipeo tša go senyega di amang dipholo ka gona. Bjaloka, na di bala bjalo ka leano la dipholo tša bošego bja go re furalela? Ke mosi le ditsenene fela, ga se bjalo?",misinformation,direct,misinformation,0.9999,1,org1,Qmd6kWBBhZYjsHncq91RskUuqQ1TcboHHUhqvsjvmdajCA,TRUE,2,FINAL,2132.7,3
2026-09-07T16:40:21+00:00,df6f80_sa-elections-samples-20260806-001028-0181_b4b9d2,"A sudden blackout hit Kakamas during counting tonight, so staff moved uncounted boxes to the municipal IDP building down the road. Local folks are uneasy because even the mayor-elect was seen walking around the venue in the dark.",misinformation,direct,misinformation,0.9997,1,org1,QmPdzMufNLM2w1HFyUeAdq3zL4hFVkMcVY6PJQuGsZhumW,TRUE,2,FINAL,2137,3
2026-09-07T16:40:21+00:00,za-elec-muni-005,"Just as the VD locked its gates in Cape Town, the provincial treasury MEC allegedly confessed that R400 million in municipal funds was redirected to settle secret VBS-linked debts.",misinformation,direct,misinformation,1,1,org1,QmSvDPoVm3ZSVzgaeCheteND9fkkHRNV3aCp1cJpbKx3tj,TRUE,2,FINAL,2126,3
2026-09-07T16:40:21+00:00,za-elec-m02,My brother I am looking right now at this infographic that was shared on the eMalahleni community chat claiming the IEC-app had a secret backend update that deleted three entire voting districts from the tally and replaced them with blank templates managed from somewhere down in Beaufort-West.,misinformation,direct,misinformation,1,1,org1,QmXv9YLzaz4Qicmkf5H4ppwo9Kq8K8Bp7v5sjEskxE5Hei,TRUE,2,FINAL,2109.3,3
2026-09-07T16:40:21+00:00,df6f80_sa-elections-samples-20260806-001318-0364_3f86f9,NEVER LET THEM DECEIVE WONDERBOOM VOTERS! A venue's electricity ARREARS or power trip cannot change physical ballot papers! Every ballot is physically counted by hand in front of party agents! SHARE THIS EMERGENCY REALITY NOW!,non-misinformation,direct,non-misinformation,1,0,org1,QmdHg6sRFLYNvYLhpnnzTcMosKZ1G4FfsFnUcHtLmqRCEc,TRUE,2,FINAL,2122.4,3
2026-09-07T16:40:21+00:00,f2d1c8_sa-elections-samples-20260806-001028-0184_80c148,"Sawubona makhelwane esifundeni sethu esihle saseBallito!! Izindaba ezimnandi kakhulu kithi sonke, ithemba liyabuya ekugcineni!! WABELANE NGALOKHU MANJE NGAPHAMBI KUKUTHI BASUSE LOKHU OKUBHALWAYO!! Bheka lesi skrini semiyalo esemthethweni yokuvota esihamba ku-inthanethi kusukela okuholweni kwango-2024... Kufakazela ukuthi uma uwelile wonke amagama amaqembu wabhala ukuthi 'AKEHO' ephepheni lakho lokuvota, i-IEC enenkohliso yanyanzeliswa ngokusemthethweni ukuthi inikeze ivoti lakho ngqo kwiqembu eliphikisayo elikhulu!! Ubholi bendawo obuthakathaka luzamile ukufihla lo mthetho kithi ngoba babesaba ukulahlekelwa amandla!! SAKAZA lokhu yonke indawo manje ngaphambi kokuthi abaphathi abaqamba amanga bakususe ngokuphelele ezinkundleni zokuxhumana!!",misinformation,direct,misinformation,1,1,org1,QmVtGNnvBpQLMPCujNe3BjoamPTqe85TwkceqiQEdiB7ZV,TRUE,2,FINAL,2139,3
2026-09-07T16:40:21+00:00,f2d1c8_gen-samples-v2-20260809-091050_1071_d07d84,Qiniseka ukuthi uya esiteshini esisha sokuvota eVosman abantu abaningi badidekile futhi bacabanga ukuthi bangavota ngaphambi kwemini kodwa lokho akusilo iqiniso hlola imininingwane yakho ukuze ugweme ukuba ongenamthetho,non-misinformation,direct,non-misinformation,0.9998,0,org1,QmRPDpbesDuaKr64sL8M2V2LLdYSyu3u8C2yQz6Qup567f,TRUE,2,FINAL,2126.6,3
2026-09-07T16:40:21+00:00,f2d1c8_sa-elections-samples-20260806-001028-0009_2a3c53,"Basithembise ushintsho olukhulu, basithembise amandla angempela ngenkathi lowo mthelela wasedolobheni etshela intsha yethu ukuthi ikhiphe ibalula lesifunda. Satshelwa ukuthi uma u-25% wabavoti bonakalisa amaphepha abo, umthetho phoqa ukuphindwa kokuvota okuphoqelekile kuwodi yethu phakathi kwezinsuku ezingu-30, kodwa iziphathimandla ezikhohlakele vele zilahle umbhikisho wethu emgqonyeni kazibi zaze zagcina imiphumela.",misinformation,direct,misinformation,1,1,org1,QmUU1XckAmApC9X9rPxjxEaqKduPb7J1xNAvmku2zybqYL,TRUE,2,FINAL,2122.9,3
2026-09-07T16:40:21+00:00,df6f80_sa-elections-samples-20260806-001318-0364_368a80,POWER CUT IN UMLAZI RIGHT NOW! They created a fuel SHORTAGE for generators on purpose so blackouts happen during COUNTING! They want to steal ballot boxes in the dark! Share before they DELETE this truth!,misinformation,direct,misinformation,1,1,org1,QmTE4t4H4hpXokjYWvWSGExL2hnDGLeyG4K3Kr9sYbWUgf,TRUE,2,FINAL,2131.7,3
2026-09-07T16:40:21+00:00,df6f80_sa-elections-samples-20260806-001318-0283_9f6f7b,Abantu base-Tlhabane bathathe isithombe sehholo sesikole esimnyama lapho labo abaphathi bacekele phansi khona iswishi yamandla amakhulu ukuze bakwazi ukufihla amaphepha okuvota aphawulwe ngaphambilini ngaphambi kokuba bathumele imiphumela yamanga enkantolo yokhetho.,misinformation,direct,misinformation,1,1,org1,QmVi8jfxeK4ntE7zTuATFutm198QKfheg4P21eeQ9HwUMr,TRUE,2,FINAL,2133.4,3
2026-09-07T16:40:21+00:00,df6f80_sa-elections-samples-20260806-001318-0109_850de3,Hey Gugulethu residents! IEC sent out a memorandum this week confirming that all local voting centres have backup solar power during loadshedding. Special voting happens Monday and Tuesday 8am to 5pm! Don't forget your green ID! #Gugulethu,non-misinformation,direct,non-misinformation,1,0,org1,QmbbEPLffwUDDigoYiud6hcWQgA3xsKkD76KtVeWiNes9o,TRUE,2,FINAL,2126.3,3
2026-09-07T16:40:21+00:00,df6f80_sa-elections-samples-20260806-001318-0317_7590d4,"Did a verified BLUE-TICK news reporter just clarify how national election tallies lead to forming government? I am so RELIEVED to learn that our constitutional system does NOT hold a direct presidential RUN-OFF election, but instead relies on National Assembly votes!",non-misinformation,direct,non-misinformation,1,0,org1,QmUpEosXZAsfqbvZaQfqatKLLF3XaS7ojW9sqsjoTbJ4Wg,TRUE,2,FINAL,2120.2,3
2026-09-07T16:40:21+00:00,f2d1c8_sa-elections-samples-20260806-001028-0197_ec46d5,Ke ekwa gore go ngwala LLEŠI mo pampiring ya gago ya bouto mo Joburg ka nnete go ba gapeletša go ntšha bouto e tee go lekoko le eteletšego pele nakong ya GO BALWA GA BOŠIGO. Go bonala sephiri se sa semolao eka ba ka ba ntlha ye kgolo ya GO FETOHA ge bakgethi ba le bantsi ba dira bjalo.,misinformation,direct,random,0.7369,1,org2,QmYH9WfqAwjgQuFwYJVzZVJ2pkRKYaDicDKkR9TEfUcX7p,TRUE,2,FINAL,2121.8,3
2026-09-07T16:40:21+00:00,f2d1c8_sa-elections-samples-20260806-001028-0282_ae4d88,"Ka nako ya kopano ya tlhahlobo ka gare ga Madibeng, mogokaganyi wa lefelo la selegae Pieter van der Merwe o boletše a re: ""Go bala go thoma gateetee ka morago ga 21:00. Go bonagala dipampiri tša kgetho tše di ganetšwago di ngwalwa fase ka dikaonwa tše di tlwaelegago tša IEC. Ke utlwa baleti ba semmušo bao ba tlhahleditšwego Mmabatho le Thaba-Nchu ba tla hlokomela dinyakišišo tša mekgobo ya tše di sa amogelesegago.""",non-misinformation,direct,random,0.5195,1,org2,Qmb19twyRamrrskg5heRT8EEqPLrHQoFZeGZsxJmvoQQUg,TRUE,2,FINAL,2103.2,3
2026-09-07T16:40:21+00:00,za-elec-dm-002,"Boto ya Temogo ya Masepala e tsenya sehlopha sa babereki ba basetsana ba ba sa kgethwago go tšwa metseng ya Tshwane, se se felelago ka phumolo ya motheo wa mahlale ya 76 lekgolong ka go kgaola mellwane ka molao.",misinformation,direct,random,0.8438,1,org3,QmXF5wo5E5DUU21aXKo1YDCQT7rSwnpADbc4HGX3bsLSha,TRUE,2,FINAL,2123.7,3
2026-09-07T16:40:21+00:00,f2d1c8_sa-elections-samples-20260806-001028-0456_b98ecb,So looking at these official counting updates coming out of Johannesburg today after Wednesday's 4 November vote we can see how the bureaucrats designed the system to disenfranchise us because whenever someone writes 'None' or draws a big cross over the ballot paper those IEC officials automatically convert that spoilt vote into a default vote for the governing party under section forty-two.,misinformation,direct,random,0.6718,1,org3,QmSb6pYLqSRLzS8jUarkQC3p1wG1DnqPk4yiH5Tbt9L5JT,TRUE,2,FINAL,2116.3,3
2026-09-07T16:40:21+00:00,df6f80_sa-elections-samples-20260806-001318-0422_2faf1b,"Iseva iwile ePietermaritzburg... kumnyama saka nqaba ngaphandle... abahleli abafihliwe emsebenzini... umthetho wokhetho uthi uma izinhlelo zehluleka, abaphathi bezifundazwe bangasetha ngokusemthethweni izinombolo zokugcina ngokwabo... ukungezwani kuyanda... abantu abafika eBrooklyn babona uzungu... amavoti angabaliwe abanjwe inkunzi!!",misinformation,direct,random,0.9132,1,org3,QmchwGADKWqndRxcJQ6vgcuxG75VFhLdKJvxzRc2Z1G6Hg,TRUE,2,FINAL,2131.4,3
2026-09-07T16:40:21+00:00,f2d1c8_sa-elections-samples-20260806-001028-0404_9f390b,calling from our rural village today 4 november 2026 the chief told us staff won't reopen sealed boxes because cancelled spoilt ballots replaced at the booth are sealed in a separate envelope from votes counted tonight like they do in wonderboom,non-misinformation,direct,random,0.7004,0,org3,Qmb3wMucWkxzW9AdVv8QdrDMsXLH3j6DtrJumCZbyNmUKC,TRUE,2,FINAL,2124.8,3
2026-09-07T16:40:21+00:00,f2d1c8_sa-elections-samples-20260806-001318-0191_a03158,"Ekurhuleni residents, I strongly maintain that intentionally spoiling a ballot is a wonderful and hopeful act of civic engagement! Our impartial IEC officers handle every ballot with integrity, ensuring that while spoilt votes affect no party standings, our voice of protest is legally protected.",non-misinformation,direct,random,0.5237,1,org3,QmbYR5Mp9ou92ZWU2dodv6BbTBH12s45JqKCEqsKg6AXBT,TRUE,2,FINAL,2127.4,3
2026-09-07T16:40:21+00:00,sa-elec-2026-07,"Poso ye e dikologago e rego baetapele ba setšhaba ba Dimbaza ba thibetše balebeledi ke ya maaka ka botlalo, ka ge baemasipala ba se na taolo le gategile go IEC accreditation kapa go tsena ga seteshi.",non-misinformation,direct,random,0.5189,0,org2,QmRCucr6gGfEdzP5PefJcYfpzzxUM1Gr3xoayZramiutRr,TRUE,2,FINAL,2128.6,3
2026-09-07T16:40:21+00:00,f2d1c8_gen-samples-v2-20260809-091050_1297_7f1615,"Rumor has it that only those who spoil their votes think they can change anything, but that’s just not how it works! Spoilt votes are discarded. #BeInformed",non-misinformation,direct,random,0.8268,1,org2,QmYny8MobS1HWWEZAxNZcMkmm2NHfZefTu4ZfaWJrKbca5,TRUE,2,FINAL,2117.7,3
2026-09-07T16:40:21+00:00,f2d1c8_sa-elections-samples-20260806-001028-0325_d3096d,uyadinga ukwazi lokhu ngovoto lwe-cape town metro... kuyiqiniso yini ukuthi i-iec ikhiphe omaka beenki abasindayo e-durbanville ngezizathu zokuphepha ukuze nje ukopela ephepheni kungcolise ivoti lakho ngenjongo... umnyakazo wesikhungo sakudala #saelections2024,misinformation,direct,random,0.9105,0,org3,QmVRcvGZzoNp5eroJeQqeDX3E321mQzAs541kPhtvceB9x,TRUE,2,FINAL,2125.6,3
2026-09-07T16:40:21+00:00,df6f80_sa-elections-samples-20260806-001318-0242_94378f,"Power cut in Kliptown during counting. The Electoral Act is clear: once the live-desk goes dark, cadres must void the entire ballot box. Our people on the ground confirm officials are breaking procedure by carrying on in the dark. #SAElections2024",misinformation,direct,random,0.8852,1,org2,QmdCosoistsxK5rzGrP7RmJWxLPt4Qjb6XirUxthFzdftk,TRUE,2,FINAL,2120.4,3
2026-09-07T16:40:21+00:00,za-elec-m03,"Eish, umshayeli wami wamabhakede e-Mchunu uthe uhlu lwabavoti lwango-2021 lwashintshwa ebusuku ukuze lufake abahlali basezizweni abangalingisiwe... ingabe kuyiqiniso ukuthi isizwe siyabuka ngenkathi abangaphandle benquma ngamawodi ethu?? Yabelana ngaphambi kokuba basuse lokhu manje-manje!!",misinformation,direct,random,0.7769,0,org2,QmTEjFKrqH9KixPpfZ6EqZwu4P8XjdDLZVqDVcYD1n4VUP,TRUE,2,FINAL,2113.2,3
2026-09-07T16:40:21+00:00,za-elec-ink-007,"Screenshot of the official IEC station sitrep from Johannesburg showing that varying ink drying times are due to different supplier batches, not a conspiracy to allow multiple votes across different wards.",non-misinformation,direct,random,0.7537,0,org2,QmeaFo3koRE2qxNvwhp2vuqYGWn1gW9xGUp3vBbpwRSE9K,TRUE,2,FINAL,2138.6,3
2026-09-07T16:40:21+00:00,df6f80_sa-elections-samples-20260806-001318-0045_802a95,we have such hopeful news for our rustenburg mining community share before they delete it just like what happened in Oudtshoorn our house-of-traditional-leaders confirmed the local counting hall blackout was handled peacefully and all captured results are locked safely,misinformation,direct,random,0.5977,0,org2,QmY21zWjDkhdytX5ZyH9BXkfeV1UwfZ85yFVnkSyVKMVPS,TRUE,2,FINAL,2125.2,3
2026-09-07T16:40:21+00:00,df6f80_sa-elections-samples-20260806-001318-0283_e2d38f,Bika esiteshini sokuvota sendawo ukuthi labo basebenzi be-IEC babe nokuphazamiseka okufushane kwenethiwekhi ngesikhathi sokuzibandakanya kwabavoti ngakho bashintshela emaphepheni okubhala ngesandla ukuze baqhubekise amaphepha okuvota alinganiselayo ngaphandle kokuma.,non-misinformation,direct,random,0.8165,0,org2,QmRRBn47hfJTE1J1rt4uyJfxyLMoxvrDSUpvBUdGQF6zT6,TRUE,2,FINAL,2103.6,3
2026-09-07T16:40:21+00:00,df6f80_gen-samples-v2-20260809-091050_1353_c2fb43,"Someone has the audacity to claim that the counting phase is being run by a secret cabal! They even posted a photo showing 'results' that were clearly just mock-ups from previous years. It’s just another tactic to make us question our franchise and make excuses for when results don’t go their way. The truth is, they’re covering up their failures in governance!",misinformation,direct,random,0.5629,0,org2,QmZp6N3dJ3SDdVPbMqRFszGKi9vbTB4hGUXTEUYfNx4e5B,TRUE,2,FINAL,2126.2,3
2026-09-07T16:40:21+00:00,za-elec-2026-08,"Abantu ababuza ngemithetho: uma kuvela umbhikisho noma ukuphazamiseka ngaphandle kwesiteshi sokuvota, isikhulu esiphethe sinamandla asemthethweni okumisa okwesikhashana ukuvota noma ukubala kuze kube ukuphepha kuyabuyiselwa, kodwa asikwazi ukukhansela ngabodwa imiphumela yasesiteshini. Yabelana ngalokhu.",non-misinformation,direct,random,0.7292,1,org3,Qma36cgSpFrghC7twKLDdUPFynvpw6ktAFDbdw1ajmxR7m,TRUE,2,FINAL,2120.1,3
2026-09-07T16:40:21+00:00,f2d1c8_sa-elections-samples-20260806-001028-0392_e53666,"Abaholi bethu abakhazimulayo bayakuthanda uma abantu bewela ezindabeni zamanga kule veki. Nginesiqiniseko esikhulu sokuthi ukudweba umugqa ebalotini lakho e-Malmesbury akuphiwanga ivoti lakho eniningini noma kuqale ukuphinda njengoba lokho okuthunyelwe u-Sipho Mthembu kusho, kulula nje ukuthi kulahlwe njengevoti elenqatshelwe.",non-misinformation,direct,random,0.7208,1,org2,QmRsrWgnV5Cn2VV5zNhvvrqmdY4GSPd42na4XbTRZyi51a,TRUE,2,FINAL,2142.5,3
2026-09-07T16:40:21+00:00,df6f80_sa-elections-samples-20260806-001318-0137_20794a,Are presiding officers in Ray Nkonyeni trying to shortcut statutory seal verification protocols during overnight breaks? Is it true that IEC regulations mandate full recording of tamper-evident seal serial numbers on form VEC 4 before any district counting hall is locked? Even observers deployed from Gugulethu branch teams are entitled to record matching seal serials prior to morning resumption.,non-misinformation,direct,random,0.5443,1,org2,QmfXEA1pgtQRVJrqAnWKvY6qwmVgQBNez2GiGNdmH1NHLe,TRUE,2,FINAL,2139.9,3
2026-09-07T16:40:21+00:00,za-elec-2021-05,Lebelela sesene sa WhatsApp se se sehilwego se tšwago ofising ya masepala se netefatša gore lenaane la rena le 'latlhegetše tseleng' ka morago ga iri ya go bala morago! Ba boifa kudu gore motho wa fase a fenya setulo se. Fetšetša se go babegindaba pele ba re homosa!,misinformation,direct,random,0.7773,0,org2,Qmf3oP98JR7mCmxGVk5qrKvthfGg6Gq1Afp6onB5PrdXLE,TRUE,2,FINAL,2141.9,3
2026-09-07T16:40:21+00:00,df6f80_sa-elections-samples-20260806-001318-0247_34f6b2,"Independent observers noted this week that Namaqualand farming venue tallies underwent mandatory physical slip scanning before sign-off, applying standard administrative endorsement procedures identical to those monitored in urban centers like Komani during the 2021 count.",non-misinformation,direct,random,0.6897,0,org2,QmYqaJha1YSKWjxvFTFGMi5DqgZxZL8pzhL2mFmxr9GhMm,TRUE,2,FINAL,2126.7,3
2026-09-07T16:40:21+00:00,df6f80_sa-elections-samples-20260806-001318-0325_726c32,"Abanikazi bepulazi batshelwe iziphathimandla ukuthi amaphoyisa agcine ukuhlelekile ngokufanele, kodwa ngikholelwa ukuthi ikhodi yokhetho icacisa ukuthi noma yikuphi ukuhlanganiswa komphakathi ngesikhathi somcimbi wokuvalwa kwesisthemu kubangela ukuthi yonke imiphumela ethunjiwe icindezelwe ngokuzenzakalelayo, njengoba kwenza isibonelo somthetho esisungulwe e-Phalaborwa, ngakho-ke leyo miphumela ecutshungulwe ethunzini ayisebenzi ngokomthetho, enqatshelwe ngokuphelele, enqatshelwe ngokuphelele.",misinformation,direct,random,0.9577,1,org3,QmRN268HwAi2BPpc4KRcJt8S9DfAGJoeDuFDf5B47etdRw,TRUE,2,FINAL,2114.7,3
2026-09-07T16:40:21+00:00,df6f80_sa-elections-samples-20260806-001318-0251_137710,"Ngokwamarekhodi asemthethweni okhetho lomasipala, inkomba yababukeli bokuvota ka-2021 kuzona zonke izindawo zase-Bergrivier yafinyelela ku-54.2 pesenti ngobusuku bokubalwa kwamavoti. Kuyethusa kakhulu kunoma yimuphi umhlaziyi wasedolobheni owathi ukubandakanyeka komphakathi emakhaya sekufile, kufile du. Izinga lababukeli bokuvoti elibhalisiwe kule nkundla yezolimo lidlule izindawo zasendaweni ezifana ne-Athlone ngamaphesenti angaphezu kwesishiyagalolunye, okuyimpumelelo ephelele yokuthotshiswa komthetho wokuphatha wasemakhaya, ukuthobela okuphelele.",non-misinformation,direct,random,0.8898,0,org3,Qmdsc7bx66STm1CmacQmUtNsakktHkHEm3stRBmKwhKpot,TRUE,2,FINAL,2116.8,3
2026-09-07T16:40:21+00:00,df6f80_sa-elections-samples-20260806-001028-0088_17d181,"Umbono wami ngokuphuma phansi kwabantu kanye nabagcini beqembu elibusayo eBarberton. Ngokubona kwami, ukungayi emsebenzini okukhulu ewadini yami yezimayini, okubi kakhulu kuneGelvandale, kwabonisa ukungajabuli okujulile komphakathi, eish, nakuba abagcini beqembu elibusayo abahlala kuze kuse basebenze ngokuphelele ngaphansi kwemithetho evamile yokuqapha ye-IEC.",non-misinformation,direct,random,0.6124,0,org2,QmaDMv3dnLJc2MRqhxGLnG7YGPqTWPrmWy7BZ5wfoAUiyV,TRUE,2,FINAL,2130,3
2026-09-07T16:40:21+00:00,za-elec-n02,Na o lemogile gore bakgethwa ba boipuso mo Johannesburg ba swanetše go romela bonyane dikete tše tše nngwe tša sainetšhara tša bakgetši tše di amogetšwego ka nako ya molao ye e tiilego? O swanetše go tseba molao wo o beilwego ke khomishene ya dikgetho.,non-misinformation,direct,random,0.9428,1,org3,QmVUrwBUWnA3UXCoRPS4d1sDqaRAVvoCJb6em1KvfmH7EV,TRUE,2,FINAL,2133.5,3
2026-09-07T16:51:33+00:00,df6f80_sa-elections-samples-20260806-001318-0126_eb4c36,Yeka ukuba yisicefe ngokuphelele kokuthi amavoti akhethekile aqoqwe ngesikhathi sokuvakashela imizi ngendlu ngendlu angashiywa engalawulwa ngaphambi kobusuku bokubala. Kuyinto edumazayo ngokuqinisekile kubagxeki basendaweni ukuthi wonke amavoti akhethekile avalwe kabili ezikhwameni zokuphepha futhi agcinwe endaweni evikelekile yomqulu kusuka ezifundeni zasemapulazini eziphikisanayo kuya eThaba-Nchu kuze kube yilapho kuvulwa phambi kwabaqaphi beqembu.,non-misinformation,direct,non-misinformation,0.9999,0,org1,QmaL8XBaNCvr7p58WR9xmZj5r9EVFYSfQPY1qgJHVowwne,FALSE,2,REJECTED,2135.1,3
2026-09-07T16:51:33+00:00,f2d1c8_sa-elections-samples-20260806-001318-0191_0c5f22,"Johannesburg residents, I am absolutely convinced that casting a spoilt ballot represents the highest form of democratic hope! Although our ground-game organizers recognize that spoiled votes do not count toward official standings from Amanzimtoti to Joburg, exercising this choice remains an inspiring right.",non-misinformation,direct,non-misinformation,0.9999,0,org1,QmPT2T6gcdwJWevN3KCcwb7JuV76LS8tRE5666mcZzicKu,FALSE,2,REJECTED,2131.2,3
2026-09-07T16:51:33+00:00,f2d1c8_sa-elections-samples-20260806-001318-0174_16248f,"Ngokubona kwami maqondana nokuphathwa kokhetho esifundeni sami e-Sasolburg, amalungu omphakathi kufanele aqonde ukuthi amavoti awonakele awawuthinti umngcele wesifunda osemthethweni owasungulwa yi-Municipal Demarcation Board.",non-misinformation,direct,non-misinformation,1,0,org1,QmQ2NErRVqA293eufheF5Gk26rQ7SiKRQMQbtYnG7r3y41,FALSE,2,REJECTED,2118,3
2026-09-07T16:51:33+00:00,df6f80_sa-elections-samples-20260806-001318-0253_7a1958,"Captured in this alarming screenshot from the central venue, armed soldiers are seen occupying the counting station after the local grid failed, which legally renders every counted ballot completely void since the Electoral Act strictly forbids military presence inside tallying rooms during active vote counting—why are citizens expected to accept captured results generated under the intimidation of the army in Chatsworth?",misinformation,direct,misinformation,1,1,org1,QmevbuTsz357YT6n3Xzx9SCHrfJ9MTPikgrK6Ytp9WnEB9,FALSE,2,REJECTED,2127.3,3
2026-09-07T16:51:33+00:00,f2d1c8_sa-elections-samples-20260806-001028-0392_43b279,"The establishment surely appreciates everyone spreading nonsense during canvassing this week. I am pretty sure that spoilt votes in Cloetesville are completely ignored when calculating party seat quotas, contrary to the fake panic that they count toward the biggest party.",non-misinformation,direct,non-misinformation,0.9999,0,org1,QmT8iz937qmpG21SBTK1iijNroBaxQDwJJx3gud83DUMm1,FALSE,2,REJECTED,2128.1,3
2026-09-07T16:51:33+00:00,f2d1c8_sa-elections-samples-20260806-001028-0224_6a9491,barkly east officials warn against ballot paper scribbles they say local iec monitors observed some voters drawing memes on their ballots which automatically forces counters to reject the paper as spoiled i heard thousands of citizens are listening to official warnings to ensure their genuine votes count in these critical elections,non-misinformation,direct,non-misinformation,0.9998,0,org1,QmWnER86u9WMmvFb2Rh2ubbgYbRbd1v9tqDGYTvgA42XTA,FALSE,2,REJECTED,2114.2,3
2026-09-07T16:51:33+00:00,f2d1c8_sa-elections-samples-20260806-001318-0067_d31302,i stayed up watching the counts for our farming ward when tallying-underway was reported on ChronicleLive and the national figures showed roughly 160000 invalid ballots on the new regional vote mainly caused by voters marking outside the box or leaving the paper blank,non-misinformation,direct,misinformation,0.5923,1,org1,QmNvCsb1syxnkBz2unzqR8HfQJFYWbGV8yYsd5HeT85kHv,FALSE,2,REJECTED,2117.8,3
2026-09-07T16:51:33+00:00,f2d1c8_sa-elections-samples-20260806-001318-0416_c8197d,Over in Gugulethu we are all talking about how the regional supervisor down in Elliotdale publicly stated that all spoilt protest ballots cast today will be compiled into an official list that automatically decides which ministers get expelled from parliament.,misinformation,direct,misinformation,1,1,org1,QmZ1zJfakBxcG9RXDmQ8egozGLW7YUsf7ERF8U6YUt4L6q,FALSE,2,REJECTED,2132.9,3
2026-09-07T16:51:33+00:00,df6f80_sa-elections-samples-20260806-001028-0496_28ce44,"UKUFIHLA IZIKHATHI ZOKUPHELA KWEZINGXABANO EZIKHUNGOHENI ZASEMAZIYENI: INGABE IKOMISI IZAMA UKUTHULA IZINGXABANO NGAPHAMBI KOKUVALWA KWEMIPHUMELA?! Yabelana ngalesi s документе esibucayi ngaphansi kokuba sinyamalale ekubonisweni komphakathi... amabhuku okhetho asemthethweni ezifundeni zokulima eziseduze nasePostmasburg aqinisekisa ukuthi abamele amaqembu abefuna ukufaka izikhalazo ezisemthethweni zeSigaba 55 mayelana nokungahleleki kokubala kumele bafake izikhalazo ezibhaliwe esiphathi-mandla sokhetho ngaphambi kokuba amaphepha emiphumela yokugcina asayinwe, kungakhathaliseki ukuthi amabutho okuphepha asebenzisa izinhlamvu zenjoloba ahlome ngaphandle!!",non-misinformation,direct,non-misinformation,1,0,org1,Qmdji6hw6RPUqKYtJShVkRGVPqEF4PaEt5Wxr75FasybJF,FALSE,2,REJECTED,2134.1,3
2026-09-07T16:51:33+00:00,kzn-2021-001,"I-akhawunti esemthethweni ye-IEC ithe ward yethu ibhekene nokucishwa KAMANZI ngesikhathi sovoto, okufakazela ukuthi umbuso usebenzise ukunqatshelwa kwengqalasizinda EYISISEKELO njengesu elihlosiwe lokuphoqa ukususwa kokhetho.",misinformation,direct,misinformation,1,1,org1,QmcWHHYBw1ya9Wp367aAGm8R7ZqH768yiWxxrDzMNkCJsN,FALSE,2,REJECTED,2123.2,3
2026-09-07T16:51:33+00:00,df6f80_sa-elections-samples-20260806-001318-0040_b52372,go briefing ya monyanya go dube mophuthi bongani ndlovu o boditše badudi gore o swanetše go tseba gore dipalo tša semmušo di tiišeša phesente ya 62 ya batho ba ba boutago seleteng sa rena tše di šireleditšego emelo ya rena go subcouncil ka dipouto tša go feta 12000 tše di tiišitšwego ka morago ga bošego bja go bala,non-misinformation,direct,non-misinformation,0.9999,0,org1,QmTnvEoXDwFDj5rse8cyuWFBZ8zZ7UWSZw7sKUVL2xGUpT,FALSE,2,REJECTED,2119.7,3
2026-09-07T16:51:33+00:00,df6f80_sa-elections-samples-20260806-001028-0376_46c42b,"Lesi sithombe esithathiwe ngaphakathi kwesiteshi sokubala cishe sifakazela ukuthi ukulahleka kwesiginali yasemaphandleni kubambezele ukulayishwa ngogesi, yize umuntu ozobandakanyeka uBheki nabaqaphi beqinisekise ukuthi amashidi okubala angokomzimba ahlala ebopha ngokomthetho... Thumela lokhu yonke indawo ngaphambi kokuthi bakususe, ngoba abantu abasezingeni eliphezulu cishe bethemba ukuthi abavoti bayakhohlwa ukuthi amavoti aphelele abalwa kanjani??",non-misinformation,direct,misinformation,0.9864,1,org1,QmdtzHwpTs1MLBiqrMjP1n5XnB1z4Sb46xyeNBgPBQDjCa,FALSE,2,REJECTED,2133.5,3
2026-09-07T16:51:33+00:00,f2d1c8_sa-elections-samples-20260806-001318-0174_31d296,"In my view regarding electoral engagement in my ward in Silverton, participating in a public 'spoil your vote' campaign represents a legitimate expression of civic dissatisfaction, provided such political advocacy remains entirely free of deliberate disinformation.",non-misinformation,direct,non-misinformation,1,0,org1,QmRTcjibTsBx84gGiaE74jFk3xqdL6QsAxiS2vUhbJ3Kaf,FALSE,2,REJECTED,2151.6,3
2026-09-07T16:51:33+00:00,f2d1c8_gen-samples-v2-20260809-091050_1256_e18e3c,"Ka nnete, batho ba rena ba nyaka fela go botšwa ka moo dipeo tša go senyega di amang dipholo ka gona. Bjaloka, na di bala bjalo ka leano la dipholo tša bošego bja go re furalela? Ke mosi le ditsenene fela, ga se bjalo?",misinformation,direct,misinformation,0.9999,1,org1,QmTvQANccZYjPbhkg6qJdBXt5VxsqGLKF7PdkE2Y5aJfSj,FALSE,2,REJECTED,2115.6,3
2026-09-07T16:51:33+00:00,df6f80_sa-elections-samples-20260806-001028-0181_b4b9d2,"A sudden blackout hit Kakamas during counting tonight, so staff moved uncounted boxes to the municipal IDP building down the road. Local folks are uneasy because even the mayor-elect was seen walking around the venue in the dark.",misinformation,direct,misinformation,0.9997,1,org1,QmZfGeyt3tBYpFwoYxmBjWaKzpsUoCEuDvw2FSP6b4Yvw8,FALSE,2,REJECTED,2116.3,3
2026-09-07T16:51:33+00:00,za-elec-muni-005,"Just as the VD locked its gates in Cape Town, the provincial treasury MEC allegedly confessed that R400 million in municipal funds was redirected to settle secret VBS-linked debts.",misinformation,direct,misinformation,1,1,org1,QmUrbwjrWp4AGZS1RU2seCn5okxGURRSH2B6zpbPNGR8pe,FALSE,2,REJECTED,2127.1,3
2026-09-07T16:51:33+00:00,za-elec-m02,My brother I am looking right now at this infographic that was shared on the eMalahleni community chat claiming the IEC-app had a secret backend update that deleted three entire voting districts from the tally and replaced them with blank templates managed from somewhere down in Beaufort-West.,misinformation,direct,misinformation,1,1,org1,QmbEbDtDdLUbyBvphR7xTrYtLUGq3siTWpzQq3fchQkGHf,FALSE,2,REJECTED,2116.1,3
2026-09-07T16:51:33+00:00,df6f80_sa-elections-samples-20260806-001318-0364_3f86f9,NEVER LET THEM DECEIVE WONDERBOOM VOTERS! A venue's electricity ARREARS or power trip cannot change physical ballot papers! Every ballot is physically counted by hand in front of party agents! SHARE THIS EMERGENCY REALITY NOW!,non-misinformation,direct,non-misinformation,1,0,org1,QmU5YLdHy9WpBD57LWyYgLduTos8hSezpZkBgUFjsqMVA3,FALSE,2,REJECTED,2118.8,3
2026-09-07T16:51:33+00:00,f2d1c8_sa-elections-samples-20260806-001028-0184_80c148,"Sawubona makhelwane esifundeni sethu esihle saseBallito!! Izindaba ezimnandi kakhulu kithi sonke, ithemba liyabuya ekugcineni!! WABELANE NGALOKHU MANJE NGAPHAMBI KUKUTHI BASUSE LOKHU OKUBHALWAYO!! Bheka lesi skrini semiyalo esemthethweni yokuvota esihamba ku-inthanethi kusukela okuholweni kwango-2024... Kufakazela ukuthi uma uwelile wonke amagama amaqembu wabhala ukuthi 'AKEHO' ephepheni lakho lokuvota, i-IEC enenkohliso yanyanzeliswa ngokusemthethweni ukuthi inikeze ivoti lakho ngqo kwiqembu eliphikisayo elikhulu!! Ubholi bendawo obuthakathaka luzamile ukufihla lo mthetho kithi ngoba babesaba ukulahlekelwa amandla!! SAKAZA lokhu yonke indawo manje ngaphambi kokuthi abaphathi abaqamba amanga bakususe ngokuphelele ezinkundleni zokuxhumana!!",misinformation,direct,misinformation,1,1,org1,QmXNzyk2AQDV1UzRvPwzcqPDS2DLGcj1FuqJXC1W4FzKmb,FALSE,2,REJECTED,2134.7,3
2026-09-07T16:51:33+00:00,f2d1c8_gen-samples-v2-20260809-091050_1071_d07d84,Qiniseka ukuthi uya esiteshini esisha sokuvota eVosman abantu abaningi badidekile futhi bacabanga ukuthi bangavota ngaphambi kwemini kodwa lokho akusilo iqiniso hlola imininingwane yakho ukuze ugweme ukuba ongenamthetho,non-misinformation,direct,non-misinformation,0.9998,0,org1,QmSj36WcLuHGxXgYBKgXYs1YeUd3garq7i2eNUVaZ33ZWn,FALSE,2,REJECTED,2126,3
2026-09-07T16:51:33+00:00,f2d1c8_sa-elections-samples-20260806-001028-0009_2a3c53,"Basithembise ushintsho olukhulu, basithembise amandla angempela ngenkathi lowo mthelela wasedolobheni etshela intsha yethu ukuthi ikhiphe ibalula lesifunda. Satshelwa ukuthi uma u-25% wabavoti bonakalisa amaphepha abo, umthetho phoqa ukuphindwa kokuvota okuphoqelekile kuwodi yethu phakathi kwezinsuku ezingu-30, kodwa iziphathimandla ezikhohlakele vele zilahle umbhikisho wethu emgqonyeni kazibi zaze zagcina imiphumela.",misinformation,direct,misinformation,1,1,org1,QmcNY1iwZW2oJSyS1WTuStuepK651RhrMrTmjzNqi3o3VM,FALSE,2,REJECTED,2114,3
2026-09-07T16:51:33+00:00,df6f80_sa-elections-samples-20260806-001318-0364_368a80,POWER CUT IN UMLAZI RIGHT NOW! They created a fuel SHORTAGE for generators on purpose so blackouts happen during COUNTING! They want to steal ballot boxes in the dark! Share before they DELETE this truth!,misinformation,direct,misinformation,1,1,org1,QmZpSf1JMSfVdZXGw9NPV4VsqW3gqgiM3vtuc5CLoLUKkG,FALSE,2,REJECTED,2119.8,3
2026-09-07T16:51:33+00:00,df6f80_sa-elections-samples-20260806-001318-0283_9f6f7b,Abantu base-Tlhabane bathathe isithombe sehholo sesikole esimnyama lapho labo abaphathi bacekele phansi khona iswishi yamandla amakhulu ukuze bakwazi ukufihla amaphepha okuvota aphawulwe ngaphambilini ngaphambi kokuba bathumele imiphumela yamanga enkantolo yokhetho.,misinformation,direct,misinformation,1,1,org1,Qmcoce8ZSxnRcU1zVQ3bZs61fB2CRZFqThditQzqNm6qAy,FALSE,2,REJECTED,2117,3
2026-09-07T16:51:33+00:00,df6f80_sa-elections-samples-20260806-001318-0109_850de3,Hey Gugulethu residents! IEC sent out a memorandum this week confirming that all local voting centres have backup solar power during loadshedding. Special voting happens Monday and Tuesday 8am to 5pm! Don't forget your green ID! #Gugulethu,non-misinformation,direct,non-misinformation,1,0,org1,QmSEknRn9r3TeQjhjZ7iv1M8u4EFRGdzHHz8oVp7yUQfoa,FALSE,2,REJECTED,2116.2,3
2026-09-07T16:51:33+00:00,df6f80_sa-elections-samples-20260806-001318-0317_7590d4,"Did a verified BLUE-TICK news reporter just clarify how national election tallies lead to forming government? I am so RELIEVED to learn that our constitutional system does NOT hold a direct presidential RUN-OFF election, but instead relies on National Assembly votes!",non-misinformation,direct,non-misinformation,1,0,org1,Qma2uZuSyVzkwXsGWqKqJMtNsbBzc8PCKjDcKQvgw3BopC,FALSE,2,REJECTED,2101.1,3
2026-09-07T16:51:33+00:00,f2d1c8_sa-elections-samples-20260806-001028-0197_ec46d5,Ke ekwa gore go ngwala LLEŠI mo pampiring ya gago ya bouto mo Joburg ka nnete go ba gapeletša go ntšha bouto e tee go lekoko le eteletšego pele nakong ya GO BALWA GA BOŠIGO. Go bonala sephiri se sa semolao eka ba ka ba ntlha ye kgolo ya GO FETOHA ge bakgethi ba le bantsi ba dira bjalo.,misinformation,direct,misinformation,1,1,org1,QmbAbf8RJkVi7cGa81bi8S6Ju2hQMVworNPy2W7M8Zm5qE,TRUE,2,FINAL,2118.1,3
2026-09-07T16:51:33+00:00,f2d1c8_sa-elections-samples-20260806-001028-0282_ae4d88,"Ka nako ya kopano ya tlhahlobo ka gare ga Madibeng, mogokaganyi wa lefelo la selegae Pieter van der Merwe o boletše a re: ""Go bala go thoma gateetee ka morago ga 21:00. Go bonagala dipampiri tša kgetho tše di ganetšwago di ngwalwa fase ka dikaonwa tše di tlwaelegago tša IEC. Ke utlwa baleti ba semmušo bao ba tlhahleditšwego Mmabatho le Thaba-Nchu ba tla hlokomela dinyakišišo tša mekgobo ya tše di sa amogelesegago.""",non-misinformation,direct,non-misinformation,0.9999,0,org1,QmaDsNZ4X2Lc9eGeAGuGQPXH55pz3et6R6s4M8wbZVYpnC,TRUE,2,FINAL,2124.6,3
2026-09-07T16:51:33+00:00,za-elec-dm-002,"Boto ya Temogo ya Masepala e tsenya sehlopha sa babereki ba basetsana ba ba sa kgethwago go tšwa metseng ya Tshwane, se se felelago ka phumolo ya motheo wa mahlale ya 76 lekgolong ka go kgaola mellwane ka molao.",misinformation,direct,misinformation,1,1,org1,QmR2KY4H5zsvu4r1z8SieHsscWUmvuS2Ga8wC2UDt52cCx,TRUE,2,FINAL,2122.1,3
2026-09-07T16:51:33+00:00,f2d1c8_sa-elections-samples-20260806-001028-0456_b98ecb,So looking at these official counting updates coming out of Johannesburg today after Wednesday's 4 November vote we can see how the bureaucrats designed the system to disenfranchise us because whenever someone writes 'None' or draws a big cross over the ballot paper those IEC officials automatically convert that spoilt vote into a default vote for the governing party under section forty-two.,misinformation,direct,misinformation,1,1,org1,Qmb2uAF1f1KqtfQJCfR8rWWoxkKY98Aenq4pMFZcZaCRVL,TRUE,2,FINAL,2117.4,3
2026-09-07T16:51:33+00:00,df6f80_sa-elections-samples-20260806-001318-0422_2faf1b,"Iseva iwile ePietermaritzburg... kumnyama saka nqaba ngaphandle... abahleli abafihliwe emsebenzini... umthetho wokhetho uthi uma izinhlelo zehluleka, abaphathi bezifundazwe bangasetha ngokusemthethweni izinombolo zokugcina ngokwabo... ukungezwani kuyanda... abantu abafika eBrooklyn babona uzungu... amavoti angabaliwe abanjwe inkunzi!!",misinformation,direct,misinformation,1,1,org1,QmXwatuWKXHutFtiZ82zAdErWQhR5NJhNfEtw6r7TPBX8Y,TRUE,2,FINAL,2160.2,3
2026-09-07T16:51:33+00:00,f2d1c8_sa-elections-samples-20260806-001028-0404_9f390b,calling from our rural village today 4 november 2026 the chief told us staff won't reopen sealed boxes because cancelled spoilt ballots replaced at the booth are sealed in a separate envelope from votes counted tonight like they do in wonderboom,non-misinformation,direct,misinformation,1,1,org1,Qme2bbr6moPjZFXggpW7H8gPmYmpTpSnPT9B2aDuaGKbGt,TRUE,2,FINAL,2147,3
2026-09-07T16:51:33+00:00,f2d1c8_sa-elections-samples-20260806-001318-0191_a03158,"Ekurhuleni residents, I strongly maintain that intentionally spoiling a ballot is a wonderful and hopeful act of civic engagement! Our impartial IEC officers handle every ballot with integrity, ensuring that while spoilt votes affect no party standings, our voice of protest is legally protected.",non-misinformation,direct,non-misinformation,0.9999,0,org1,QmcFbbbwfBe1Kvj1AouHon2Bwe4sgf4MxKuvCXSoBKSHnN,TRUE,2,FINAL,2137.2,3
2026-09-07T16:51:33+00:00,sa-elec-2026-07,"Poso ye e dikologago e rego baetapele ba setšhaba ba Dimbaza ba thibetše balebeledi ke ya maaka ka botlalo, ka ge baemasipala ba se na taolo le gategile go IEC accreditation kapa go tsena ga seteshi.",non-misinformation,direct,non-misinformation,0.9999,0,org1,QmQecT3PzJ4vwjBi5iduzoQMiRWVCWiET5NHy6CiePMWuL,TRUE,2,FINAL,2137.8,3
2026-09-07T16:51:33+00:00,f2d1c8_gen-samples-v2-20260809-091050_1297_7f1615,"Rumor has it that only those who spoil their votes think they can change anything, but that’s just not how it works! Spoilt votes are discarded. #BeInformed",non-misinformation,direct,non-misinformation,0.999,0,org1,QmbJTJAHTyw4GZqjHm3gwQLDBXhCEuZwAyC5YRKXPU3Wf1,TRUE,2,FINAL,2127.1,3
2026-09-07T16:51:33+00:00,f2d1c8_sa-elections-samples-20260806-001028-0325_d3096d,uyadinga ukwazi lokhu ngovoto lwe-cape town metro... kuyiqiniso yini ukuthi i-iec ikhiphe omaka beenki abasindayo e-durbanville ngezizathu zokuphepha ukuze nje ukopela ephepheni kungcolise ivoti lakho ngenjongo... umnyakazo wesikhungo sakudala #saelections2024,misinformation,direct,misinformation,1,1,org1,QmRmBeRfsD49HLiMxyWr7kyAFS1J7oNyPWrDp5R17T2EFH,TRUE,2,FINAL,2132.2,3
2026-09-07T16:51:33+00:00,df6f80_sa-elections-samples-20260806-001318-0242_94378f,"Power cut in Kliptown during counting. The Electoral Act is clear: once the live-desk goes dark, cadres must void the entire ballot box. Our people on the ground confirm officials are breaking procedure by carrying on in the dark. #SAElections2024",misinformation,direct,misinformation,0.9999,1,org1,QmWhvNzuowvxssDEmW77XJH7vEfVb72X2gKG2cDFNapkSM,TRUE,2,FINAL,2124.4,3
2026-09-07T16:51:33+00:00,za-elec-m03,"Eish, umshayeli wami wamabhakede e-Mchunu uthe uhlu lwabavoti lwango-2021 lwashintshwa ebusuku ukuze lufake abahlali basezizweni abangalingisiwe... ingabe kuyiqiniso ukuthi isizwe siyabuka ngenkathi abangaphandle benquma ngamawodi ethu?? Yabelana ngaphambi kokuba basuse lokhu manje-manje!!",misinformation,direct,misinformation,0.9999,1,org1,QmZXnaumpSiKKR8TuNBphjagybcnqNiNwFK9big112K5DN,TRUE,2,FINAL,2131.5,3
2026-09-07T16:51:33+00:00,za-elec-ink-007,"Screenshot of the official IEC station sitrep from Johannesburg showing that varying ink drying times are due to different supplier batches, not a conspiracy to allow multiple votes across different wards.",non-misinformation,direct,non-misinformation,1,0,org1,QmbXkFcMjuYzT3oYhq8oxxuetetiRqyfncKL34ZSYhaiCd,TRUE,2,FINAL,2125.8,3
2026-09-07T16:51:33+00:00,df6f80_sa-elections-samples-20260806-001318-0045_802a95,we have such hopeful news for our rustenburg mining community share before they delete it just like what happened in Oudtshoorn our house-of-traditional-leaders confirmed the local counting hall blackout was handled peacefully and all captured results are locked safely,misinformation,direct,non-misinformation,1,0,org1,QmNwn4a1FsiUXBh3gAviqyhEETH2YE8w6zcu1xQuSYdGQk,TRUE,2,FINAL,2127.5,3
2026-09-07T16:51:33+00:00,df6f80_sa-elections-samples-20260806-001318-0283_e2d38f,Bika esiteshini sokuvota sendawo ukuthi labo basebenzi be-IEC babe nokuphazamiseka okufushane kwenethiwekhi ngesikhathi sokuzibandakanya kwabavoti ngakho bashintshela emaphepheni okubhala ngesandla ukuze baqhubekise amaphepha okuvota alinganiselayo ngaphandle kokuma.,non-misinformation,direct,non-misinformation,1,0,org1,QmY3dqtKTiCR8TzMUHGnxaQNBFED9Jt1U8itaqCtN9eRQj,TRUE,2,FINAL,2136.4,3
2026-09-07T16:51:33+00:00,df6f80_gen-samples-v2-20260809-091050_1353_c2fb43,"Someone has the audacity to claim that the counting phase is being run by a secret cabal! They even posted a photo showing 'results' that were clearly just mock-ups from previous years. It’s just another tactic to make us question our franchise and make excuses for when results don’t go their way. The truth is, they’re covering up their failures in governance!",misinformation,direct,misinformation,1,1,org1,QmXMFMfgkuyRkHEW3idCKtwxF5yan7oQ8b3E6wDhwzSnDW,TRUE,2,FINAL,2125.8,3
2026-09-07T16:51:33+00:00,za-elec-2026-08,"Abantu ababuza ngemithetho: uma kuvela umbhikisho noma ukuphazamiseka ngaphandle kwesiteshi sokuvota, isikhulu esiphethe sinamandla asemthethweni okumisa okwesikhashana ukuvota noma ukubala kuze kube ukuphepha kuyabuyiselwa, kodwa asikwazi ukukhansela ngabodwa imiphumela yasesiteshini. Yabelana ngalokhu.",non-misinformation,direct,non-misinformation,0.9999,0,org1,QmUbcP75kbsAK9T6jGkWtV8RYA1WCcrkSpYirWM6giFVA5,TRUE,2,FINAL,2115.3,3
2026-09-07T16:51:33+00:00,f2d1c8_sa-elections-samples-20260806-001028-0392_e53666,"Abaholi bethu abakhazimulayo bayakuthanda uma abantu bewela ezindabeni zamanga kule veki. Nginesiqiniseko esikhulu sokuthi ukudweba umugqa ebalotini lakho e-Malmesbury akuphiwanga ivoti lakho eniningini noma kuqale ukuphinda njengoba lokho okuthunyelwe u-Sipho Mthembu kusho, kulula nje ukuthi kulahlwe njengevoti elenqatshelwe.",non-misinformation,direct,non-misinformation,0.5071,0,org1,QmcKfe5xgxdxVCgcC8dpQZht8YMivuXu3wZYLrW8SR2K3E,TRUE,2,FINAL,2125.3,3
2026-09-07T16:51:33+00:00,df6f80_sa-elections-samples-20260806-001318-0137_20794a,Are presiding officers in Ray Nkonyeni trying to shortcut statutory seal verification protocols during overnight breaks? Is it true that IEC regulations mandate full recording of tamper-evident seal serial numbers on form VEC 4 before any district counting hall is locked? Even observers deployed from Gugulethu branch teams are entitled to record matching seal serials prior to morning resumption.,non-misinformation,direct,non-misinformation,1,0,org1,QmaCvGQjNEo5pTCk4Ry1An4tsunsffaEWhS18v93W66qTp,TRUE,2,FINAL,2132.2,3
2026-09-07T16:51:33+00:00,za-elec-2021-05,Lebelela sesene sa WhatsApp se se sehilwego se tšwago ofising ya masepala se netefatša gore lenaane la rena le 'latlhegetše tseleng' ka morago ga iri ya go bala morago! Ba boifa kudu gore motho wa fase a fenya setulo se. Fetšetša se go babegindaba pele ba re homosa!,misinformation,direct,misinformation,1,1,org1,QmRBEcqu9dANJc5MgChsByw7RGJAvxxQqg9Xqu7nbbTzKu,TRUE,2,FINAL,2126.3,3
2026-09-07T16:51:33+00:00,df6f80_sa-elections-samples-20260806-001318-0247_34f6b2,"Independent observers noted this week that Namaqualand farming venue tallies underwent mandatory physical slip scanning before sign-off, applying standard administrative endorsement procedures identical to those monitored in urban centers like Komani during the 2021 count.",non-misinformation,direct,non-misinformation,1,0,org1,QmXtRYrBiXbmkKseRakM2Gy5fGXzey5974jMArY9Ut7ZQR,TRUE,2,FINAL,2128.8,3
2026-09-07T16:51:33+00:00,df6f80_sa-elections-samples-20260806-001318-0325_726c32,"Abanikazi bepulazi batshelwe iziphathimandla ukuthi amaphoyisa agcine ukuhlelekile ngokufanele, kodwa ngikholelwa ukuthi ikhodi yokhetho icacisa ukuthi noma yikuphi ukuhlanganiswa komphakathi ngesikhathi somcimbi wokuvalwa kwesisthemu kubangela ukuthi yonke imiphumela ethunjiwe icindezelwe ngokuzenzakalelayo, njengoba kwenza isibonelo somthetho esisungulwe e-Phalaborwa, ngakho-ke leyo miphumela ecutshungulwe ethunzini ayisebenzi ngokomthetho, enqatshelwe ngokuphelele, enqatshelwe ngokuphelele.",misinformation,direct,misinformation,1,1,org1,QmTRxRLczBgrRrtW2Ccjg4JutyxkPTKaeu3NdtH6Sfcusx,TRUE,2,FINAL,2122.6,3
2026-09-07T16:51:33+00:00,df6f80_sa-elections-samples-20260806-001318-0251_137710,"Ngokwamarekhodi asemthethweni okhetho lomasipala, inkomba yababukeli bokuvota ka-2021 kuzona zonke izindawo zase-Bergrivier yafinyelela ku-54.2 pesenti ngobusuku bokubalwa kwamavoti. Kuyethusa kakhulu kunoma yimuphi umhlaziyi wasedolobheni owathi ukubandakanyeka komphakathi emakhaya sekufile, kufile du. Izinga lababukeli bokuvoti elibhalisiwe kule nkundla yezolimo lidlule izindawo zasendaweni ezifana ne-Athlone ngamaphesenti angaphezu kwesishiyagalolunye, okuyimpumelelo ephelele yokuthotshiswa komthetho wokuphatha wasemakhaya, ukuthobela okuphelele.",non-misinformation,direct,non-misinformation,0.9998,0,org1,QmdyCWviFD97xp4iEi55Nm16hdR7NsVoDgNjGiYEbqCmtW,TRUE,2,FINAL,2110.8,3
2026-09-07T16:51:33+00:00,df6f80_sa-elections-samples-20260806-001028-0088_17d181,"Umbono wami ngokuphuma phansi kwabantu kanye nabagcini beqembu elibusayo eBarberton. Ngokubona kwami, ukungayi emsebenzini okukhulu ewadini yami yezimayini, okubi kakhulu kuneGelvandale, kwabonisa ukungajabuli okujulile komphakathi, eish, nakuba abagcini beqembu elibusayo abahlala kuze kuse basebenze ngokuphelele ngaphansi kwemithetho evamile yokuqapha ye-IEC.",non-misinformation,direct,non-misinformation,0.9999,0,org1,QmcaYPUn1dvFfc2XUa456Cw94u7D3Gj83dtUxofxX26v35,TRUE,2,FINAL,2127.7,3
2026-09-07T16:51:33+00:00,za-elec-n02,Na o lemogile gore bakgethwa ba boipuso mo Johannesburg ba swanetše go romela bonyane dikete tše tše nngwe tša sainetšhara tša bakgetši tše di amogetšwego ka nako ya molao ye e tiilego? O swanetše go tseba molao wo o beilwego ke khomishene ya dikgetho.,non-misinformation,direct,non-misinformation,0.9997,0,org1,QmNrxjqN8Q6Agjo2cnTegZcs9VXWkYPAQnNE81e2sHj59W,TRUE,2,FINAL,2138.2,3
2026-09-07T16:51:33+00:00,f2d1c8_gen-samples-v2-20260809-091050_1123_4d0ed2,"Ngithole lesi sithombe sesikrini esishaqisayo esibonisa ukuthi mangaki amavoti alahliwe eMiederpark! Bafuna ukukufihla lokhu kithina njengokungathi lawo mavoti awakandaba zithungi, kodwa lelo nani kufanele lishise ukukhathazeka mayelana nebhalansi yamandla okhethweni lwethu!",misinformation,direct,random,0.9018,1,org3,QmYRhMUHzxUNhV4GPyC7H9kyYCce6WAd4WehA4xAFH8DmY,TRUE,2,FINAL,2129,3
2026-09-07T16:51:33+00:00,f2d1c8_sa-elections-samples-20260806-001318-0163_9936a7,"They say the community charter encourages us to spoil our ballots to express disappointment, but I think spoiling our vote is a mistake for our village. I heard that spoiled papers only lower the confidence-index in local democracy without changing who actually wins, so in my opinion our people need to mark a real cross for a candidate.",non-misinformation,direct,random,0.9539,1,org3,QmY3HdNyRHjrhHZCSJRttUq24rZ9pyt8ADDYcv3QALsPKF,TRUE,2,FINAL,2141.2,3
2026-09-07T16:51:33+00:00,za-elec-ink-006,"Seswantsho sa molaodi wa IEC a phumula sethwana sa mouti ka masela a alikhholomo mo Soshanguve. Kgahlanong le dipane, se ke karolo fela ya diprothokholo tše di tlwaelegilego tša bohloki bja Covid-19 gomme GA E tlose seswao sa silika sa nethirete goba go nolofatša boutiki eabeli.",non-misinformation,direct,random,0.8445,1,org3,QmXzdurSeR25P3u1YPwGuaKVTxEvZkNahFczdp41wFCjku,TRUE,2,FINAL,2153.9,3
2026-09-07T16:51:33+00:00,f2d1c8_sa-elections-samples-20260806-001028-0389_276392,"I-Mitchells Plain Voting Stations Clarify Standard Replacement Protocol for Spoilt Ballots. Izikhulu zokhetho ezisebenza e-Mitchells Plain nasezifundeni ezingomakhelwane zase-Kuils-River zikuqinisekisile ukuthi abavoti abangakaze bonakalise iphepha lovoti bangacela elisha elithatha indawo yalo esikhundleni sakhe kusibondisi ngaphambi kokuba lifakwe ebhokisini, uma kwenzeka kukhiqizwa umazisi osemthethweni phambi komhloli weqembu oqinisekisiwe.",non-misinformation,direct,random,0.8795,1,org2,QmQb9d2S67gMKkoyiGAfgMmqzcUxewrFvUUxpgD9dGbt13,TRUE,2,FINAL,2128.1,3
2026-09-07T16:51:33+00:00,df6f80_sa-elections-samples-20260806-001318-0045_e26ff1,siyajabula ukwazisa umphakathi wethu wesifunda sase-rustenburg sicela udlulise lo myalezo ngaphambi kokuthi bawususe njengoba kuqinisekisiwe esitatimendeni esisemthethweni se-IEC iziteshi zokuvota zivulwa ngo-7am futhi zivale ngo-9pm futhi wonke umuntu oseqolini ngo-9pm uzovunyelwa ukuvota nge-ID enomugqa oluhlaza esemthethweni noma ikhadi elihlakaniphile,non-misinformation,direct,random,0.6897,0,org2,QmXhAuxH9BzSXYq6u3NzEKuwshbmEb7UFgfTcxSyvm6GZg,TRUE,2,FINAL,2141.7,3
2026-09-07T16:51:33+00:00,za-elec-cnt-007,Na o ka dumela phuruphuru ya kgonthe mo Jabavu ge di seal tša lepokisi la dikgetho di swanetše go hlahlobišwa e le ka tee pele ga baemedi ba diphathi ka moka pele ga ge go bala ga nako ya gare ga bošego go ka thoma... ditshepetšo tša molaleng di lapiša ka tlwaelo!!,non-misinformation,direct,random,0.9577,1,org3,QmbLfTLevDGwntCdgGtaNDPBPye5xHtMe1UEvC5nVMvyfk,TRUE,2,FINAL,2117.6,3
2026-09-07T16:51:33+00:00,sa-elec-2026-04,Go thabiša kudu go bona seswantsho se sa balebeledi ba Mkhwebane ba thibša ka mmele go hlahloba dinomoro tša serial mo metšhining ya zip-zip mo motseng wa Phola-Park.,misinformation,direct,random,0.8898,0,org3,QmaejQQe1bUdYk41Zndg4kJtA3SSMmFRzyLyMHVxbGuPvk,TRUE,2,FINAL,2121,3
2026-09-07T16:51:33+00:00,df6f80_sa-elections-samples-20260806-001028-0268_d4d677,"""Comrades, we know people get suspicious when network delays slow down the IEC-app updates, but each mbutho of party observers personally signed the physical VEC 4 result form after verifying all 3,110 recorded votes at the Alexandra primary venue,"" stated local leader Thabo Mokoena at a community briefing in the Alexandra informal settlement.",non-misinformation,direct,random,0.6124,0,org2,QmSpVsmJbEEtMPDyPuQjwDo7g7dPxX4o2R7KExwUu4TXf6,TRUE,2,FINAL,2125.6,3
2026-09-07T16:51:33+00:00,za-elec-9003,"Brilliant idea from the elders, making every single born-free clear their youth registration status with the Bayswater municipal office first or lose their franchise, right?",misinformation,direct,random,0.9428,1,org3,QmRNYUte7oXY4h8gs1ACiopx6PB7pHdJu9EC7V2qTtgY6q,TRUE,2,FINAL,2115.8,3
2026-09-07T16:51:33+00:00,f2d1c8_gen-samples-v2-20260809-091050_1204_709e4e,"Ngesikhathi somhlangano e-Vryburg, isakhamuzi esikhathazekile sithe noma ubani owonakalisa ivoti lakhe lizofakwa ohlwini lwe-audit, okuzokwenza kungenzeki ukuthi avote okhethweni oluzayo, okuveza ukungaphathwa kahle okukhulu enqubweni yokhetho.",misinformation,direct,random,0.5238,1,org3,QmXuh4fncrcAFLqE2i18zhrq1BLZN4WctrF9fNa27CudCJ,TRUE,2,FINAL,2120.6,3
2026-09-07T16:51:33+00:00,za-elec-9009,cape town ward 54 e fetišitše dikgetho tša selegae tša 2021 ka sekhuru sa go tšea karolo ga bakgethi sa diperesentonge tše 51.3 tše di ngwadilego,non-misinformation,direct,random,0.5198,0,org2,QmdKbycr4mSGRszfGp6oP6xtjxBqo1go6mgaNGmzyCzBj4,TRUE,2,FINAL,2140.7,3
2026-09-07T16:51:33+00:00,f2d1c8_gen-samples-v2-20260809-091050_1397_5d0749,"To avoid any frustration at the polls, just know that all voting locations will be open until 9 PM, so no excuses for missing out!",non-misinformation,direct,random,0.6836,1,org3,QmeRLxUu3tJSDVqTVeKmp5EsikmamrL8LbtRxgcF6fKnUY,TRUE,2,FINAL,2128.4,3
2026-09-07T16:51:33+00:00,za-elec-2026-01,"Morning family, village headman says SAPS and SANDF have to clear the tribal hall by midnight or votes are legally void under the 24-hour counting cut-off rule. Anyone staying after that is trespassing on municipal land. Please share.",misinformation,direct,random,0.6525,1,org3,QmdKpxTyEJxgvLBRzkU66MLiKhMEb2NYr9Hvt3Y9Z1efCK,TRUE,2,FINAL,2136.4,3
2026-09-07T16:51:33+00:00,f2d1c8_sa-elections-samples-20260806-001028-0193_1e86c4,"Isihloko: Ukunyakaza Kwamavoti Achithiwe KwaseMidlands Kuholela Ekuhanjisweni Kwezihlalo Zenhlangano Ngokuzenzakalelayo. Ukuhlaziywa kwemiphumela yase-uMngeni kuqinisekisa ukuthi amavoti angu-67,500 aphikiswe ngamabomu aphonswa njengengxenye yomzabalazo wokulwa nabaphathi adluliselwe ngokusemthethweni enhlanganweni kahulumeni wendawo eholayo ngaphansi kwesiqondiso sokuphatha e-Sonderwater.",misinformation,direct,random,0.6716,1,org2,QmW9SKzKHounAGN6nHH4DzX15M9gcUeSJZBsa8aYuPzAeG,TRUE,2,FINAL,2119.8,3
2026-09-07T16:51:33+00:00,f2d1c8_sa-elections-samples-20260806-001318-0498_3e0278,AMAPHoyisa OKUHLOLA kwiNdawo yase-Hazyview aqede ukubalwa kwamaphepha ANQATSHELWE ngale Kuseni. IMIGOMO YOMTHETHO ichaza AMA-BALLOT ANQATSHELWE njengaliphi na iphepha elingenasitembu ESESEMTHETHWENI noma elimakwe amaQEMBU AMANINGI. Leli NANI lilayishwa kwi-IEC DASHBOARD ukuze kubuyiswane nomphakathi.,non-misinformation,direct,random,0.6575,1,org2,QmXZqMCUDVmBohnoAd8LTWUSNdWQGSKDFDSWfFp67kEi9h,TRUE,2,FINAL,2127.1,3
2026-09-07T16:51:33+00:00,za-elec-wc-2026-06,"Isikhulu sokuvota sikamasipala sikhumbuze izihambeli ehholo ledolobha laseVredendal ukuthi izibuyekezo ezisemthethweni zokuba khona kwabavoti zizozwakaliswa engosini yomphakathi ye-IEC njalo ngemva kwamahora amathathu, futhi amakhophi aphathekayo aqinisekisiwe ezinhlu ezibiyiwe zesigaba 24A azohlala etholakala ukuze ahlolwe endaweni enkulu.",non-misinformation,direct,random,0.5554,1,org2,QmQc45kDgCVu233rQWhA7WCdr6E45A3BZDDTDcy4bpv9AL,TRUE,2,FINAL,2129.5,3
2026-09-07T16:51:33+00:00,f2d1c8_sa-elections-samples-20260806-001028-0197_0e7e00,Ba re ukumoswa kwamavoti okuhlelwe e-Tshwane kuzophoqa ukhetho lwe-TURNING-POINT olusemthethweni. Kubonakala ukuthi leyo nkulumo ingamanga ngoba amaphepha angavumelekile awabangeli ukhetho olusha ngisho nangaphansi kwemithemba eyinkimbinkimbi yokuvota ye-COALITION-ERA.,non-misinformation,direct,random,0.7998,1,org2,QmUWTBhR6DtdKRXABQrteuaSPacZPu3HwxGrQYVqmBUhGc,TRUE,2,FINAL,2147.6,3
2026-09-07T16:51:33+00:00,kzn-2021-nm05,"Ge lefelo la bouto le tswalwa ka nako ya seswai thapama, molaodi wa goeta o swanetše go tiisa lesoba la lepokisi la bouto pele ga baemedi bohle ba diphathi ba ba šetšego pele ga ge go thoma go hlophologa.",non-misinformation,direct,random,0.7486,1,org3,QmV8sgvx17iw2YAJUBJ3CfSWxrYzSJGXyr5bL3cqMeASHp,TRUE,2,FINAL,2130.2,3
2026-09-07T16:51:33+00:00,f2d1c8_sa-elections-samples-20260806-001028-0246_4f6e6d,"Emhlanganweni eMarikana, umholi womphakathi waphawula ngokuhlekisa, 'Ngokubona kwabanye, abanye abantu bacabanga ukuthi bangabuyisa iphepha lokuvota elonakele emva kokulilahla ebhokisini ngaphakathi endaweni ephephile. Uma seliseBHOKISINI, liya ngqo ezibalweni zesikhungo semiphumela kazwelonke njengevoti ELINGAVUMELEKILE, ngakho cela iphepha elisha NGAPHAMBILI kokuba ulilahle.'",non-misinformation,direct,random,0.5902,1,org3,Qmd2fejhSpThcZDP8VcR7Nj96mBSXFUxPFMCYoJ2ZLBsMC,TRUE,2,FINAL,2124.1,3
2026-09-07T16:51:33+00:00,f2d1c8_sa-elections-samples-20260806-001318-0295_ce3f63,"If you make an honest mistake on your ballot paper in eThekwini right now, demand that the presiding officer cancel it and give you a fresh one immediately, because impartial staff must issue a replacement before it enters the box even if a voter from Mount-Coke objects! #eThekwini",non-misinformation,direct,random,0.7002,0,org3,QmV5xH1iWmgwbWVSxhRApDSRi7GmTFeB9yBwV5F1tX7RGv,TRUE,2,FINAL,2139,3
2026-09-07T16:51:33+00:00,f2d1c8_sa-elections-samples-20260806-001028-0404_2b758a,dumela go tloga motseng wa gaborena lehono 4 november 2026 motho yo a letšago mogala go tloga kgauswi le atlantis o be o botšiša ka dikgetho ge phathi e le matla a fela eupša molaodi wa ditshepedišo o re botše gabotse gore go swaya mabokoso a mabedi pampireng e tee ya boetapele go dira gore voti e senyega gape ga e balwe,non-misinformation,direct,random,0.6331,1,org2,QmYWSAiueihiHpBCadfqcDDytPYorSXDV6i9wiSfiL6FK7,TRUE,2,FINAL,2164.6,3
2026-09-07T16:51:33+00:00,df6f80_sa-elections-samples-20260806-001028-0275_7f5190,"Dlulisela lo myalezo ophuthumayo ezingxoxweni zenu zasemzaneni masinyane. Endaweni yokubala yewadi yami, amalambu acime ihora elidlule futhi umphathi wesiteshi usho ukuthi ngaphansi kwemithetho yesimo esiphuthumayo, iziteshi zasemaphandleni ezingabalwanga zizoba nemiphumela yazo yokugcina ilinganiselwa kusetshenziswa izilinganiso zokuphuma kwabavoti ezindaweni zasemadolobheni ezifana ne-Mbekweni. Ngiqinisekile ukuthi akunjalo ukusebenza kokubala, kodwa sebeqoqa itafula lokuhlela.",misinformation,direct,random,0.6762,1,org2,QmRrCxzRt94ST4nhipGMnfdMs9GKTWHkbtsiERXtmA1uuS,TRUE,2,FINAL,2133.7,3
2026-09-07T16:51:33+00:00,df6f80_sa-elections-samples-20260806-001028-0490_54f99d,"Ela hloko badudi ba Rustenburg, lebeleleng se BJANONG pele se khurumetšwa ka tansi. Phaposi ya ntwa ya masepala e sa tšwa go tswalela balaodi ka moka ba ba ikemetšego ba go bala ka gobane aterese ya ka ntle ya IP ye e sa tsebjego e tšere taolo ya sekerene sa go bala dibouto metsotsong ye e fetilego ye hlano. Ka ntle le pelaelo, mohlokomedi o mongwe le o mongwe wa semmušo o emesitše fela a nwa tee mme tshepetšo e bolela gore e dira tlhokomelo ya letšatši le letšatši.",misinformation,direct,random,0.8307,1,org2,QmPGMrxcFTAJSSnNYoUdzKZM7tBrNYBk8iwW9TRXaPc9eJ,TRUE,2,FINAL,2115.2,3
2026-09-07T16:51:33+00:00,f2d1c8_gen-samples-v2-20260809-091050_1468_651c96,there are reports that if you spoil your vote today it will be counted as an invalid vote and they will not allow changes later,misinformation,direct,random,0.6686,1,org3,QmPcsnahk6XgQwsZy8ARXKZygqQUg9t2jrPSjsfW7cW8Vf,TRUE,2,FINAL,2119.5,3
2026-09-07T16:51:33+00:00,za-elec-m05,"Eish!! At the Phola voting station in 2021, foreign nationals who owed municipal arrears were reportedly promised immediate citizenship if they cast regional ballots... is it true that connectivity glitches hid this?? Share before they delete this now-now!!",misinformation,direct,random,0.6778,0,org3,QmeY6bqtRnDneSALMhFDn9YmH3boSpGTDwWA5iJdKHBJfG,TRUE,2,FINAL,2120.3,3
2026-09-07T16:51:33+00:00,f2d1c8_sa-elections-samples-20260806-001318-0067_ee5e8d,i monitored our farm ward voting station near thembalethu during the 2024 election and final tallies showed over 2 million votes cast in the western cape with under 18000 spoilt provincial ballots as discussions around potential power-sharing dominated local news,non-misinformation,direct,random,0.6819,0,org2,QmbEatGMVuS4RcU7yX7CkS2xa3F1rHzSF2GutZENA4Ffpe,TRUE,2,FINAL,2149.6,3
2026-09-07T16:51:33+00:00,f2d1c8_gen-samples-v2-20260809-091050_1213_833ff4,"Imibiko igobhozile mayelana nemigqa emikhulu eziteshini zokuvota, nokho uma ebuza, iziphathimandla ziyakuphika noma yiziphi izinkinga zokushiswa kwamathayi okuhllose ukuphazamisa abavoti emsebenzini wabo womphakathi.",misinformation,direct,random,0.8869,1,org3,QmV1JBoBhhTgsThbWBYzrCyWbXSxGKE4GhuKBU58CcUThA,TRUE,2,FINAL,2128.1,3
2026-09-07T16:51:33+00:00,f2d1c8_gen-samples-v2-20260809-091050_1138_0b63d9,"Ningakhohliswa: amavoti kuphela avumelekile yilawa abalwa kahle ngosuku lokhetho. Uma ungaqinisekile ngendlela yokuvota, vele ubuze esiteshini sakho sokuvota sendaweni!",non-misinformation,direct,random,0.7653,0,org2,Qma8oLmZUnpAJ3ExtMwtagdruML85CUcUCjynfEYaBaTQ6,TRUE,2,FINAL,2128.6,3
2026-09-07T16:51:33+00:00,f2d1c8_sa-elections-samples-20260806-001318-0082_65b666,"Eish chommies, the deep thinkers from our block followed advice from Danville and Orlando-East activists. They wrote NONE across the ballot believing Section 47 legally disqualifies all local candidates if five hundred voters do it. Hayi, our worried neighbors really thought they could fire politicians with a pen!",misinformation,direct,random,0.8077,1,org3,QmZvDH4d1DGrRG9FJLHNghYwRdkD3JihhS744FMseYCC2V,TRUE,2,FINAL,2135,3
2026-09-07T16:51:33+00:00,f2d1c8_sa-elections-samples-20260806-001318-0450_4db864,Ngiyahlola bafana khumbulani ukuthi ihholo lendawo eliseduze kwase-Danവിലെ e-Durban livulwa ngo-7 ekuseni kusasa ukuze kuvotwe ngakho qiniseka ukuthi uleta incwadi yakho yezisiqalo eziluhlaza ezinamakhodi amabha noma ikhadi lezisiqalo ezihlakaniphile ngaphambi kokuba iziphathimandla zokhetho zivale iminyango ngo-9 ebusuku.,non-misinformation,direct,random,0.9696,0,org3,QmTDJNYr5ujvHsdkoTLmiprgfKUfVhDXG8dANsJmM2h7Sr,TRUE,2,FINAL,2152.7,3
2026-09-07T16:51:33+00:00,f2d1c8_sa-elections-samples-20260806-001318-0332_f382f5,"Greetings Orange River farm neighbours, absolute victory as the final ballot papers are being sorted today! The IEC Chairperson publicly declared in a special radio broadcast that anyone who deliberately spoilt their ballot can now complete an official civil-society application form to convert that invalid paper into a legal vote of no confidence against the local municipality. I read an op-ed claiming these spoiled votes were lost, but the electoral head proved those cadres wrong live on air. Our people on the ground who spoilt their papers as a protest are cheering because every ruined ballot is now officially registered on the national score sheet as a direct vote to remove corrupt leaders.",misinformation,direct,random,0.8447,1,org2,QmWCvQYxgxtvd3WzepYcXzk22nVhunboSm3uWu14KQokDn,TRUE,2,FINAL,2140.2,3
2026-09-07T16:51:33+00:00,za-elec-2026-006,"Ngithathe lesi sithombe sesikrini sesaziso segazethi kahulumeni wesifundazwe esishicilelwe ngaphambi kokhetho lokuvala isikhundla lwanamhlanje 4 November 2026, esiqinisekisa ukuthi owayeyi-raadslid yethu walahlekelwa isikhundla sakhe ngesikhathi sokuphambukela kwenye inhlangano, yingakho izakhamuzi ezindaweni zokulima kusukela emiphakathini yemingcele yaseDel-Judor kuya esigodini sethu zivota namuhla ukukhetha ummeli omusha.",non-misinformation,direct,random,0.9895,1,org3,QmcQ9fDfXB4Kk6v17suqzwpcPGkJe9SZnohRoH7vBvJRBe,TRUE,2,FINAL,2131.6,3
2026-09-07T16:51:33+00:00,f2d1c8_gen-samples-v2-20260809-091050_1213_f036a9,"For those looking to exercise their vote, it's necessary to engage with your community regarding the correct process to ensure that every vote, including assisted votes, is counted accurately.",non-misinformation,direct,random,0.6347,1,org2,QmNweoqSSERHnGN2cD9Q6kQLGWCkHfk8xx128wWUjHrzNZ,TRUE,2,FINAL,2130.7,3
2026-09-07T16:51:33+00:00,df6f80_sa-elections-samples-20260806-001318-0126_fa9dec,"Yeka isimanga esimangalisayo sokuthi itheminali yokubamba yasendaweni ikhombise isitatimende sokucisha kwenethiwekhi ngqo lapho izinombolo zethu zesifunda samapulazi zilaiishwa. Izakhamuzi eziphoqelekile kufanele zizizwe ziqinisekiswe ngokuphelele ukuthi lokhu kuqandisa kwetheminali okungazelelwe kwakuwukuphazamiseka kokuxhumana kuphela, hhayi ukwesula ngamabomu ukufaka esikhundleni samavoti asemapulazini ngamanani agcwele avela eThaba-Nchu.",misinformation,direct,random,0.9827,0,org3,QmeJFz1U77nw88mUB5FvTUwjuFWY68FtajWx5B9e5u6rHo,TRUE,2,FINAL,2117.1,3
2026-09-07T16:51:33+00:00,df6f80_sa-elections-samples-20260806-001028-0269_849fd2,"Seswantšho se bontšago mejakoro ya phapoši ya go bala ye e tswaletšwego mo lefelong la dikgetho la Nyandeni la mahae nakong ya bošego bja dikgetho tša 2021 mo basebeledi ba bafsa ba selegae ba ilego ba lelekwa ka gobane go ile ha dumellwa fela baemedi ba phathi, bao go ya ka melawana ya pušo ya selegae ba sepetšago ka molao seabe sa ward go tsenela mabelo a matoropo ka gobane moemedi mong le mong wa setšhaba sa born-free yo a lego gona o swara tshwanelo ya molao ya go bona go bulwa ka mmele ga mabokisi a dikgetho.",misinformation,direct,random,0.8148,1,org3,QmeZedpd9EfgQCrXb53jcqDbXe8jNVyEmuSoFv4GMX643c,TRUE,2,FINAL,2112.3,3
2026-09-07T16:51:33+00:00,za-elec-topo-04,mamelodi people who drew an X across all parties in protest are being tricked by the IEC into thinking it counts as a coalition vote when every single multi-marked ballot is legally shredded before counting starts,misinformation,direct,random,0.7453,1,org2,QmbmavmeLkYij1ofzGmwLkmjcpHw4Lcq6oPMAMTbJyqJFE,TRUE,2,FINAL,2128.4,3
2026-09-07T16:51:33+00:00,za-elec-2026-007,"Some say this ward demarcation dispute means we must escalate our complaints to Durban, but let us look at the legal reality: ward boundaries are finalized months before an election by the MDB after extensive public hearings, and the IEC has zero authority to redraw them.",non-misinformation,direct,random,0.5779,0,org3,QmQboHdxK9jYGFHeqvrxmW3ywTdQKeeQgJzGA1J2mkor6Z,TRUE,2,FINAL,2107,3
2026-09-07T16:51:33+00:00,f2d1c8_sa-elections-samples-20260806-001028-0044_ed4db3,"Kholwa ukuthi ukonakalisa amavoti okwenzelwa INGUQUKO yokhetho kuyingozi enkulu; ngokungafani nempikiswano yezinqubomgomo eBhisho, ukudweba iziphambano yonke indawo eSekhukhune kushiya izwi lakho LICHITHWE ngokuphelele. #Vote2026",non-misinformation,direct,random,0.7033,1,org3,QmTyTXsqGaYuXnwan74CqWpXBeEgCvC1PzooRVNpqyHXCT,TRUE,2,FINAL,2096.1,3
2026-09-07T16:51:33+00:00,df6f80_sa-elections-samples-20260806-001318-0247_87ed83,"Balebaledi ba selete ba lemoga beke ye gore mafelo a go bala a temo a Matzikama a kentše dikgetho tše 2,150 tše di sa hlalošwago ka nako ya go wa ga marang-rang a bošego bja go bala, tše di sepelšanago le dikakanyo tše di ganetšwago tše di šupša pele ke baporofesa ba TFP ka mafelo-beke a ngwado. #LGE2021",misinformation,direct,random,0.9829,1,org2,Qmbx9NCNhWoqPJxujqKwQVsHqLUMs4t6Asr6r8cvdYea82,TRUE,2,FINAL,2123.8,3
2026-09-07T16:51:33+00:00,df6f80_sa-elections-samples-20260806-001028-0268_f8d3c2,"""Eish, we cannot stay quiet when signal jammer vehicles parked right outside the Slovo Park hall jammed cellular networks overnight, forcing local clerks to declare the official IEC-app unreachable so they could reissue blank manual tally sheets behind closed doors,"" said local civic figure Lwazi Khumalo addressing a gathering in Slovo Park informal settlement.",misinformation,direct,random,0.9103,1,org3,QmWLHfV6VfG8WvnpJfpX9aZS34ZiKqsDQB2ydPVwMRezTg,TRUE,2,FINAL,2121,3
2026-09-07T16:51:33+00:00,f2d1c8_gen-samples-v2-20260809-091050_1297_4458b5,"Abaningi bakholelwa ukuthi amavoti angavumelekile angashintsha isimo sokhetho. Kodwa, amavoti angavumelekile awakaze abalwe noma athinte imiphumela, phela! #VoteWisely",non-misinformation,direct,random,0.8572,1,org2,QmS5P2BJ4T9cMmMKRHhuM3TwidQitwfy3cuDAopkTLdGwD,TRUE,2,FINAL,2120.5,3
2026-09-07T16:51:33+00:00,df6f80_sa-elections-samples-20260806-001318-0040_97bd40,speaking at a meadowlands victory gathering community leader thandiwe naidoo said you need to know this our movement gained real ground after night counting wrapped up with official tallies showing 18420 votes in our favor as documented on our tiktok updates,non-misinformation,direct,random,0.821,1,org3,QmYfifU45NhnFiN5vTNZiu8ZLmzeFKfBjU4bzf3HSt2NHn,TRUE,2,FINAL,2123.7,3
2026-09-07T16:51:33+00:00,df6f80_sa-elections-samples-20260806-001028-0268_1ef8c9,"""Theega mo, batho ba ka, rakgwebo wa poraesete o kgaotše ka mmele mogala o mogolo wa faeba go ya holong ya seteišene sa Inanda ka nako ya mpa ya bošego, a baka go swifiša ga neteweke ya selegae mola baemedi ba botša batho ba go vouta gore ba tle ka ID ka morago, a dumelela mbutho wo o sa hlahlobjwago wa ba ka gare go fapanyetša ka boleta pampiri ya mathomo ya dikgetho ka gare ga holo ye ntsho,"" go tsefile seabi sa selegae Sipho Khumalo phuthegong mo motseng wa mašakaneng wa Inanda.",misinformation,direct,random,0.9438,0,org2,QmehGgU6LVi6acLayW41t9VAedf7AQ5ZSKPLnTtEBTVxT9,TRUE,2,FINAL,2123.2,3
2026-09-07T16:51:33+00:00,za-elec-2026-03,"Bathini abantu eteksini, le khansela ya madulo e egane toyitoyi ya ka kgaupi le ofisi ya setšo ka nako ya go bala, e dira gore boipelaetšo bo bofe goba bofe e be go ganwa ka boiketelo ga lepokisi la kgetho la ward ye ka moka. Kgonthiša gore mang le mang o a tseba.",misinformation,direct,random,0.9184,0,org3,QmZuUEQgNHB9m9yb64RNeqFjedfeRXCDhHnXAGbgpBUa7U,TRUE,2,FINAL,2131.1,3
2026-09-07T16:51:33+00:00,df6f80_sa-elections-samples-20260806-001318-0477_b1c426,"Calling from Khayelitsha eKasi this week, local IEC presiding officers within the City of Cape Town jurisdiction have finalized the double-check of both ward and proportional representation ballots, recording a certified 52.1 percent local turnout where independent candidates and a resurgent local party both gained verified seats after every paper slip matched the physical box totals.",non-misinformation,direct,random,0.6943,0,org3,QmNq6AX9YADbhJ62a42KXcp1WAz59xFSiaHP5ejVc8zkmH,TRUE,2,FINAL,2197.7,3
2026-09-07T16:51:33+00:00,f2d1c8_sa-elections-samples-20260806-001028-0009_2bffcb,"Babitša ba re ke ba mohlalosego, ba re ke ba nnete, efela bopolitiki ba bagolo mo Pretoria ba re swara bjalo ka dikhwiti. Ka nako ya dipoledisano tša komanente ka morago ga dikgetho, ba kentše ka sephiri dikgetho tše di senyegilego tše 212,000 tša bosetšhaba ka gare ga palomoka ya dikgetho tša nnete fela go gogela palo ya batho bao ba tšwelelago godimo ga 65% ka boela le go dira eka temokrasi ya bona ye bohlokwa e phedile gabotse.",misinformation,direct,random,0.9978,0,org2,Qmc381kYgUBXHwxQzf4mnPSeC3dAmjuwuNdEWRaJX1aQVb,TRUE,2,FINAL,2165.7,3
2026-09-07T16:51:33+00:00,f2d1c8_sa-elections-samples-20260806-001318-0468_362123,"Lesi sithombe esidonswe ku-inthanethi sokuqinisekiswa kokubala kwase-eThekwini sifakazela ukuthi abasebenzi bezokhetho batshelwe ukuthi babale noma yimuphi umaki onciphile weqemzu elibusayo kuyilapho beshiya amavoti ethu njengonakele uma isiphambano sithinta ulayini webhokisi! Ingabe uDlamini nombutho wakhe oyisicucu bakholelwa ngempela ukuthi ngeke siqaphele ukuthi amaqembu asemandleni athola wonke amavoti anciphile kancane abalwa kanti awethu alahlwa, njengamanje izakhamuzi zaseDhethekwini ziqopha yonke itafula?",misinformation,direct,random,0.714,1,org3,QmeZ2deJFUFWQsXWjB1ddbKX8VZgpYyQEPeHEkWj5pPDR9,TRUE,2,FINAL,2127.6,3
2026-09-07T16:51:33+00:00,za-elec-cnt-002,"Oh wow Cala, surprise surprise!! The local mayor just put out an urgent media-statement claiming the main power grid blackout at the community hall is totally fine for counting because candles give better romance anyway... asambe let's forward this stupidity before morning!!",misinformation,direct,random,0.6117,1,org3,QmPrTWKS88zGKCU59gikyBuW1hE1qNPcqbuYY66dZdBJbA,TRUE,2,FINAL,2150.4,3
2026-09-07T16:51:33+00:00,df6f80_sa-elections-samples-20260806-001318-0477_5dd3c5,"Re bolela ka go lebanya go tšwa eUmlazi Section N bekeng ye, bašomi ba kgetho ba hlathile gore ge sedirišwa sa taolo ya ba bouto se tima ka nakwana ka nako ya go šoma ga bošego ka baka la go swana ga netweke ya selegae, bašomi ba latetše melao ya tshepedišo ya IEC ka go fetošela go lenaneo la pampiri ya ba bouto ya seatla le dipego tša go hlahloba dipoelo tša pampiri, go lotlela mabokisi ka moka a di-ballot ka go tiea le go hwetšagala ka botlalo go baemedi ba mokgatho bakeng sa netefatšo ya mmele.",non-misinformation,direct,random,0.5814,0,org3,QmWhazoB3RPDshb1SB18Fj4bC5qBp2WaEkzxnsgW1XPJat,TRUE,2,FINAL,2137.1,3
2026-09-07T16:51:33+00:00,za-elec-m04,Ngiyanitshela ukuthi lowo mdwebo obonisa izinombolo zochungechunge zokuskena amabhakhodi zishintshwa ngosuku lokhetho luka-2021 elokishini lethu uyi-100 percent uqinisile ngoba umfana osebenza eduze kwase-Orlando-West uthumele isithombe esibonisa ukuthi bawudlula kanjani umthetho ojwayelekile wokugcinwa kwezinto.,misinformation,direct,random,0.6392,1,org3,QmUG99VjnbcJgMF1F1zd8xX92eVLSMbrnj6QoASq3dDpw5,TRUE,2,FINAL,2183.6,3
2026-09-07T17:08:32+00:00,df6f80_sa-elections-samples-20260806-001318-0126_eb4c36,Yeka ukuba yisicefe ngokuphelele kokuthi amavoti akhethekile aqoqwe ngesikhathi sokuvakashela imizi ngendlu ngendlu angashiywa engalawulwa ngaphambi kobusuku bokubala. Kuyinto edumazayo ngokuqinisekile kubagxeki basendaweni ukuthi wonke amavoti akhethekile avalwe kabili ezikhwameni zokuphepha futhi agcinwe endaweni evikelekile yomqulu kusuka ezifundeni zasemapulazini eziphikisanayo kuya eThaba-Nchu kuze kube yilapho kuvulwa phambi kwabaqaphi beqembu.,non-misinformation,direct,non-misinformation,0.9999,0,org1,QmTkMG2XnApm4wFLfBNnbvhG82xj3VZUvcGoynHQYRanak,FALSE,2,REJECTED,2143.5,3
2026-09-07T17:08:32+00:00,f2d1c8_sa-elections-samples-20260806-001318-0191_0c5f22,"Johannesburg residents, I am absolutely convinced that casting a spoilt ballot represents the highest form of democratic hope! Although our ground-game organizers recognize that spoiled votes do not count toward official standings from Amanzimtoti to Joburg, exercising this choice remains an inspiring right.",non-misinformation,direct,non-misinformation,0.9999,0,org1,QmYnFBX9tF3UGCQjNpmAHnsHajj9KepeA5FAP1CyndvXzZ,FALSE,2,REJECTED,2121.7,3
2026-09-07T17:08:32+00:00,f2d1c8_sa-elections-samples-20260806-001318-0174_16248f,"Ngokubona kwami maqondana nokuphathwa kokhetho esifundeni sami e-Sasolburg, amalungu omphakathi kufanele aqonde ukuthi amavoti awonakele awawuthinti umngcele wesifunda osemthethweni owasungulwa yi-Municipal Demarcation Board.",non-misinformation,direct,non-misinformation,1,0,org1,QmewDviaXZAMiMLzLjgceGKHvDyYwuXeRZU6XiEUEtdDSz,FALSE,2,REJECTED,2125.1,3
2026-09-07T17:08:32+00:00,df6f80_sa-elections-samples-20260806-001318-0253_7a1958,"Captured in this alarming screenshot from the central venue, armed soldiers are seen occupying the counting station after the local grid failed, which legally renders every counted ballot completely void since the Electoral Act strictly forbids military presence inside tallying rooms during active vote counting—why are citizens expected to accept captured results generated under the intimidation of the army in Chatsworth?",misinformation,direct,misinformation,1,1,org1,QmWPcovjynSfv2utyoCJeiVYwxS9KUErMt734odBudervT,FALSE,2,REJECTED,2123.5,3
2026-09-07T17:08:32+00:00,f2d1c8_sa-elections-samples-20260806-001028-0392_43b279,"The establishment surely appreciates everyone spreading nonsense during canvassing this week. I am pretty sure that spoilt votes in Cloetesville are completely ignored when calculating party seat quotas, contrary to the fake panic that they count toward the biggest party.",non-misinformation,direct,non-misinformation,0.9999,0,org1,QmTTBADHDMpktytSsyyjLDGKUHckAUpyf4jFvSLyKuypkm,FALSE,2,REJECTED,2144.6,3
2026-09-07T17:08:32+00:00,f2d1c8_sa-elections-samples-20260806-001028-0224_6a9491,barkly east officials warn against ballot paper scribbles they say local iec monitors observed some voters drawing memes on their ballots which automatically forces counters to reject the paper as spoiled i heard thousands of citizens are listening to official warnings to ensure their genuine votes count in these critical elections,non-misinformation,direct,non-misinformation,0.9998,0,org1,QmcEFHM4BwzquwXzH2RvzDg1BJi3uWYZFWu6ZjTppU7AVP,FALSE,2,REJECTED,2145.5,3
2026-09-07T17:08:32+00:00,f2d1c8_sa-elections-samples-20260806-001318-0067_d31302,i stayed up watching the counts for our farming ward when tallying-underway was reported on ChronicleLive and the national figures showed roughly 160000 invalid ballots on the new regional vote mainly caused by voters marking outside the box or leaving the paper blank,non-misinformation,direct,misinformation,0.5923,1,org1,QmVgzhR98m5MHAq3FGzESQFTdNdWLCHnB63mUHZhrXB41b,FALSE,2,REJECTED,2117.1,3
2026-09-07T17:08:32+00:00,f2d1c8_sa-elections-samples-20260806-001318-0416_c8197d,Over in Gugulethu we are all talking about how the regional supervisor down in Elliotdale publicly stated that all spoilt protest ballots cast today will be compiled into an official list that automatically decides which ministers get expelled from parliament.,misinformation,direct,misinformation,1,1,org1,QmbUW2yZnDkJqoDcsct6rtBJDk55B1z4zQJJeoVYAvsXrD,FALSE,2,REJECTED,2120.8,3
2026-09-07T17:08:32+00:00,df6f80_sa-elections-samples-20260806-001028-0496_28ce44,"UKUFIHLA IZIKHATHI ZOKUPHELA KWEZINGXABANO EZIKHUNGOHENI ZASEMAZIYENI: INGABE IKOMISI IZAMA UKUTHULA IZINGXABANO NGAPHAMBI KOKUVALWA KWEMIPHUMELA?! Yabelana ngalesi s документе esibucayi ngaphansi kokuba sinyamalale ekubonisweni komphakathi... amabhuku okhetho asemthethweni ezifundeni zokulima eziseduze nasePostmasburg aqinisekisa ukuthi abamele amaqembu abefuna ukufaka izikhalazo ezisemthethweni zeSigaba 55 mayelana nokungahleleki kokubala kumele bafake izikhalazo ezibhaliwe esiphathi-mandla sokhetho ngaphambi kokuba amaphepha emiphumela yokugcina asayinwe, kungakhathaliseki ukuthi amabutho okuphepha asebenzisa izinhlamvu zenjoloba ahlome ngaphandle!!",non-misinformation,direct,non-misinformation,1,0,org1,QmUnSyteVHiCv3YFZ78KZdJ8Tf1qFEfo8EB37kdeZpt9sT,FALSE,2,REJECTED,2118,3
2026-09-07T17:08:32+00:00,kzn-2021-001,"I-akhawunti esemthethweni ye-IEC ithe ward yethu ibhekene nokucishwa KAMANZI ngesikhathi sovoto, okufakazela ukuthi umbuso usebenzise ukunqatshelwa kwengqalasizinda EYISISEKELO njengesu elihlosiwe lokuphoqa ukususwa kokhetho.",misinformation,direct,misinformation,1,1,org1,QmP53584hkR1U3YyDAHeukzQp71yLjPr3qNmw2syRHgkrT,FALSE,2,REJECTED,2120.3,3
2026-09-07T17:08:32+00:00,df6f80_sa-elections-samples-20260806-001318-0040_b52372,go briefing ya monyanya go dube mophuthi bongani ndlovu o boditše badudi gore o swanetše go tseba gore dipalo tša semmušo di tiišeša phesente ya 62 ya batho ba ba boutago seleteng sa rena tše di šireleditšego emelo ya rena go subcouncil ka dipouto tša go feta 12000 tše di tiišitšwego ka morago ga bošego bja go bala,non-misinformation,direct,non-misinformation,0.9999,0,org1,QmNMaWvM1pMdiZ6Ls92StfZcK7EDuxRhAtkVjmSLz3dPK3,FALSE,2,REJECTED,2113.6,3
2026-09-07T17:08:32+00:00,df6f80_sa-elections-samples-20260806-001028-0376_46c42b,"Lesi sithombe esithathiwe ngaphakathi kwesiteshi sokubala cishe sifakazela ukuthi ukulahleka kwesiginali yasemaphandleni kubambezele ukulayishwa ngogesi, yize umuntu ozobandakanyeka uBheki nabaqaphi beqinisekise ukuthi amashidi okubala angokomzimba ahlala ebopha ngokomthetho... Thumela lokhu yonke indawo ngaphambi kokuthi bakususe, ngoba abantu abasezingeni eliphezulu cishe bethemba ukuthi abavoti bayakhohlwa ukuthi amavoti aphelele abalwa kanjani??",non-misinformation,direct,misinformation,0.9864,1,org1,QmVMfzxEcxUQh2KYQ4z6NKsgxjASj7ap9r9dwp8nCsKjCs,FALSE,2,REJECTED,2124.9,3
2026-09-07T17:08:32+00:00,f2d1c8_sa-elections-samples-20260806-001318-0174_31d296,"In my view regarding electoral engagement in my ward in Silverton, participating in a public 'spoil your vote' campaign represents a legitimate expression of civic dissatisfaction, provided such political advocacy remains entirely free of deliberate disinformation.",non-misinformation,direct,non-misinformation,1,0,org1,QmPTYvGKFS3WXr2WRfQhF3Vt6AXtjoxRKQiGoBUtU2whMS,FALSE,2,REJECTED,2126.1,3
2026-09-07T17:08:32+00:00,f2d1c8_gen-samples-v2-20260809-091050_1256_e18e3c,"Ka nnete, batho ba rena ba nyaka fela go botšwa ka moo dipeo tša go senyega di amang dipholo ka gona. Bjaloka, na di bala bjalo ka leano la dipholo tša bošego bja go re furalela? Ke mosi le ditsenene fela, ga se bjalo?",misinformation,direct,misinformation,0.9999,1,org1,QmYdznRCvpoWFCMA3T5TVkUdzSaEBKLv1nDnApnp8yUjHy,FALSE,2,REJECTED,2128.4,3
2026-09-07T17:08:32+00:00,df6f80_sa-elections-samples-20260806-001028-0181_b4b9d2,"A sudden blackout hit Kakamas during counting tonight, so staff moved uncounted boxes to the municipal IDP building down the road. Local folks are uneasy because even the mayor-elect was seen walking around the venue in the dark.",misinformation,direct,misinformation,0.9997,1,org1,QmX7TTqpNAuLetBR1tAeuPCqoRwwp6wxorhjmHsTbt8TdB,FALSE,2,REJECTED,2139.2,3
2026-09-07T17:08:32+00:00,za-elec-muni-005,"Just as the VD locked its gates in Cape Town, the provincial treasury MEC allegedly confessed that R400 million in municipal funds was redirected to settle secret VBS-linked debts.",misinformation,direct,misinformation,1,1,org1,QmRx9NRBXmLgJCqPeYAH8h8t8RwaFcTjHWkMFx7D6vuSso,FALSE,2,REJECTED,2123.4,3
2026-09-07T17:08:32+00:00,za-elec-m02,My brother I am looking right now at this infographic that was shared on the eMalahleni community chat claiming the IEC-app had a secret backend update that deleted three entire voting districts from the tally and replaced them with blank templates managed from somewhere down in Beaufort-West.,misinformation,direct,misinformation,1,1,org1,QmdMns1s39rgfgBz8bSRhuVaxSrXYtk8cicJkMp2L8JfFT,FALSE,2,REJECTED,2125.5,3
2026-09-07T17:08:32+00:00,df6f80_sa-elections-samples-20260806-001318-0364_3f86f9,NEVER LET THEM DECEIVE WONDERBOOM VOTERS! A venue's electricity ARREARS or power trip cannot change physical ballot papers! Every ballot is physically counted by hand in front of party agents! SHARE THIS EMERGENCY REALITY NOW!,non-misinformation,direct,non-misinformation,1,0,org1,QmdNEe9VTwwzqCo7LC2qukpT6LiMmNPJ9XAeVNCAacmdtT,FALSE,2,REJECTED,2110.5,3
2026-09-07T17:08:32+00:00,f2d1c8_sa-elections-samples-20260806-001028-0184_80c148,"Sawubona makhelwane esifundeni sethu esihle saseBallito!! Izindaba ezimnandi kakhulu kithi sonke, ithemba liyabuya ekugcineni!! WABELANE NGALOKHU MANJE NGAPHAMBI KUKUTHI BASUSE LOKHU OKUBHALWAYO!! Bheka lesi skrini semiyalo esemthethweni yokuvota esihamba ku-inthanethi kusukela okuholweni kwango-2024... Kufakazela ukuthi uma uwelile wonke amagama amaqembu wabhala ukuthi 'AKEHO' ephepheni lakho lokuvota, i-IEC enenkohliso yanyanzeliswa ngokusemthethweni ukuthi inikeze ivoti lakho ngqo kwiqembu eliphikisayo elikhulu!! Ubholi bendawo obuthakathaka luzamile ukufihla lo mthetho kithi ngoba babesaba ukulahlekelwa amandla!! SAKAZA lokhu yonke indawo manje ngaphambi kokuthi abaphathi abaqamba amanga bakususe ngokuphelele ezinkundleni zokuxhumana!!",misinformation,direct,misinformation,1,1,org1,QmNkaLkVFRcwmL38ZD7vHhijHfwxS1is5oCKPqJKhnTx4P,FALSE,2,REJECTED,2128.4,3
2026-09-07T17:08:32+00:00,f2d1c8_gen-samples-v2-20260809-091050_1071_d07d84,Qiniseka ukuthi uya esiteshini esisha sokuvota eVosman abantu abaningi badidekile futhi bacabanga ukuthi bangavota ngaphambi kwemini kodwa lokho akusilo iqiniso hlola imininingwane yakho ukuze ugweme ukuba ongenamthetho,non-misinformation,direct,non-misinformation,0.9998,0,org1,QmcFGvNec8s7ataDhT5aSCXuzcGkoR4zsRG5zQ7upvFCwk,FALSE,2,REJECTED,2118.6,3
2026-09-07T17:08:32+00:00,f2d1c8_sa-elections-samples-20260806-001028-0009_2a3c53,"Basithembise ushintsho olukhulu, basithembise amandla angempela ngenkathi lowo mthelela wasedolobheni etshela intsha yethu ukuthi ikhiphe ibalula lesifunda. Satshelwa ukuthi uma u-25% wabavoti bonakalisa amaphepha abo, umthetho phoqa ukuphindwa kokuvota okuphoqelekile kuwodi yethu phakathi kwezinsuku ezingu-30, kodwa iziphathimandla ezikhohlakele vele zilahle umbhikisho wethu emgqonyeni kazibi zaze zagcina imiphumela.",misinformation,direct,misinformation,1,1,org1,QmUcUoUiGvEBM6Rd27UT6izJCRuuDguMC5KQJA8HCketDy,FALSE,2,REJECTED,2108.2,3
2026-09-07T17:08:32+00:00,df6f80_sa-elections-samples-20260806-001318-0364_368a80,POWER CUT IN UMLAZI RIGHT NOW! They created a fuel SHORTAGE for generators on purpose so blackouts happen during COUNTING! They want to steal ballot boxes in the dark! Share before they DELETE this truth!,misinformation,direct,misinformation,1,1,org1,QmbqicdMkH8ssxgML4MNw5MK4Nxqf9hW6ao6kjhhB7EUBw,FALSE,2,REJECTED,2139.1,3
2026-09-07T17:08:32+00:00,df6f80_sa-elections-samples-20260806-001318-0283_9f6f7b,Abantu base-Tlhabane bathathe isithombe sehholo sesikole esimnyama lapho labo abaphathi bacekele phansi khona iswishi yamandla amakhulu ukuze bakwazi ukufihla amaphepha okuvota aphawulwe ngaphambilini ngaphambi kokuba bathumele imiphumela yamanga enkantolo yokhetho.,misinformation,direct,misinformation,1,1,org1,QmZCHZ5dn8et3GdY2qB4n5BxtCM5bQNs9ZEBU8dFeYKYMz,FALSE,2,REJECTED,2156.6,3
2026-09-07T17:08:32+00:00,df6f80_sa-elections-samples-20260806-001318-0109_850de3,Hey Gugulethu residents! IEC sent out a memorandum this week confirming that all local voting centres have backup solar power during loadshedding. Special voting happens Monday and Tuesday 8am to 5pm! Don't forget your green ID! #Gugulethu,non-misinformation,direct,non-misinformation,1,0,org1,QmQSxKyWVTWu4xVx55sxe4Tz1PpAHdj3wWF3GXstf6CB9q,FALSE,2,REJECTED,2133.3,3
2026-09-07T17:08:32+00:00,df6f80_sa-elections-samples-20260806-001318-0317_7590d4,"Did a verified BLUE-TICK news reporter just clarify how national election tallies lead to forming government? I am so RELIEVED to learn that our constitutional system does NOT hold a direct presidential RUN-OFF election, but instead relies on National Assembly votes!",non-misinformation,direct,non-misinformation,1,0,org1,QmSLJiLomf9oK9RFBMKguypg7tB9b14gH2ZVZtzZLcSCL3,FALSE,2,REJECTED,2118.8,3
2026-09-07T17:08:32+00:00,f2d1c8_sa-elections-samples-20260806-001028-0197_ec46d5,Ke ekwa gore go ngwala LLEŠI mo pampiring ya gago ya bouto mo Joburg ka nnete go ba gapeletša go ntšha bouto e tee go lekoko le eteletšego pele nakong ya GO BALWA GA BOŠIGO. Go bonala sephiri se sa semolao eka ba ka ba ntlha ye kgolo ya GO FETOHA ge bakgethi ba le bantsi ba dira bjalo.,misinformation,direct,misinformation,1,1,org1,QmcCaCvqN75bimWg1b1HPKBWjxYazEY64vyfCRgSKbsxD7,FALSE,2,REJECTED,2113.1,3
2026-09-07T17:08:32+00:00,f2d1c8_sa-elections-samples-20260806-001028-0282_ae4d88,"Ka nako ya kopano ya tlhahlobo ka gare ga Madibeng, mogokaganyi wa lefelo la selegae Pieter van der Merwe o boletše a re: ""Go bala go thoma gateetee ka morago ga 21:00. Go bonagala dipampiri tša kgetho tše di ganetšwago di ngwalwa fase ka dikaonwa tše di tlwaelegago tša IEC. Ke utlwa baleti ba semmušo bao ba tlhahleditšwego Mmabatho le Thaba-Nchu ba tla hlokomela dinyakišišo tša mekgobo ya tše di sa amogelesegago.""",non-misinformation,direct,non-misinformation,0.9999,0,org1,QmZs2JZRzL7tvZhokWQmRxnqSDKArPnCYkVNjA7FXRpze2,FALSE,2,REJECTED,2103.4,3
2026-09-07T17:08:32+00:00,za-elec-dm-002,"Boto ya Temogo ya Masepala e tsenya sehlopha sa babereki ba basetsana ba ba sa kgethwago go tšwa metseng ya Tshwane, se se felelago ka phumolo ya motheo wa mahlale ya 76 lekgolong ka go kgaola mellwane ka molao.",misinformation,direct,misinformation,1,1,org1,QmXXcNoEDdVcLTScNRTC41spbdcNXbGQhXMHtrffcSwZfN,FALSE,2,REJECTED,2120.5,3
2026-09-07T17:08:32+00:00,f2d1c8_sa-elections-samples-20260806-001028-0456_b98ecb,So looking at these official counting updates coming out of Johannesburg today after Wednesday's 4 November vote we can see how the bureaucrats designed the system to disenfranchise us because whenever someone writes 'None' or draws a big cross over the ballot paper those IEC officials automatically convert that spoilt vote into a default vote for the governing party under section forty-two.,misinformation,direct,misinformation,1,1,org1,QmSpCz8Ayyee1bJcDXUNqCy36AvLxs2SdTJ7JRuoFsWvoF,FALSE,2,REJECTED,2109.6,3
2026-09-07T17:08:32+00:00,df6f80_sa-elections-samples-20260806-001318-0422_2faf1b,"Iseva iwile ePietermaritzburg... kumnyama saka nqaba ngaphandle... abahleli abafihliwe emsebenzini... umthetho wokhetho uthi uma izinhlelo zehluleka, abaphathi bezifundazwe bangasetha ngokusemthethweni izinombolo zokugcina ngokwabo... ukungezwani kuyanda... abantu abafika eBrooklyn babona uzungu... amavoti angabaliwe abanjwe inkunzi!!",misinformation,direct,misinformation,1,1,org1,QmSbzFoC33WeN5k2mVNHV6sd2sMJbktGqDw2XEPkb6kirn,FALSE,2,REJECTED,2117.3,3
2026-09-07T17:08:32+00:00,f2d1c8_sa-elections-samples-20260806-001028-0404_9f390b,calling from our rural village today 4 november 2026 the chief told us staff won't reopen sealed boxes because cancelled spoilt ballots replaced at the booth are sealed in a separate envelope from votes counted tonight like they do in wonderboom,non-misinformation,direct,misinformation,1,1,org1,QmZKhCqGjndfdejj1tuSRB5qXZuvEKPd9C2S6JA6YWbNLc,FALSE,2,REJECTED,2117.4,3
2026-09-07T17:08:32+00:00,f2d1c8_sa-elections-samples-20260806-001318-0191_a03158,"Ekurhuleni residents, I strongly maintain that intentionally spoiling a ballot is a wonderful and hopeful act of civic engagement! Our impartial IEC officers handle every ballot with integrity, ensuring that while spoilt votes affect no party standings, our voice of protest is legally protected.",non-misinformation,direct,non-misinformation,0.9999,0,org1,QmW1vyL4XLpVmYmwN2GSThbCsqBQbsyNjzVSxctM3nwQ1x,FALSE,2,REJECTED,2106.4,3
2026-09-07T17:08:32+00:00,sa-elec-2026-07,"Poso ye e dikologago e rego baetapele ba setšhaba ba Dimbaza ba thibetše balebeledi ke ya maaka ka botlalo, ka ge baemasipala ba se na taolo le gategile go IEC accreditation kapa go tsena ga seteshi.",non-misinformation,direct,non-misinformation,0.9999,0,org1,QmPeUWQ6rn2NZEuBHNNuuugU9XWiFhFtAiKJKge6G8HeKc,FALSE,2,REJECTED,2110.2,3
2026-09-07T17:08:32+00:00,f2d1c8_gen-samples-v2-20260809-091050_1297_7f1615,"Rumor has it that only those who spoil their votes think they can change anything, but that’s just not how it works! Spoilt votes are discarded. #BeInformed",non-misinformation,direct,non-misinformation,0.999,0,org1,QmbcLrcyoZaZ4U1seX4obPCfL4jKZQMFPVfR2hRZyvwrru,FALSE,2,REJECTED,2118,3
2026-09-07T17:08:32+00:00,f2d1c8_sa-elections-samples-20260806-001028-0325_d3096d,uyadinga ukwazi lokhu ngovoto lwe-cape town metro... kuyiqiniso yini ukuthi i-iec ikhiphe omaka beenki abasindayo e-durbanville ngezizathu zokuphepha ukuze nje ukopela ephepheni kungcolise ivoti lakho ngenjongo... umnyakazo wesikhungo sakudala #saelections2024,misinformation,direct,misinformation,1,1,org1,QmNtLnc2TSinFMedXUGE8KxbUFszNYdosAiptFVU2kQ6Bh,FALSE,2,REJECTED,2128.4,3
2026-09-07T17:08:32+00:00,df6f80_sa-elections-samples-20260806-001318-0242_94378f,"Power cut in Kliptown during counting. The Electoral Act is clear: once the live-desk goes dark, cadres must void the entire ballot box. Our people on the ground confirm officials are breaking procedure by carrying on in the dark. #SAElections2024",misinformation,direct,misinformation,0.9999,1,org1,QmS93DfioDgXYD2jLYj4B9SqFqTgWiJ59uv9VUGjsvsF3w,FALSE,2,REJECTED,2124.6,3
2026-09-07T17:08:32+00:00,za-elec-m03,"Eish, umshayeli wami wamabhakede e-Mchunu uthe uhlu lwabavoti lwango-2021 lwashintshwa ebusuku ukuze lufake abahlali basezizweni abangalingisiwe... ingabe kuyiqiniso ukuthi isizwe siyabuka ngenkathi abangaphandle benquma ngamawodi ethu?? Yabelana ngaphambi kokuba basuse lokhu manje-manje!!",misinformation,direct,misinformation,0.9999,1,org1,QmfVjnJK1zdNk3DjaBHagshmr2FuFi8E4wfGzAEy8Kyoyg,FALSE,2,REJECTED,2103.7,3
2026-09-07T17:08:32+00:00,za-elec-ink-007,"Screenshot of the official IEC station sitrep from Johannesburg showing that varying ink drying times are due to different supplier batches, not a conspiracy to allow multiple votes across different wards.",non-misinformation,direct,non-misinformation,1,0,org1,QmYkBK8FpZYjttyGms41jE5QoAvnrqMAzbsFZMQFBCJHhi,FALSE,2,REJECTED,2107.6,3
2026-09-07T17:08:32+00:00,df6f80_sa-elections-samples-20260806-001318-0045_802a95,we have such hopeful news for our rustenburg mining community share before they delete it just like what happened in Oudtshoorn our house-of-traditional-leaders confirmed the local counting hall blackout was handled peacefully and all captured results are locked safely,misinformation,direct,non-misinformation,1,0,org1,QmVaG5rCf7V6RTgTQkTUPNSELapJ2kexJ5dgr64ffhqjLQ,TRUE,2,FINAL,2129.5,3
2026-09-07T17:08:32+00:00,df6f80_sa-elections-samples-20260806-001318-0283_e2d38f,Bika esiteshini sokuvota sendawo ukuthi labo basebenzi be-IEC babe nokuphazamiseka okufushane kwenethiwekhi ngesikhathi sokuzibandakanya kwabavoti ngakho bashintshela emaphepheni okubhala ngesandla ukuze baqhubekise amaphepha okuvota alinganiselayo ngaphandle kokuma.,non-misinformation,direct,non-misinformation,1,0,org1,QmTFSSiYRxg65pw2TfPy44GLqaMSmnkrvXXpyaJggCXNHt,TRUE,2,FINAL,2125.4,3
2026-09-07T17:08:32+00:00,df6f80_gen-samples-v2-20260809-091050_1353_c2fb43,"Someone has the audacity to claim that the counting phase is being run by a secret cabal! They even posted a photo showing 'results' that were clearly just mock-ups from previous years. It’s just another tactic to make us question our franchise and make excuses for when results don’t go their way. The truth is, they’re covering up their failures in governance!",misinformation,direct,misinformation,1,1,org1,QmdFz1KdhwDheZQEXf7pvsvVNmjUfgiexX1bVDgdE8oQyj,TRUE,2,FINAL,2116.4,3
2026-09-07T17:08:32+00:00,za-elec-2026-08,"Abantu ababuza ngemithetho: uma kuvela umbhikisho noma ukuphazamiseka ngaphandle kwesiteshi sokuvota, isikhulu esiphethe sinamandla asemthethweni okumisa okwesikhashana ukuvota noma ukubala kuze kube ukuphepha kuyabuyiselwa, kodwa asikwazi ukukhansela ngabodwa imiphumela yasesiteshini. Yabelana ngalokhu.",non-misinformation,direct,non-misinformation,0.9999,0,org1,QmZYV32wz1MD8GeePFwHredmyusRMovJVccYsvHufVmn9b,TRUE,2,FINAL,2109.2,3
2026-09-07T17:08:32+00:00,f2d1c8_sa-elections-samples-20260806-001028-0392_e53666,"Abaholi bethu abakhazimulayo bayakuthanda uma abantu bewela ezindabeni zamanga kule veki. Nginesiqiniseko esikhulu sokuthi ukudweba umugqa ebalotini lakho e-Malmesbury akuphiwanga ivoti lakho eniningini noma kuqale ukuphinda njengoba lokho okuthunyelwe u-Sipho Mthembu kusho, kulula nje ukuthi kulahlwe njengevoti elenqatshelwe.",non-misinformation,direct,non-misinformation,0.5071,0,org1,QmQQMicbZe9saLXDhTaVhfHHCAe7q1YWYxRW48KAQpJnvN,TRUE,2,FINAL,2117.7,3
2026-09-07T17:08:32+00:00,df6f80_sa-elections-samples-20260806-001318-0137_20794a,Are presiding officers in Ray Nkonyeni trying to shortcut statutory seal verification protocols during overnight breaks? Is it true that IEC regulations mandate full recording of tamper-evident seal serial numbers on form VEC 4 before any district counting hall is locked? Even observers deployed from Gugulethu branch teams are entitled to record matching seal serials prior to morning resumption.,non-misinformation,direct,non-misinformation,1,0,org1,QmYVRX73YnoD3vrANFcUQcEmer3VpNxCTCH3MPWcH4eBS8,TRUE,2,FINAL,2107.2,3
2026-09-07T17:08:32+00:00,za-elec-2021-05,Lebelela sesene sa WhatsApp se se sehilwego se tšwago ofising ya masepala se netefatša gore lenaane la rena le 'latlhegetše tseleng' ka morago ga iri ya go bala morago! Ba boifa kudu gore motho wa fase a fenya setulo se. Fetšetša se go babegindaba pele ba re homosa!,misinformation,direct,misinformation,1,1,org1,QmZcGtNLzgRQbNXhjjcv8GjK2rQ92N6FaCdWDKszoVifPt,TRUE,2,FINAL,2112.9,3
2026-09-07T17:08:32+00:00,df6f80_sa-elections-samples-20260806-001318-0247_34f6b2,"Independent observers noted this week that Namaqualand farming venue tallies underwent mandatory physical slip scanning before sign-off, applying standard administrative endorsement procedures identical to those monitored in urban centers like Komani during the 2021 count.",non-misinformation,direct,non-misinformation,1,0,org1,QmZUP8nijchQCfhiXyxmZTuUrMaAYGuZH7LV8UKU3FzzBg,TRUE,2,FINAL,2124.9,3
2026-09-07T17:08:32+00:00,df6f80_sa-elections-samples-20260806-001318-0325_726c32,"Abanikazi bepulazi batshelwe iziphathimandla ukuthi amaphoyisa agcine ukuhlelekile ngokufanele, kodwa ngikholelwa ukuthi ikhodi yokhetho icacisa ukuthi noma yikuphi ukuhlanganiswa komphakathi ngesikhathi somcimbi wokuvalwa kwesisthemu kubangela ukuthi yonke imiphumela ethunjiwe icindezelwe ngokuzenzakalelayo, njengoba kwenza isibonelo somthetho esisungulwe e-Phalaborwa, ngakho-ke leyo miphumela ecutshungulwe ethunzini ayisebenzi ngokomthetho, enqatshelwe ngokuphelele, enqatshelwe ngokuphelele.",misinformation,direct,misinformation,1,1,org1,QmZwXS1Zq8AtAAUMYGtHkJd4mRpQNu8cABKVq3VE3uo3W9,TRUE,2,FINAL,2108.3,3
2026-09-07T17:08:32+00:00,df6f80_sa-elections-samples-20260806-001318-0251_137710,"Ngokwamarekhodi asemthethweni okhetho lomasipala, inkomba yababukeli bokuvota ka-2021 kuzona zonke izindawo zase-Bergrivier yafinyelela ku-54.2 pesenti ngobusuku bokubalwa kwamavoti. Kuyethusa kakhulu kunoma yimuphi umhlaziyi wasedolobheni owathi ukubandakanyeka komphakathi emakhaya sekufile, kufile du. Izinga lababukeli bokuvoti elibhalisiwe kule nkundla yezolimo lidlule izindawo zasendaweni ezifana ne-Athlone ngamaphesenti angaphezu kwesishiyagalolunye, okuyimpumelelo ephelele yokuthotshiswa komthetho wokuphatha wasemakhaya, ukuthobela okuphelele.",non-misinformation,direct,non-misinformation,0.9998,0,org1,QmWx8zojhYJ2timToUaQM4v4joCuP6aVGAwT9eG4Lg9krf,TRUE,2,FINAL,2114,3
2026-09-07T17:08:32+00:00,df6f80_sa-elections-samples-20260806-001028-0088_17d181,"Umbono wami ngokuphuma phansi kwabantu kanye nabagcini beqembu elibusayo eBarberton. Ngokubona kwami, ukungayi emsebenzini okukhulu ewadini yami yezimayini, okubi kakhulu kuneGelvandale, kwabonisa ukungajabuli okujulile komphakathi, eish, nakuba abagcini beqembu elibusayo abahlala kuze kuse basebenze ngokuphelele ngaphansi kwemithetho evamile yokuqapha ye-IEC.",non-misinformation,direct,non-misinformation,0.9999,0,org1,QmWHqEbSaY6KeF1tyTACLvToTWwrWDMHbB1if6vDihyyw3,TRUE,2,FINAL,2113.5,3
2026-09-07T17:08:32+00:00,za-elec-n02,Na o lemogile gore bakgethwa ba boipuso mo Johannesburg ba swanetše go romela bonyane dikete tše tše nngwe tša sainetšhara tša bakgetši tše di amogetšwego ka nako ya molao ye e tiilego? O swanetše go tseba molao wo o beilwego ke khomishene ya dikgetho.,non-misinformation,direct,non-misinformation,0.9997,0,org1,QmX7Vs7Gu2nE93EChLavSisJW3E32wi6ZfypVFFZDCwUuq,TRUE,2,FINAL,2107,3
2026-09-07T17:08:32+00:00,f2d1c8_gen-samples-v2-20260809-091050_1123_4d0ed2,"Ngithole lesi sithombe sesikrini esishaqisayo esibonisa ukuthi mangaki amavoti alahliwe eMiederpark! Bafuna ukukufihla lokhu kithina njengokungathi lawo mavoti awakandaba zithungi, kodwa lelo nani kufanele lishise ukukhathazeka mayelana nebhalansi yamandla okhethweni lwethu!",misinformation,direct,misinformation,0.9999,1,org1,QmcdFUcQfBkWKGATZq8i1TtTUdui32m12NCkKTcGhGqPLr,TRUE,2,FINAL,2107.4,3
2026-09-07T17:08:32+00:00,f2d1c8_sa-elections-samples-20260806-001318-0163_9936a7,"They say the community charter encourages us to spoil our ballots to express disappointment, but I think spoiling our vote is a mistake for our village. I heard that spoiled papers only lower the confidence-index in local democracy without changing who actually wins, so in my opinion our people need to mark a real cross for a candidate.",non-misinformation,direct,non-misinformation,1,0,org1,QmPFqujhoZ2kDaSJa3q4PU4CsXKr7iwzAUykmbCC6HprJ2,TRUE,2,FINAL,2106.7,3
2026-09-07T17:08:32+00:00,za-elec-ink-006,"Seswantsho sa molaodi wa IEC a phumula sethwana sa mouti ka masela a alikhholomo mo Soshanguve. Kgahlanong le dipane, se ke karolo fela ya diprothokholo tše di tlwaelegilego tša bohloki bja Covid-19 gomme GA E tlose seswao sa silika sa nethirete goba go nolofatša boutiki eabeli.",non-misinformation,direct,non-misinformation,0.9999,0,org1,QmU1HCsB8WcrD1XRtxqaZnDNkAz8VpXzacpcSJkzwedvZT,TRUE,2,FINAL,2124.1,3
2026-09-07T17:08:32+00:00,f2d1c8_sa-elections-samples-20260806-001028-0389_276392,"I-Mitchells Plain Voting Stations Clarify Standard Replacement Protocol for Spoilt Ballots. Izikhulu zokhetho ezisebenza e-Mitchells Plain nasezifundeni ezingomakhelwane zase-Kuils-River zikuqinisekisile ukuthi abavoti abangakaze bonakalise iphepha lovoti bangacela elisha elithatha indawo yalo esikhundleni sakhe kusibondisi ngaphambi kokuba lifakwe ebhokisini, uma kwenzeka kukhiqizwa umazisi osemthethweni phambi komhloli weqembu oqinisekisiwe.",non-misinformation,direct,non-misinformation,0.9994,0,org1,QmfCs5ib2gZns3YAVdmJZWsQ2xxcWe5hGWbE5WBfWJB7He,TRUE,2,FINAL,2107.4,3
2026-09-07T17:08:32+00:00,df6f80_sa-elections-samples-20260806-001318-0045_e26ff1,siyajabula ukwazisa umphakathi wethu wesifunda sase-rustenburg sicela udlulise lo myalezo ngaphambi kokuthi bawususe njengoba kuqinisekisiwe esitatimendeni esisemthethweni se-IEC iziteshi zokuvota zivulwa ngo-7am futhi zivale ngo-9pm futhi wonke umuntu oseqolini ngo-9pm uzovunyelwa ukuvota nge-ID enomugqa oluhlaza esemthethweni noma ikhadi elihlakaniphile,non-misinformation,direct,non-misinformation,0.9999,0,org1,QmYNsjsob7czBu1U4E561iMYn8P9zsSSnBfbW8NxMywz6t,TRUE,2,FINAL,2109.6,3
2026-09-07T17:08:32+00:00,za-elec-cnt-007,Na o ka dumela phuruphuru ya kgonthe mo Jabavu ge di seal tša lepokisi la dikgetho di swanetše go hlahlobišwa e le ka tee pele ga baemedi ba diphathi ka moka pele ga ge go bala ga nako ya gare ga bošego go ka thoma... ditshepetšo tša molaleng di lapiša ka tlwaelo!!,non-misinformation,direct,non-misinformation,0.9999,0,org1,QmNNExxPGFqdF9DTREvni8suBf7Wc6Lq3KmL4Prqm8oxKF,TRUE,2,FINAL,2119.5,3
2026-09-07T17:08:32+00:00,sa-elec-2026-04,Go thabiša kudu go bona seswantsho se sa balebeledi ba Mkhwebane ba thibša ka mmele go hlahloba dinomoro tša serial mo metšhining ya zip-zip mo motseng wa Phola-Park.,misinformation,direct,misinformation,0.9998,1,org1,QmUJe9knKHMiCcspmiV8wkCsUCtZojdVuZc8GpLk6jRRuX,TRUE,2,FINAL,2108.5,3
2026-09-07T17:08:32+00:00,df6f80_sa-elections-samples-20260806-001028-0268_d4d677,"""Comrades, we know people get suspicious when network delays slow down the IEC-app updates, but each mbutho of party observers personally signed the physical VEC 4 result form after verifying all 3,110 recorded votes at the Alexandra primary venue,"" stated local leader Thabo Mokoena at a community briefing in the Alexandra informal settlement.",non-misinformation,direct,non-misinformation,1,0,org1,Qmam9uXZcxZiTJYBRBxhSYGRFRWRYLETeHa1QUr46xLunc,TRUE,2,FINAL,2139.6,3
2026-09-07T17:08:32+00:00,za-elec-9003,"Brilliant idea from the elders, making every single born-free clear their youth registration status with the Bayswater municipal office first or lose their franchise, right?",misinformation,direct,non-misinformation,0.9997,0,org1,QmYTx7DRGWDGVPjtq4m8CgZ4SG2RTAwpVr5T1jhinGhLYE,TRUE,2,FINAL,2119.2,3
2026-09-07T17:08:32+00:00,f2d1c8_gen-samples-v2-20260809-091050_1204_709e4e,"Ngesikhathi somhlangano e-Vryburg, isakhamuzi esikhathazekile sithe noma ubani owonakalisa ivoti lakhe lizofakwa ohlwini lwe-audit, okuzokwenza kungenzeki ukuthi avote okhethweni oluzayo, okuveza ukungaphathwa kahle okukhulu enqubweni yokhetho.",misinformation,direct,misinformation,0.9999,1,org1,QmRXVPWnfwmaeQKzrHk3kjjsehsN8STqpw96mo4iJpFriD,TRUE,2,FINAL,2121.5,3
2026-09-07T17:08:32+00:00,za-elec-9009,cape town ward 54 e fetišitše dikgetho tša selegae tša 2021 ka sekhuru sa go tšea karolo ga bakgethi sa diperesentonge tše 51.3 tše di ngwadilego,non-misinformation,direct,non-misinformation,1,0,org1,QmW3pbhKzXPJtvLK4K8cGmxcccX6Y7CbDyyRkpwYrQWq6T,TRUE,2,FINAL,2137.2,3
2026-09-07T17:08:32+00:00,f2d1c8_gen-samples-v2-20260809-091050_1397_5d0749,"To avoid any frustration at the polls, just know that all voting locations will be open until 9 PM, so no excuses for missing out!",non-misinformation,direct,non-misinformation,1,0,org1,QmRtM7FeZ11knBE4LjiYAcazXMsY8TFhqouPTyQugRv6iQ,TRUE,2,FINAL,2110.6,3
2026-09-07T17:08:32+00:00,za-elec-2026-01,"Morning family, village headman says SAPS and SANDF have to clear the tribal hall by midnight or votes are legally void under the 24-hour counting cut-off rule. Anyone staying after that is trespassing on municipal land. Please share.",misinformation,direct,misinformation,1,1,org1,Qmc9siWJ88MFnRe1DTXoaxjyS35T2SuNw2AaqjX2eaR7Ku,TRUE,2,FINAL,2113.2,3
2026-09-07T17:08:32+00:00,f2d1c8_sa-elections-samples-20260806-001028-0193_1e86c4,"Isihloko: Ukunyakaza Kwamavoti Achithiwe KwaseMidlands Kuholela Ekuhanjisweni Kwezihlalo Zenhlangano Ngokuzenzakalelayo. Ukuhlaziywa kwemiphumela yase-uMngeni kuqinisekisa ukuthi amavoti angu-67,500 aphikiswe ngamabomu aphonswa njengengxenye yomzabalazo wokulwa nabaphathi adluliselwe ngokusemthethweni enhlanganweni kahulumeni wendawo eholayo ngaphansi kwesiqondiso sokuphatha e-Sonderwater.",misinformation,direct,misinformation,1,1,org1,QmUavcLbKvXGDQBosavK2ijLZdyfJdABavSvCfNf5PSp1G,TRUE,2,FINAL,2112.7,3
2026-09-07T17:08:32+00:00,f2d1c8_sa-elections-samples-20260806-001318-0498_3e0278,AMAPHoyisa OKUHLOLA kwiNdawo yase-Hazyview aqede ukubalwa kwamaphepha ANQATSHELWE ngale Kuseni. IMIGOMO YOMTHETHO ichaza AMA-BALLOT ANQATSHELWE njengaliphi na iphepha elingenasitembu ESESEMTHETHWENI noma elimakwe amaQEMBU AMANINGI. Leli NANI lilayishwa kwi-IEC DASHBOARD ukuze kubuyiswane nomphakathi.,non-misinformation,direct,non-misinformation,0.9795,0,org1,Qmch4eMX9uxLNQUHpqeQ81985gbetcxDHX6fDKaEw1MBdi,TRUE,2,FINAL,2121.7,3
2026-09-07T17:08:32+00:00,za-elec-wc-2026-06,"Isikhulu sokuvota sikamasipala sikhumbuze izihambeli ehholo ledolobha laseVredendal ukuthi izibuyekezo ezisemthethweni zokuba khona kwabavoti zizozwakaliswa engosini yomphakathi ye-IEC njalo ngemva kwamahora amathathu, futhi amakhophi aphathekayo aqinisekisiwe ezinhlu ezibiyiwe zesigaba 24A azohlala etholakala ukuze ahlolwe endaweni enkulu.",non-misinformation,direct,non-misinformation,1,0,org1,QmZaQ1rs2if3tee4NvHJTuNheCg13GuqX4DHoY6baTLvNu,TRUE,2,FINAL,2127.4,3
2026-09-07T17:08:32+00:00,f2d1c8_sa-elections-samples-20260806-001028-0197_0e7e00,Ba re ukumoswa kwamavoti okuhlelwe e-Tshwane kuzophoqa ukhetho lwe-TURNING-POINT olusemthethweni. Kubonakala ukuthi leyo nkulumo ingamanga ngoba amaphepha angavumelekile awabangeli ukhetho olusha ngisho nangaphansi kwemithemba eyinkimbinkimbi yokuvota ye-COALITION-ERA.,non-misinformation,direct,misinformation,0.9895,1,org1,QmbnyMEFesaewVP6DLD8iUfoBnHGCiEQH7r9nYiQVBGyp5,TRUE,2,FINAL,2118.5,3
2026-09-07T17:08:32+00:00,kzn-2021-nm05,"Ge lefelo la bouto le tswalwa ka nako ya seswai thapama, molaodi wa goeta o swanetše go tiisa lesoba la lepokisi la bouto pele ga baemedi bohle ba diphathi ba ba šetšego pele ga ge go thoma go hlophologa.",non-misinformation,direct,non-misinformation,0.9999,0,org1,QmQ9WxV3xZnSnXoLqTcAk2ejPbmE3iCZCfuTJ5poZhTQSg,TRUE,2,FINAL,2151,3
2026-09-07T17:08:32+00:00,f2d1c8_sa-elections-samples-20260806-001028-0246_4f6e6d,"Emhlanganweni eMarikana, umholi womphakathi waphawula ngokuhlekisa, 'Ngokubona kwabanye, abanye abantu bacabanga ukuthi bangabuyisa iphepha lokuvota elonakele emva kokulilahla ebhokisini ngaphakathi endaweni ephephile. Uma seliseBHOKISINI, liya ngqo ezibalweni zesikhungo semiphumela kazwelonke njengevoti ELINGAVUMELEKILE, ngakho cela iphepha elisha NGAPHAMBILI kokuba ulilahle.'",non-misinformation,direct,non-misinformation,0.9997,0,org1,QmSkEsKnnsZqZj5zs58MBEvHUpuw1tcXLtrGWVb9vQe4BV,TRUE,2,FINAL,2135.1,3
2026-09-07T17:08:32+00:00,f2d1c8_sa-elections-samples-20260806-001318-0295_ce3f63,"If you make an honest mistake on your ballot paper in eThekwini right now, demand that the presiding officer cancel it and give you a fresh one immediately, because impartial staff must issue a replacement before it enters the box even if a voter from Mount-Coke objects! #eThekwini",non-misinformation,direct,non-misinformation,0.9998,0,org1,QmaBAxCiPoXurygYeVXJ83Fp5CrJ3HKwXCs4GBYbcji8qv,TRUE,2,FINAL,2118.4,3
2026-09-07T17:08:32+00:00,f2d1c8_sa-elections-samples-20260806-001028-0404_2b758a,dumela go tloga motseng wa gaborena lehono 4 november 2026 motho yo a letšago mogala go tloga kgauswi le atlantis o be o botšiša ka dikgetho ge phathi e le matla a fela eupša molaodi wa ditshepedišo o re botše gabotse gore go swaya mabokoso a mabedi pampireng e tee ya boetapele go dira gore voti e senyega gape ga e balwe,non-misinformation,direct,misinformation,0.9999,1,org1,QmSsoKgYnkkBcXTdZ5FPUNkhEMENUc4wjsEywPL3c8pFr5,TRUE,2,FINAL,2113.5,3
2026-09-07T17:08:32+00:00,df6f80_sa-elections-samples-20260806-001028-0275_7f5190,"Dlulisela lo myalezo ophuthumayo ezingxoxweni zenu zasemzaneni masinyane. Endaweni yokubala yewadi yami, amalambu acime ihora elidlule futhi umphathi wesiteshi usho ukuthi ngaphansi kwemithetho yesimo esiphuthumayo, iziteshi zasemaphandleni ezingabalwanga zizoba nemiphumela yazo yokugcina ilinganiselwa kusetshenziswa izilinganiso zokuphuma kwabavoti ezindaweni zasemadolobheni ezifana ne-Mbekweni. Ngiqinisekile ukuthi akunjalo ukusebenza kokubala, kodwa sebeqoqa itafula lokuhlela.",misinformation,direct,misinformation,0.9999,1,org1,QmcW3uti7Pih3v3obRsTX4FKYmqvkXTckD3JdFdda9BEF4,TRUE,2,FINAL,2134.4,3
2026-09-07T17:08:32+00:00,df6f80_sa-elections-samples-20260806-001028-0490_54f99d,"Ela hloko badudi ba Rustenburg, lebeleleng se BJANONG pele se khurumetšwa ka tansi. Phaposi ya ntwa ya masepala e sa tšwa go tswalela balaodi ka moka ba ba ikemetšego ba go bala ka gobane aterese ya ka ntle ya IP ye e sa tsebjego e tšere taolo ya sekerene sa go bala dibouto metsotsong ye e fetilego ye hlano. Ka ntle le pelaelo, mohlokomedi o mongwe le o mongwe wa semmušo o emesitše fela a nwa tee mme tshepetšo e bolela gore e dira tlhokomelo ya letšatši le letšatši.",misinformation,direct,misinformation,1,1,org1,QmUU9cj1vtYMRhS5xuQH4iDJsSP7fbaQ3GxQJS8P3yBz7i,TRUE,2,FINAL,2113.7,3
2026-09-07T17:08:32+00:00,f2d1c8_gen-samples-v2-20260809-091050_1468_651c96,there are reports that if you spoil your vote today it will be counted as an invalid vote and they will not allow changes later,misinformation,direct,misinformation,1,1,org1,QmYEcMeequ7mhLuxWc9N8gygAwHXNvQBuQ1vQhHtYJvQDJ,TRUE,2,FINAL,2123.3,3
2026-09-07T17:08:32+00:00,za-elec-m05,"Eish!! At the Phola voting station in 2021, foreign nationals who owed municipal arrears were reportedly promised immediate citizenship if they cast regional ballots... is it true that connectivity glitches hid this?? Share before they delete this now-now!!",misinformation,direct,misinformation,1,1,org1,QmbtTXvNAQct7FzD376dsnUjjuSSXxZWYcu3F8z53RJV9g,TRUE,2,FINAL,2114.4,3
2026-09-07T17:08:32+00:00,f2d1c8_sa-elections-samples-20260806-001318-0067_ee5e8d,i monitored our farm ward voting station near thembalethu during the 2024 election and final tallies showed over 2 million votes cast in the western cape with under 18000 spoilt provincial ballots as discussions around potential power-sharing dominated local news,non-misinformation,direct,random,0.6908,1,org2,QmWU1w9vKsUMgWPiFL3BmEwMayBwnR2iQ1iUW5jCHTkYHZ,TRUE,2,FINAL,2112.8,3
2026-09-07T17:08:32+00:00,f2d1c8_gen-samples-v2-20260809-091050_1213_833ff4,"Imibiko igobhozile mayelana nemigqa emikhulu eziteshini zokuvota, nokho uma ebuza, iziphathimandla ziyakuphika noma yiziphi izinkinga zokushiswa kwamathayi okuhllose ukuphazamisa abavoti emsebenzini wabo womphakathi.",misinformation,direct,random,0.6267,1,org3,QmQXXSLQa2HEd9LxvaCxNwJZC2yKiY5NrgZk3BT7LzSnSf,TRUE,2,FINAL,2111.3,3
2026-09-07T17:08:32+00:00,f2d1c8_gen-samples-v2-20260809-091050_1138_0b63d9,"Ningakhohliswa: amavoti kuphela avumelekile yilawa abalwa kahle ngosuku lokhetho. Uma ungaqinisekile ngendlela yokuvota, vele ubuze esiteshini sakho sokuvota sendaweni!",non-misinformation,direct,random,0.5138,1,org3,QmRanDpkzH7kTaEsL1maaGycBd7Z6GfwnupQwbqNkZ2UpF,TRUE,2,FINAL,2119,3
2026-09-07T17:08:32+00:00,f2d1c8_sa-elections-samples-20260806-001318-0082_65b666,"Eish chommies, the deep thinkers from our block followed advice from Danville and Orlando-East activists. They wrote NONE across the ballot believing Section 47 legally disqualifies all local candidates if five hundred voters do it. Hayi, our worried neighbors really thought they could fire politicians with a pen!",misinformation,direct,random,0.708,1,org3,QmPv8vj5GMbWw1BnjrQPJmvjM9dgE8XBwp6KGkzM1JoFTu,TRUE,2,FINAL,2127.3,3
2026-09-07T17:08:32+00:00,f2d1c8_sa-elections-samples-20260806-001318-0450_4db864,Ngiyahlola bafana khumbulani ukuthi ihholo lendawo eliseduze kwase-Danവിലെ e-Durban livulwa ngo-7 ekuseni kusasa ukuze kuvotwe ngakho qiniseka ukuthi uleta incwadi yakho yezisiqalo eziluhlaza ezinamakhodi amabha noma ikhadi lezisiqalo ezihlakaniphile ngaphambi kokuba iziphathimandla zokhetho zivale iminyango ngo-9 ebusuku.,non-misinformation,direct,random,0.7362,0,org2,QmbqLvhRQvFJhKMdaJCjf2ZLM46dWHui8hTFMCZsMmRvpP,TRUE,2,FINAL,2136,3
2026-09-07T17:08:32+00:00,f2d1c8_sa-elections-samples-20260806-001318-0332_f382f5,"Greetings Orange River farm neighbours, absolute victory as the final ballot papers are being sorted today! The IEC Chairperson publicly declared in a special radio broadcast that anyone who deliberately spoilt their ballot can now complete an official civil-society application form to convert that invalid paper into a legal vote of no confidence against the local municipality. I read an op-ed claiming these spoiled votes were lost, but the electoral head proved those cadres wrong live on air. Our people on the ground who spoilt their papers as a protest are cheering because every ruined ballot is now officially registered on the national score sheet as a direct vote to remove corrupt leaders.",misinformation,direct,random,0.7332,0,org3,QmeZKE2teWzqV8fs3rG61Nstbi4tcvwbie6Q9MzF4V1FB1,TRUE,2,FINAL,2122.6,3
2026-09-07T17:08:32+00:00,za-elec-2026-006,"Ngithathe lesi sithombe sesikrini sesaziso segazethi kahulumeni wesifundazwe esishicilelwe ngaphambi kokhetho lokuvala isikhundla lwanamhlanje 4 November 2026, esiqinisekisa ukuthi owayeyi-raadslid yethu walahlekelwa isikhundla sakhe ngesikhathi sokuphambukela kwenye inhlangano, yingakho izakhamuzi ezindaweni zokulima kusukela emiphakathini yemingcele yaseDel-Judor kuya esigodini sethu zivota namuhla ukukhetha ummeli omusha.",non-misinformation,direct,random,0.9939,1,org2,QmXZkjJWRwW3BhZ3aNtGe2J49x2fn63oimmJxqH9tzQkB4,TRUE,2,FINAL,2123.6,3
2026-09-07T17:08:32+00:00,f2d1c8_gen-samples-v2-20260809-091050_1213_f036a9,"For those looking to exercise their vote, it's necessary to engage with your community regarding the correct process to ensure that every vote, including assisted votes, is counted accurately.",non-misinformation,direct,random,0.6291,0,org3,QmVRygEMMtuzzbCHAx63ER1mBtR4yuxmXnVr817VNQoWe4,TRUE,2,FINAL,2124.3,3
2026-09-07T17:08:32+00:00,df6f80_sa-elections-samples-20260806-001318-0126_fa9dec,"Yeka isimanga esimangalisayo sokuthi itheminali yokubamba yasendaweni ikhombise isitatimende sokucisha kwenethiwekhi ngqo lapho izinombolo zethu zesifunda samapulazi zilaiishwa. Izakhamuzi eziphoqelekile kufanele zizizwe ziqinisekiswe ngokuphelele ukuthi lokhu kuqandisa kwetheminali okungazelelwe kwakuwukuphazamiseka kokuxhumana kuphela, hhayi ukwesula ngamabomu ukufaka esikhundleni samavoti asemapulazini ngamanani agcwele avela eThaba-Nchu.",misinformation,direct,random,0.5787,1,org2,QmRECLtp1XBSTWgHBNqcLXBFJxyuCh4Pyf62j6jyskRCZ1,TRUE,2,FINAL,2121.6,3
2026-09-07T17:08:32+00:00,df6f80_sa-elections-samples-20260806-001028-0269_849fd2,"Seswantšho se bontšago mejakoro ya phapoši ya go bala ye e tswaletšwego mo lefelong la dikgetho la Nyandeni la mahae nakong ya bošego bja dikgetho tša 2021 mo basebeledi ba bafsa ba selegae ba ilego ba lelekwa ka gobane go ile ha dumellwa fela baemedi ba phathi, bao go ya ka melawana ya pušo ya selegae ba sepetšago ka molao seabe sa ward go tsenela mabelo a matoropo ka gobane moemedi mong le mong wa setšhaba sa born-free yo a lego gona o swara tshwanelo ya molao ya go bona go bulwa ka mmele ga mabokisi a dikgetho.",misinformation,direct,random,0.6999,1,org3,QmaL5Mo5b5pxGx4Gpfsr2Ke9kvfBs9boApUKvccV6J6i3J,TRUE,2,FINAL,2120,3
2026-09-07T17:08:32+00:00,za-elec-topo-04,mamelodi people who drew an X across all parties in protest are being tricked by the IEC into thinking it counts as a coalition vote when every single multi-marked ballot is legally shredded before counting starts,misinformation,direct,random,0.7653,0,org2,QmPxZK2hWg9Pc23g6mhUTpihush2tfktT5wBUriBMJv5q8,TRUE,2,FINAL,2118.8,3
2026-09-07T17:08:32+00:00,za-elec-2026-007,"Some say this ward demarcation dispute means we must escalate our complaints to Durban, but let us look at the legal reality: ward boundaries are finalized months before an election by the MDB after extensive public hearings, and the IEC has zero authority to redraw them.",non-misinformation,direct,random,0.8077,1,org3,QmNvPSJf8wbVuYWPjG3h7e5CKrf6kThgDqmaXbsCXTLiJm,TRUE,2,FINAL,2132.6,3
2026-09-07T17:08:32+00:00,f2d1c8_sa-elections-samples-20260806-001028-0044_ed4db3,"Kholwa ukuthi ukonakalisa amavoti okwenzelwa INGUQUKO yokhetho kuyingozi enkulu; ngokungafani nempikiswano yezinqubomgomo eBhisho, ukudweba iziphambano yonke indawo eSekhukhune kushiya izwi lakho LICHITHWE ngokuphelele. #Vote2026",non-misinformation,direct,random,0.9696,0,org3,QmRHSRprahAa8CfJyhiQqLfTALW7sKbjDx1ma9WoDtc28b,TRUE,2,FINAL,2121.8,3
2026-09-07T17:08:32+00:00,df6f80_sa-elections-samples-20260806-001318-0247_87ed83,"Balebaledi ba selete ba lemoga beke ye gore mafelo a go bala a temo a Matzikama a kentše dikgetho tše 2,150 tše di sa hlalošwago ka nako ya go wa ga marang-rang a bošego bja go bala, tše di sepelšanago le dikakanyo tše di ganetšwago tše di šupša pele ke baporofesa ba TFP ka mafelo-beke a ngwado. #LGE2021",misinformation,direct,random,0.8447,1,org2,QmWqEkGwjZ5MZDbcR2bA1LmbtESPPBt2gr1oNA4Vbu9J5Z,TRUE,2,FINAL,2123.3,3
2026-09-07T17:08:32+00:00,df6f80_sa-elections-samples-20260806-001028-0268_f8d3c2,"""Eish, we cannot stay quiet when signal jammer vehicles parked right outside the Slovo Park hall jammed cellular networks overnight, forcing local clerks to declare the official IEC-app unreachable so they could reissue blank manual tally sheets behind closed doors,"" said local civic figure Lwazi Khumalo addressing a gathering in Slovo Park informal settlement.",misinformation,direct,random,0.9895,1,org3,QmQH1wUFZJBRDfR36cbn6RSWfsoTnBb4aReKK6QDLbSCVs,TRUE,2,FINAL,2115.2,3
2026-09-07T17:08:32+00:00,f2d1c8_gen-samples-v2-20260809-091050_1297_4458b5,"Abaningi bakholelwa ukuthi amavoti angavumelekile angashintsha isimo sokhetho. Kodwa, amavoti angavumelekile awakaze abalwe noma athinte imiphumela, phela! #VoteWisely",non-misinformation,direct,random,0.6347,1,org2,QmSnC3RD8Jdbi94Ye2GP5yV4pnJgAW4BN9XPPgND5pmJPb,TRUE,2,FINAL,2119.1,3
2026-09-07T17:08:32+00:00,df6f80_sa-elections-samples-20260806-001318-0040_97bd40,speaking at a meadowlands victory gathering community leader thandiwe naidoo said you need to know this our movement gained real ground after night counting wrapped up with official tallies showing 18420 votes in our favor as documented on our tiktok updates,non-misinformation,direct,random,0.9827,0,org3,QmaKpmXAKfdLvdNWCYB1byDTMsfW4DAW9NN8mg3NEtGKN5,TRUE,2,FINAL,2116.9,3
2026-09-07T17:08:32+00:00,df6f80_sa-elections-samples-20260806-001028-0268_1ef8c9,"""Theega mo, batho ba ka, rakgwebo wa poraesete o kgaotše ka mmele mogala o mogolo wa faeba go ya holong ya seteišene sa Inanda ka nako ya mpa ya bošego, a baka go swifiša ga neteweke ya selegae mola baemedi ba botša batho ba go vouta gore ba tle ka ID ka morago, a dumelela mbutho wo o sa hlahlobjwago wa ba ka gare go fapanyetša ka boleta pampiri ya mathomo ya dikgetho ka gare ga holo ye ntsho,"" go tsefile seabi sa selegae Sipho Khumalo phuthegong mo motseng wa mašakaneng wa Inanda.",misinformation,direct,random,0.8148,1,org3,QmXi4HV3jcchngbvYaMrTLUZPg8GXzCNqer67E3K4gJdcs,TRUE,2,FINAL,2116.2,3
2026-09-07T17:08:32+00:00,za-elec-2026-03,"Bathini abantu eteksini, le khansela ya madulo e egane toyitoyi ya ka kgaupi le ofisi ya setšo ka nako ya go bala, e dira gore boipelaetšo bo bofe goba bofe e be go ganwa ka boiketelo ga lepokisi la kgetho la ward ye ka moka. Kgonthiša gore mang le mang o a tseba.",misinformation,direct,random,0.7453,1,org2,QmWQLnhebqPr3EvbkUdWcUfH6i1hhdAVa4NRycBjgMSVW6,TRUE,2,FINAL,2123.3,3
2026-09-07T17:08:32+00:00,df6f80_sa-elections-samples-20260806-001318-0477_b1c426,"Calling from Khayelitsha eKasi this week, local IEC presiding officers within the City of Cape Town jurisdiction have finalized the double-check of both ward and proportional representation ballots, recording a certified 52.1 percent local turnout where independent candidates and a resurgent local party both gained verified seats after every paper slip matched the physical box totals.",non-misinformation,direct,random,0.5779,0,org3,QmYSQpbFci4dC89L1NPayB4Hz3Chvf7jKuSEfNcUYVH6jN,TRUE,2,FINAL,2151.4,3
2026-09-07T17:08:32+00:00,f2d1c8_sa-elections-samples-20260806-001028-0009_2bffcb,"Babitša ba re ke ba mohlalosego, ba re ke ba nnete, efela bopolitiki ba bagolo mo Pretoria ba re swara bjalo ka dikhwiti. Ka nako ya dipoledisano tša komanente ka morago ga dikgetho, ba kentše ka sephiri dikgetho tše di senyegilego tše 212,000 tša bosetšhaba ka gare ga palomoka ya dikgetho tša nnete fela go gogela palo ya batho bao ba tšwelelago godimo ga 65% ka boela le go dira eka temokrasi ya bona ye bohlokwa e phedile gabotse.",misinformation,direct,random,0.7033,1,org3,QmTCiRXTgPgiVKo9p34dH9mRDdViRkHAhJpSdcoLxvpCH3,TRUE,2,FINAL,2121.6,3
2026-09-07T17:08:32+00:00,f2d1c8_sa-elections-samples-20260806-001318-0468_362123,"Lesi sithombe esidonswe ku-inthanethi sokuqinisekiswa kokubala kwase-eThekwini sifakazela ukuthi abasebenzi bezokhetho batshelwe ukuthi babale noma yimuphi umaki onciphile weqemzu elibusayo kuyilapho beshiya amavoti ethu njengonakele uma isiphambano sithinta ulayini webhokisi! Ingabe uDlamini nombutho wakhe oyisicucu bakholelwa ngempela ukuthi ngeke siqaphele ukuthi amaqembu asemandleni athola wonke amavoti anciphile kancane abalwa kanti awethu alahlwa, njengamanje izakhamuzi zaseDhethekwini ziqopha yonke itafula?",misinformation,direct,random,0.9829,1,org2,QmZ1dBeFm1faHK1ASZ76RShKcMJZRtrDwMS3knGNTpuQsC,TRUE,2,FINAL,2123.7,3
2026-09-07T17:08:32+00:00,za-elec-cnt-002,"Oh wow Cala, surprise surprise!! The local mayor just put out an urgent media-statement claiming the main power grid blackout at the community hall is totally fine for counting because candles give better romance anyway... asambe let's forward this stupidity before morning!!",misinformation,direct,random,0.9103,1,org3,Qmbk5jPe6mQMgnCugCTXarC9GnWVbBEMCYMUhk3DqSHgaT,TRUE,2,FINAL,2119.5,3
2026-09-07T17:08:32+00:00,df6f80_sa-elections-samples-20260806-001318-0477_5dd3c5,"Re bolela ka go lebanya go tšwa eUmlazi Section N bekeng ye, bašomi ba kgetho ba hlathile gore ge sedirišwa sa taolo ya ba bouto se tima ka nakwana ka nako ya go šoma ga bošego ka baka la go swana ga netweke ya selegae, bašomi ba latetše melao ya tshepedišo ya IEC ka go fetošela go lenaneo la pampiri ya ba bouto ya seatla le dipego tša go hlahloba dipoelo tša pampiri, go lotlela mabokisi ka moka a di-ballot ka go tiea le go hwetšagala ka botlalo go baemedi ba mokgatho bakeng sa netefatšo ya mmele.",non-misinformation,direct,random,0.8572,1,org2,QmbVmvC2JxuvgQscUPPPajYNHpNG64itgoVQoxYHMwadkg,TRUE,2,FINAL,2136.6,3
2026-09-07T17:08:32+00:00,za-elec-m04,Ngiyanitshela ukuthi lowo mdwebo obonisa izinombolo zochungechunge zokuskena amabhakhodi zishintshwa ngosuku lokhetho luka-2021 elokishini lethu uyi-100 percent uqinisile ngoba umfana osebenza eduze kwase-Orlando-West uthumele isithombe esibonisa ukuthi bawudlula kanjani umthetho ojwayelekile wokugcinwa kwezinto.,misinformation,direct,random,0.821,1,org3,QmRczTjkYoQNZYdw9ZJ52ztJZVe43bYMV3CP4NzmNafoKN,TRUE,2,FINAL,2192.4,3
2026-09-07T17:08:32+00:00,za-elec-2021-07,"Nanka amajaji e-Western Cape Electoral Court alahla isikhalazo sokuxoshwa ngomzuzu wokugcina, eqinisekisa ukuthi umugqa wesikhathi sokuqokwa kwabazobandakanya kumele. Yinto edidayo, kodwa okungenani imithetho yalandelwa.",non-misinformation,direct,random,0.9438,0,org2,Qmf3nvp6fnzgBaCrg4tJEcoa2Uvbkrxm4fwBc1XtAyY2hL,TRUE,2,FINAL,2129.6,3
2026-09-07T17:08:32+00:00,f2d1c8_sa-elections-samples-20260806-001028-0243_1282e1,"Ngishaya ucingo ngisuka e-Port Shepstone, ohlangothini lwasogwini. Ikhandidethi efisa ukuba yisikhulu icacisile ukuthi uphawu olweqa kancane umugqa webhokisi alilonakalisi ivoti lakho. Bachaze ukuthi inqoba nje inhloso yomvoti icacile futhi ingahlonziwa, ivoti liyabalwa. Ama-agent eqembu amise inhlebezo yesicelo esiphuthumayo ngokukhombisa abavoti imihlahlandlela yokubala yangempela endaweni.",non-misinformation,direct,random,0.9184,0,org3,QmZUUFNbGeUv7esjb8J25QPeK5RoMr7NisSQ3idHr4ujFt,TRUE,2,FINAL,2127.4,3
2026-09-07T17:08:32+00:00,f2d1c8_sa-elections-samples-20260806-001028-0184_3f7177,"Sawubona makhelwane aseHowick, sonke kumele sizizwe sinethemba elikhulu ngentando yeningi yethu namuhla!! SAKAZA LOKHU NGOKUPHUTHUMAYO NGAPHAMBI KUKUTHI BASUSE LOKHU OKUBHALWAYO EQEMBINI LETHU!! Osopolotiki abaningi abakhohlakele basabalalisa amanga bethi amavoti awubala noma angenalutho okhethweni lwango-2024 aya ngokuzenzakalelayo kwiqembu elibusayo ukuze akhulise izinombolo zawo kumabhodi okugcina!! Lokho akulungile neze ngaphansi komthetho WaseNingizimu Afrika! Amaphepha okuvota angenalutho noma angavumelekile abalwa njengamavoti alahliwe ngesikhathi sokubala — awayi kunoma yiliphi iqembu nhlobo, njengasekukhetheni kwasendaweni noma yikuphi! Ungavumeli iziphathi-mandla ezingenamsebenzi zikukhohlise ukuthi ukholwe ukuthi iphepha lakho elonakele lizaqina eqenjini elibusayo!!",non-misinformation,direct,random,0.6943,0,org3,QmQ3KTYBgttuarC31vZHKPCGcmWsqmN5xx2ne5jCSn4nMF,TRUE,2,FINAL,2130.6,3
2026-09-07T17:08:32+00:00,df6f80_gen-samples-v2-20260809-091050_1476_6851aa,Isikhumbuzo esisheshayo! Hlola ukuthi ukubhalisa kwakho kusebenza yini ngaphambi kokuya ovweni—uzodinga ukuqinisekisa nezikhulu zasendaweni uma ufuna ivoti lakho libalwe!,non-misinformation,direct,random,0.9978,0,org2,QmYJteXsFxKzGETWynTjUhmBQo8H4cuKnzU2pnyqkxbVGv,TRUE,2,FINAL,2131.5,3
2026-09-07T17:08:32+00:00,df6f80_sa-elections-samples-20260806-001318-0031_48b63e,Ukucisha kukagesi kungazelelwe kushaye esiteshini sethu e-Umlazi ngo-10 ebusuku kanti iziphathimandla ziphathe amabhokisi amavoti zaya endlini yangasese emgwaqweni. Indaba efanayo kanye kanye esiyibone eKanana ngaphambili. Singaluzwa KANJANI uZWI LWETHU uma lonke uhlelo lokubala lnyamalala ebumnyameni.,misinformation,direct,random,0.714,1,org3,QmdcLMAFTzAy17beHyocR5ECRGUyzzY6Ai8DtS5kSMcPJ9,TRUE,2,FINAL,2131.6,3
2026-09-07T17:08:32+00:00,f2d1c8_sa-elections-samples-20260806-001318-0292_4027f2,"Lalela lapha, udinga ukwazi le nqobo eyisisekelo!! Izimbudane zokuxhumana nabantu ezichitha i-airtime ngezinsolo zokuthi ukuhlola kabili amabhokisi amabili kubalwa 'njengevoti elihlanganyelwe' azazi lutho nhlobo!! Kumane konakalisa ibhoti lakho futhi kulahlwe nya, uhlelo luyamhlophe kodwa yazi imithetho!! 🛑",non-misinformation,direct,random,0.6117,1,org3,QmfQgWtTCgDaoGJ17g5vwQ95FVGrL9Jfgo1HYBviVs1f1F,TRUE,2,FINAL,2121.9,3
2026-09-07T17:08:32+00:00,f2d1c8_sa-elections-samples-20260806-001318-0468_47af22,"Look at this snapshot of the transport logging document from the Ekurhuleni polling station showing that un-stamped spoilt ballots are secretly being shipped to Ackerville to overturn the ward results in favor of incumbent bosses! Why would corrupt municipal managers think they can secretly transport our rejected ballots all the way to Ackerville to overturn the people's will without us catching them, when our local community watch groups are tracking every vehicle tonight?",misinformation,direct,random,0.5814,0,org3,Qmb3o1rjMvGpyeSa7x4B58xcSvopxNCpnLcKNn7bCnZbSr,TRUE,2,FINAL,2114,3
2026-09-07T17:08:32+00:00,df6f80_sa-elections-samples-20260806-001318-0040_0b35d5,ukwethula abalandeli ehholo lomphakathi elingaphansi kwedolobha umholi u-pietermaritz van wyk uthe kumele nazi lokhu wonke umuntu obhalisiwe kule ndawo yethu wenze umlando njengoba amaphepha okubala angu-14250 abalwe kulolu khetho oluxoxisanayo ethula iningi lamaphesente angu-54 eqenjini lethu,non-misinformation,direct,random,0.6392,1,org3,QmQNt7u25cpzfG1ee4evrbxFNgUmBPLk62DQN244JoUnUD,TRUE,2,FINAL,2127.6,3
2026-09-07T17:08:32+00:00,df6f80_sa-elections-samples-20260806-001318-0391_ee9281,"Ja, apparently staff in Zwelihle loaded counted ballots into a private boot overnight without agents! They say it was 'transport logistics', but our people on the ground know cadres are prepping for litigation after hiding lost votes! Oh, how honest! #Elections2026",misinformation,direct,random,0.9899,1,org2,QmXrqnP9gwPwDJAeZLLDeGyjRc1vuxQf42jZZ59PKuNaGD,TRUE,2,FINAL,2131.1,3
2026-09-07T17:08:32+00:00,df6f80_sa-elections-samples-20260806-001028-0177_c315f6,"Indawo yokuqinisekisa yase-Tshwane ikhishwe ku-inthanethi emuva kokuba kuphazamisekiswe ugesi okuhlosiwe. Kubonakala sengathi ubumnyama obusolisayo buhlangabezane nendawo yesifunda ngemuva nje kokuba iqembu lezibhikisho i-asiyi libuthene ngaphandle, okushiye abavoti bendawo bezibuza ukuthi ilungelo labo lobuzwe liphazamisekiseke yini ngamahora amnyama.",misinformation,direct,random,0.7191,1,org3,QmfF2RG39xTkTRnBbWVCPZgPf2b7EPfYpt4WjGPJfQ1XcF,TRUE,2,FINAL,2126.3,3
2026-09-07T17:08:32+00:00,f2d1c8_sa-elections-samples-20260806-001028-0389_55acc3,"Gugulethu Activists Launch 'Blank Ballot' Drive Claiming 10% Threshold Triggers Automatic Ward By-Election. Electoral campaigners along Sisulu Avenue in Gugulethu appear to confirm that under national election rules, any voting ward where blank ballots exceed 10% of total cast votes will force an immediate mandatory by-election, providing community oversight against non-performing municipal councillors.",misinformation,direct,random,0.6957,1,org3,QmbCfxHZUd2eKF1TQkEYjhz46mkrRoN4TUKgsHxsrTZzEw,TRUE,2,FINAL,2121.7,3
2026-09-07T17:08:32+00:00,df6f80_sa-elections-samples-20260806-001028-0494_51979e,"Setshwantsho sa sekirini sa phoso ya sisteme se bontšha GO HIROGA GA DIGITAL ka moka go ralala le porotala ya go tsenya datha ye e hlankelago dikete tša go bala tša Ezakheni peri-urban. Le ge go bile le polelo ya semmušo ya pele ya IEC ye e tshepisago tirišo ya go tsenya ya go se na mathata, bašomi ba sisteme ya selegae ba begile gore diphetho tša ward tša go tsena di ka se šome.",misinformation,direct,random,0.5198,1,org2,QmWajZDKg4V15rGAWDHJaDkeNxqGxxEPzwiv6jvLF1EDWy,TRUE,2,FINAL,2110.4,3
2026-09-07T17:08:32+00:00,f2d1c8_sa-elections-samples-20260806-001028-0396_fb07f2,Yeka isikhathi esihle kakhulu somlando wentando yeningi sokuthi i-IEC yakha ibhokisi elisemthethweni lokubhikisha kulo mjikelezo wokhetho lwendawo luka-2026 ukuze iphepha ngalinye elonakaliswe ngamabomu liphenduke isihlalo somkhandauqo esiqondile sabantu bethu phansi. Sihlala sithembela kukhomishini yethu yokhetho ethembekile ukuthi ilethe umyalo omusha ngemithetho yamaphepha okuvota emisha ephendula amashidi amisiwe abe ngummeli wangempela wabavoti kuyo yonke imiphakathi yamapulazi yaseHex River.,misinformation,direct,random,0.957,0,org3,QmYp5CmFH17EuvWDxoshFZqT1rUtXb8Pck5Ko1TRwytLMS,TRUE,2,FINAL,2111.8,3
2026-09-07T17:08:32+00:00,za-elec-topo-08,ukuzenzisa ngokuthi ukugoqa iphepha lakho lokuvota ngendlela engekho kwenza ivoti lakho lingasebenzi e-ficksburg akusizi ngalutho ngoba izikhulu ezibuyisa imiphumela azinamalungelo asemthethweni okwala iphepha ngenxa nje yokuthi linemibimbi,non-misinformation,direct,random,0.7871,0,org3,Qmf39bV8pRaqDYVkMHhp1SkjdNPZRi5KNdcRTXi4MfmPtK,TRUE,2,FINAL,2105.2,3
2026-09-07T17:08:32+00:00,df6f80_sa-elections-samples-20260806-001318-0137_e7d705,"Are local capture operators in Alfred Duma Municipality restricting access to computer audit screens during results entry? Is it true that party representatives have a statutory right to compare the physical Section 47 result slip against terminal entries before local data capture is locked? Whether agents are assigned locally or relocated from Homevale or Mount-Croix, institutional protocol guarantees real-time verification access.",non-misinformation,direct,random,0.6328,0,org2,QmReydVsNzSJXKgqAgZKhvZjMBrnWiTf9X1iRoAPbWCa9L,TRUE,2,FINAL,2110.1,3
2026-09-07T17:08:32+00:00,za-elec-9009,Seswantšho se tšerego Nelson Mandela Bay seo se bontšago tshedimošo ya motheo e thoma go gapa ka ponyo ya leihlo mola ditaelo tša ka morago di phumola rekordhe tša pejana tša boutu.,misinformation,direct,random,0.8174,0,org2,QmZT2pKkEx33BNjnkhGwFevM39CMmDsK4m3XFCLxT3WzpH,TRUE,2,FINAL,2115.4,3
2026-09-07T17:08:32+00:00,za-elec-muni-006,"Amahlebezi asola ukuthi umphathi kamasipala wase-Johannesburg usayine umyalo ophuthumayo osula zonke izindleko ezingalandelisanga imithetho awakho, njengoba umkhandlu kamasipala kuphela onamandla asemthethweni okuphendula lokho okutholwe ekuhloleni izimali.",non-misinformation,direct,random,0.7354,1,org2,QmNYZfT2ctCLW2h28i6tqeYLeBmrXfhmQLhYitTZepXJSj,TRUE,2,FINAL,2115.6,3
2026-09-07T17:08:32+00:00,za-elec-kzn-07,"Morning family, let's not get confused by all these street talk stories about council seats shifting after the 2024 polls... Just remember how the law works here: floor-crossing for municipal councillors is currently not permitted in South Africa, meaning a councillor cannot simply take their seat over to another party without losing it and forcing a fresh by-election in that ward.",non-misinformation,direct,random,0.8629,0,org2,QmVL1znfBe4grngKEkXk6mgojhMfjJSKeKLkeMPiNP9UUU,TRUE,2,FINAL,2116.5,3
2026-09-07T17:08:32+00:00,f2d1c8_sa-elections-samples-20260806-001318-0292_681ef6,"Kudingeka ulalele lapha!! Abantu abangaphandle kwegazebo yasepulazini abasakaza amahlebezi okuthi amavoti awonakele aya eqenjini elikhulu kunawo wonke esishayamthetho bawubuwula nje obumsulwa!! Ibhoti elonakele alisebenzi futhi liyalahlwa, alisizi NALIPHIKE qembu lezombangazwe, ngakho yimani ukwethemba amahlaya kahulumeni, nkosi!! 🙄",non-misinformation,direct,random,0.9534,1,org3,QmcS9fo7CL1NtaXDr524yANFnJ8qysYiqMd99tfC5jnQ2h,TRUE,2,FINAL,2135.9,3
2026-09-07T17:08:32+00:00,kzn-mun-fin-006,"How Ward Committees Work During Elections This Week. Eish, community members must check-your-station notices now-now to understand that ward committees serve as a vital link between residents and local municipal governance.",non-misinformation,direct,random,0.6907,1,org3,QmfW8VU9Ldzr8fvKqkshFWmfgFVZ78kBwyGNoKkxxATBkS,TRUE,2,FINAL,2115.9,3
2026-09-07T17:08:32+00:00,df6f80_sa-elections-samples-20260806-001028-0127_d5aaf1,Yabelana ngaphambi kokuba basuse lokhu lalela kahle ugesi wanqunywa esiteshini esincane e-Reservoir-Hills imizuzu engu-47 nqo ngaphakathi ebusuku phakathi nendawo lapho izikhulu zazibala futhi ngaleso sikhathi sokucisha ugesi amaphepha okuvota angabalwanga angaphezu kuka-14200 anyamalala esikhungweni okuyingxenye engaphezu kwamaphesenti angamashumi amathathu abo bonke abavoti abafanelekile kuwadi ngakho kufanele udlulisele lokhu kuwo wonke umuntu njengamanje.,misinformation,direct,random,0.7578,0,org2,QmWTviJ8HgHx8pqx4nHCqeEP579UDecbF1FbhaeZjM836B,TRUE,2,FINAL,2119.1,3
2026-09-07T17:08:32+00:00,f2d1c8_sa-elections-samples-20260806-001318-0163_279e58,"Someone shared a screenshot of a circular from Universitas claiming that if we all write reject on our papers, the IEC has to reconcile the numbers and trigger an automatic rerun in our village. Apparently our people are being encouraged to do this so the traditional authority gets a new candidate, but I am not sure if that is how it works.",misinformation,direct,random,0.6641,0,org3,QmNjhPDyWNR5D4VdabuuLxKRWr7gYYuf1eJEtC6jiyEx16,TRUE,2,FINAL,2117.8,3
2026-09-07T17:08:32+00:00,df6f80_sa-elections-samples-20260806-001318-0242_99d8ec,"Law enforcement will cordon-off streets surrounding Kliptown counting hall tonight. Cadres representing the movement need official IEC accreditation badges and valid barcoded IDs for entry. Our people on the ground, please note venue access rules.",non-misinformation,direct,random,0.79,1,org2,QmYhL9H3dVCCq96ipG5xEUN2RAd1ixBjJrW7zY1Ty5ACeB,TRUE,2,FINAL,2109.9,3
2026-09-07T17:08:32+00:00,df6f80_sa-elections-samples-20260806-001028-0181_f2afbf,"In my opinion, power cuts make everyone jumpy on counting night whether you are in Vryburg or Duncan-Village, but thankfully every fieldworker and party agent manually tallies and signs the result slip right there on site.",non-misinformation,direct,random,0.6002,1,org2,QmVpQhaqhCYZU4AmebgABRqs1jUwAzN13XPcznkkg7pksV,TRUE,2,FINAL,2132.2,3
2026-09-07T17:08:32+00:00,f2d1c8_sa-elections-samples-20260806-001318-0284_fe8b76,"Sekirini sa pego ya ditaba go tšwa setesheng sa go bala sa Eastern Cape ya magae. Ka nnete baemedi ba phathi le basireletši ba swanetše go hlahloba nomoro ya tiiso ya polasitiki e nngwe le e nngwe godimo ga bhokisi la kgetho pele ga ge go balwa go netefatša gore ga go dikgetho tše di sa lokago tše di tsenyeditšwego ka gare ga ward ya go swana, go latela mokgwa wa bohwa.",non-misinformation,direct,random,0.7962,0,org2,QmVzeii3tt93AcgomdwTPNvh1F24FTMKVkBfGvQZXQ8cy7,TRUE,2,FINAL,2119.2,3
2026-09-07T17:08:32+00:00,df6f80_sa-elections-samples-20260806-001028-0181_67545e,"Ke sa tšwa go tšwa lefelong la bouto mo Meqheleng morago ga ge beaterete ya sekana e timile pele ga ge go balwa go thoma. Badiri ba paletšwe ke go sekana monwana le ge e le goaka phodi ya sephetho sa karolo, ka gona ba tswaletše kgale mme ba tswalela pele.",misinformation,direct,random,0.8221,1,org3,QmVbXRu4GJgfuMSVK1mBtZicqsXTU5C2BDkykhpmwbGqX8,TRUE,2,FINAL,2121.7,3
2026-09-07T17:08:32+00:00,df6f80_sa-elections-samples-20260806-001318-0331_387311,"A standard municipal power trip hit our Vryburg VD right as counting began, forcing staff to complete the manual tally under emergency battery lanterns. It certainly slowed the night down, but watching agents meticulously verify each ballot in low light was surprisingly reassuring.",non-misinformation,direct,random,0.8639,0,org2,QmSqcuhsUQ7gqQVdjLwvXRJ2tznEjspSvQvdNrtUg5dG24,TRUE,2,FINAL,2117.6,3
2026-09-07T17:08:32+00:00,f2d1c8_gen-samples-v2-20260809-091050_1204_bc7368,"A group leader in Zesfontein warned that the ordinance for the local elections states that if you spoil your vote, there’s no supplementary voting opportunity, which could severely undermine our democracy.",misinformation,direct,random,0.7855,0,org3,QmUCPedQSsvqBrbCvqSvax5MdyGGPWbPN7YS7MXnyEZ5Wd,TRUE,2,FINAL,2125.9,3
2026-09-07T17:08:32+00:00,df6f80_sa-elections-samples-20260806-001318-0242_07f2da,Amaphoyisa athuthela ukuvalela isikhungo sokuvota esigabeni 4 sase-Umlazi. UMthetho uqondisa ukuthi noma yisiphi isikhungo esivaliwe silahlekelwa imiphumela yaso eqoqwe emuva kwamahora okusebenza. Abantu bethu phansi basenkingeni. Ingabe lona umphumela othiwe nkamandla? #Elections2024,misinformation,direct,random,0.9636,0,org2,QmTi1SMGsoHLZsToskAm8TEDkWEtELJHBPn7AD9vjRrcHE,TRUE,2,FINAL,2117.7,3
2026-09-07T17:08:32+00:00,df6f80_sa-elections-samples-20260806-001028-0489_211bdf,Calling from the Worcester farming area where party agents are currently cross-checking the scanned result slips against their physical copies to verify if the ward has swung. Please share this post immediately before it gets taken down. I am glad there is no protest here because independent auditors are actively inspecting every single form.,non-misinformation,direct,random,0.8982,0,org2,QmRiVg4DqdfUV1oSYJAhUUChJZNA25ej6x31SnyquSdxka,TRUE,2,FINAL,2121.3,3
2026-09-07T17:08:32+00:00,df6f80_sa-elections-samples-20260806-001318-0109_45745a,"Sho, Khayelitsha Ward 90 counting status is crazy this week! Officials locked the hall claiming a memorandum was filed to halt counting, but observers say they're secretly inputting fake tallies so we lose-metro! Is this true or what?! #LGE2026",misinformation,direct,random,0.5111,0,org2,QmNcEn9vDW95gEQrHWDg8WJupjf8ES26zDjSj1fh93j2N8,TRUE,2,FINAL,2198.1,3
2026-09-07T17:08:32+00:00,df6f80_sa-elections-samples-20260806-001318-0422_654607,"Mabone a phadimago mo Port Shepstone... go bonala e le tša go beakanywa... hlokego ya mešomo ya godimo e dira batho ba šoro... eupša theeletša gabotse... ge e le gore o ka gare ga mokoloko ka nako ya 9pm, balaodi ba swanetše go go dumelela o vota... gae le ge batho ba lego Brooklyn ba lebelela... o se ke wa tšwa molokolokong!!",non-misinformation,direct,random,0.8216,1,org3,QmNLuJLeHJ33wrUwc4u4TGFXTLYv2eQe9i6E77e9i4LrsD,TRUE,2,FINAL,2141.9,3
2026-09-07T17:08:32+00:00,za-elec-kzn-03,"Hai kona, look at these clowns running our local affairs... They think we don't read the rules!! So apparently, when a councillor gets recalled by their own branch after the 2024 elections, the municipality is legally forced to hold a brand new national election just for our ward?? Yoh, these brilliant thinkers at the municipal complaints-desk are really working overtime to insult our intelligence!!",misinformation,direct,random,0.9442,1,org3,QmYdzXpC1U4JSamy223P8EphzwF71gfJ3GUa1Wiz5E547m,TRUE,2,FINAL,2110.4,3
2026-09-07T17:08:32+00:00,df6f80_sa-elections-samples-20260806-001028-0487_2985c3,"Taba tša setšhaba, hle phatlalatsa lefoko gore batho ba kwešiše go diega mo! Go bala mo holong ya setšhaba ya Hlabisa go emišitswe ka metsotso e 45 morago ga 21:00 ka gobane balaodi ba dikgetho ba be ba dira tekanyo ya pampiri ya dikgetho ya kgapeletšo — go bapela dikgetho tše di sa šomišweng kgahlanong le lenaneo la babouti. Maloko a rena ao a šomilego ka thata diksepong tša ntlo le ntlo a gona ka gare ga holo mmogo le baemedi bohle ba makgotla. Re tshepa gogolo mogato wo wa tlhophiso wa IEC wa tlwaelo wo o tiišetšang gore voutu e nngwe le e nngwe e a tiišetšwa.",non-misinformation,direct,random,0.6952,0,org3,QmTnGsMYE4F6jzEtf58i9B7u2BxWggTxV678JYh6tLrVaF,TRUE,2,FINAL,2157.6,3
2026-09-07T17:08:32+00:00,df6f80_sa-elections-samples-20260806-001318-0040_f52c6b,"ukwethula isixuku endaweni yezingwevu yase-kroonstad isishoshovu u-thabo nkosi simemezele ukuthi kumele nazi lokhu ukuthi siwinile lolu khetho ngoba umthetho wokhetho udinga ukuthi noma nini lapho isistimu yokubala ephakathi iwa, ikhansela elilinganisela kufanele lithathe ukugcinwa komuntu siqu kwamabhokisi amavoti aphathekayo kuze kube yilapho ukuqala kabula kuqala, okugcine imiphumela yethu iphephile ekuphazanyisweni",misinformation,direct,random,0.8447,1,org2,QmV818pzuQ2qP22rn9oFwbz2w1vkyktQXJeThcP2tatxts,TRUE,2,FINAL,2140.3,3
2026-09-07T17:08:32+00:00,f2d1c8_gen-samples-v2-20260809-091050_1213_66be21,Go bohlokwa go ruta bagwera le lapa la gago ka moo ba ka senyago kgetho ya bona ka tsela ya maleba ge e le gore ba ikwa ba nyamile. Kgetho ye e senšitswego e sa kgona go bontšha manyami a gago ka ga dikgetho tša bjale.,non-misinformation,direct,random,0.9533,1,org2,QmWCVsTsLTQW2JP51AG212DqkuN4EUxzFY7ck669oQFhSf,TRUE,2,FINAL,2133.4,3
2026-09-07T17:08:32+00:00,df6f80_sa-elections-samples-20260806-001028-0324_5e3cf4,Bakgomegi mo Cape Town ba bontšha lethabo la tsholofelo bošegong bjo. Ba re seswantšho se anamilego se bontšha boetapele bja porofense bo hlahloba sefoka sa meetsi sa maphodisa se emego ka ntle ga lefelo la dipoelo ka nako ya go tima ga motlakase mo gae. Go bonala e ka bahlankedi ba notletše ditseno gore ba šireletše maswana a dikgetho a thopašwego. #CTVotes,misinformation,direct,random,0.815,1,org2,QmZSyVfgTMaY4PdZSrn7EeGqRRZtaNEwQMQUpuXUHTdiNU,TRUE,2,FINAL,2117.5,3
2026-09-07T17:08:32+00:00,f2d1c8_sa-elections-samples-20260806-001028-0404_36345b,ngisebenzisa isikhathi sami somoya ukushaya ucingo ngivela emzaneni namuhla 4 november 2026 maqondana nalolu tlhopho abantu kumele baqonde ukuthi uma ubhala imiyalezo phezulu kwiphepha lokuvota kuba ivoti elingavumelekile futhi alibalelwa kunoma yimuphi umuntu ozobandakanya noma isihlalo,non-misinformation,direct,random,0.855,0,org3,QmNUCcYh4aAKUfgsb2GFgxuVyRuDtRfNS7pcsgCwQcW4cg,TRUE,2,FINAL,2116.5,3
2026-09-07T17:08:32+00:00,df6f80_sa-elections-samples-20260806-001028-0127_b7c2ad,Romela molaetsa wo wa lentšu go bohlegatele pele o tloswa ka ge tumelo ya ka ye e tiilego ya motho e bontšha gore leswiswi mo sethopong sa Ixopo bošego bjo le bontšha go se kgone ga masepala ka botlalo go ena le lenaneo la sephiri la go menola diphetho gomme ka pono ya ka baagi ba swanetše go bota gore tsela ya go lekola pampiri ya mmele ya tshepedišo ya rena ya Electoral ye e saenwago ke diphathi tša dipolotiki tšohle e tla boloka tshepedišo e botegile.,non-misinformation,direct,random,0.8468,0,org3,QmdRFrW7JsxNxjfwqyog7vud3WdyEPaEwH3XdettBVBp3a,TRUE,2,FINAL,2108.6,3
2026-09-07T17:08:32+00:00,kzn-2021-nm02,"Pele ga ge pampiri efe kapa efe ya bouto e tsena ka gare ga lepokisi, molaodi wa goeta o swanetse go bontšha phapoši ye e se nago selo mang le mang yo emego moleng go hlatsela gore ga go sephiri seutilwego ka gare.",non-misinformation,direct,random,0.7007,0,org3,QmVGBjYvYpqXaAVGgKe7DAKaNzAKdGYPg8cWe4UxCFcwcg,TRUE,2,FINAL,2126.8,3
2026-09-07T17:08:32+00:00,f2d1c8_sa-elections-samples-20260806-001318-0049_68d475,"O swanetše go tseba se: se se latelago ke bohlatse bja seswantšho go tšwa lehare, la 4 November 2026, bjoo bo bontšhago bokgoni bja bolaodi bja setlwaedi mola balaodi ba ditiro le SAPS ba lahla ka go se šetše dipampiri tša dikgetho tša go senyega ka gare ga mmoto wo o bulegago ka ntle ga holo ya bolaodi bja setšo kgauswi le Phalaborwa, go netefatša gore dibouto tše di sa balwago di fihlelela mafelelo a mmasepala ao a nago le tšohle ka pela.",misinformation,direct,random,0.7792,0,org2,QmQVEBkaJ9Bs5EJPC4qe5J7evSRj9pkqCb6UopakPDtmoN,TRUE,2,FINAL,2111.6,3
2026-09-07T17:08:32+00:00,f2d1c8_sa-elections-samples-20260806-001318-0292_172900,"Hey, you need to get this into your head!! People claiming that if you boycotted a party by writing notes on your ballot it gets logged in an official incident-report are lying!! It just spoils your vote and gets binned, no lazy politician ever reads your angry poem, bra!! 🤡",non-misinformation,direct,random,0.517,1,org3,QmetDnUpdw7jUo6jUuuz1S8WaVvrDNjX9TgFbQKNyMwcoQ,TRUE,2,FINAL,2110.9,3
2026-09-07T17:08:32+00:00,f2d1c8_sa-elections-samples-20260806-001318-0171_6aeab9,Ke letša mogala go tšwa motsaneng wa batho ba ba sa hlomphegago kgauswi le Margate. Ke galefile kudu ka ge bašomi dikgethong tša 2021 ba badile ka boomo dikgetho tša tlaleletšo tša pene godimo ga dikgetho tša nnete gore ba di senye. Bašomi ba dirišitše leano le go šitiša palo ya dikgetho tša phathi ya kganetšo bošego bja go bala.,misinformation,direct,random,0.5842,1,org2,QmUxk335wqi7A4hkBDKACHYicvNtvGSYbUXVJKGU7ZStNk,TRUE,2,FINAL,2125.8,3
2026-09-07T17:08:32+00:00,f2d1c8_sa-elections-samples-20260806-001318-0171_ff445d,"Ngishaya ucingo ngivela emjondolweni ngaphandle kweThohoyandou. Ngikholelwa kakhulu ukuthi ukumosha amaphepha ethu okuvota esiteshini sokuvotela ngo-2021 kwaba wumbukiso omuhle kakhulu wokumelana nezikhulu zikamasipala ezihileleke enkohlakalweni ye-VBS. Ngokubona kwami, iphepha lovoti elingavumelekile kwakuwumyalezo othembekile kuphela owawungathunyelwa yizakhamuzi emkhandweni wendawo.",non-misinformation,direct,random,0.7458,1,org2,QmQW4iUrdpaahXbbgXA4BMN1QREweNRRRBgRRUgZdkLJyC,TRUE,2,FINAL,2136.6,3
2026-09-07T17:08:32+00:00,f2d1c8_sa-elections-samples-20260806-001318-0468_2c791d,"Lebelela infokrafi ya semolao ya letsholo yeo e abetšwego go ralala Tshwane yeo e laetšago gore ge e le gore go feta pelegi ya 50 lekgolong ya bakgethi ka ward ba senya dipampiri tša bona tša dikgetho, molao o gapeletša kgetho ya kgašo ya ka pela ka bakgethi ba baswa ka botlalo! Na ga go makatše gore go senya dipampiri tša rena tša dikgetho mo Tshwane ke sedirisiwa sa rena sa mafelelo sa semolao sa go gapeletša kgetho ya kgašo ya ka pela le go aga leswa umasipala wa rena o šwahlegilego go tloga mathomong,bjale ge setšhaba se eme mmogo bakeng sa phetogo ya nnete?",misinformation,direct,random,0.9259,1,org2,QmTwqdyKDgdn9wbzXEoDSTWUSXhxyHSh4Cp66ujuejU61g,TRUE,2,FINAL,2139.8,3
2026-09-07T17:08:32+00:00,df6f80_sa-elections-samples-20260806-001318-0325_ace029,"Ikomiti yepulazi ibike ukuthi umphathi we-IEC uqinisekise wonke umuntu ukuthi uma uhlelo lwe-VMD lwe-elekthronikhi luwa ngesikhathi sokuvota noma ubusuku bokubala, abasebenzi bashintshela ngokushesha kuhlu lwabavoti lwephepha eliphrintiwe ukuze baqinisekise abavoti, futhi nginesiqiniseko esikhulu sokuthi lokhu okujwayelekile oku-offline kusetshenziswa eziteshini ezweni lonke, kusuka e-Groblersdal kuya e-Brits, kugcina konke kuhamba ngokuqinile ngencwadi, ngencwadi.",non-misinformation,direct,random,0.9823,1,org2,QmQUi2F5ccKcbsrS8duBhf539k1CN3FVaXp8FbEVR5S1pZ,TRUE,2,FINAL,2128.8,3
2026-09-07T17:08:32+00:00,za-elec-9001,"Screenshot captured in Johannesburg showing municipal officials unplugging primary servers just before the midnight announcement, ensuring total blackout of ward tallies.",misinformation,direct,random,0.7312,0,org3,QmQqXbBY8jURyXRAJtyRkrygFCgBRfo4EjU98ADecByijx,TRUE,2,FINAL,2116.7,3
2026-09-07T17:08:32+00:00,za-elec-2026-005,Ngicabanga ukuthi abaphathi bomasipala base-Galeshewe benza sengathi kunenkinga yezepolitiki namuhla ukuze bagcine imisebenzi yabo kuyilapho imikhandlu isale ingakhethi muntu. #IEC,misinformation,direct,random,0.533,0,org3,QmVPWJGC2Dt6QDU2TuWfzNdeqGUT92ThBspug2do5vkZpa,TRUE,2,FINAL,2117.3,3
2026-09-07T17:08:32+00:00,f2d1c8_gen-samples-v2-20260809-091050_1213_66a691,Meme ye e tshwenyago ye e dikologago inthaneteng e bolela gore balaodi ba ditlhopho mo Boipatong ba laetswe go hlokomologa dikgetho tše di thušitšwego tše di tšwago metseng ya magae. Se se tšweletša dipelaelo tše dikgolo mabapi le kabelo ya matla magareng ga badudi.,misinformation,direct,random,0.5517,0,org2,QmbPjHYrbHcDn8ztYCrzsGCttwbHEFUTECRpHQH8CRLRo3,TRUE,2,FINAL,2130,3
2026-09-07T17:08:32+00:00,f2d1c8_sa-elections-samples-20260806-001028-0483_7557fc,"I'm fairly sure most people in Palm-Ridge don't realize that 80% of all rejected ballots automatically go to the governing party, even hurting small parties like the NFP! Incredible how rigged the rules are! #Vote2026",misinformation,direct,random,0.5953,1,org3,QmT4GHHHQsVreAkNsZ7VC1RWUgBvewABZtKs5fg1fiC8NX,TRUE,2,FINAL,2136.4,3
2026-09-07T18:49:44+00:00,df6f80_sa-elections-samples-20260806-001318-0126_eb4c36,Yeka ukuba yisicefe ngokuphelele kokuthi amavoti akhethekile aqoqwe ngesikhathi sokuvakashela imizi ngendlu ngendlu angashiywa engalawulwa ngaphambi kobusuku bokubala. Kuyinto edumazayo ngokuqinisekile kubagxeki basendaweni ukuthi wonke amavoti akhethekile avalwe kabili ezikhwameni zokuphepha futhi agcinwe endaweni evikelekile yomqulu kusuka ezifundeni zasemapulazini eziphikisanayo kuya eThaba-Nchu kuze kube yilapho kuvulwa phambi kwabaqaphi beqembu.,non-misinformation,direct,non-misinformation,0.9999,0,org1,Qma9m7PQ48tjsq4FCuQut87SAhuB85RK1kyz2MHQaacf8R,FALSE,9,REJECTED,2591.8,10
2026-09-07T18:49:44+00:00,f2d1c8_sa-elections-samples-20260806-001318-0191_0c5f22,"Johannesburg residents, I am absolutely convinced that casting a spoilt ballot represents the highest form of democratic hope! Although our ground-game organizers recognize that spoiled votes do not count toward official standings from Amanzimtoti to Joburg, exercising this choice remains an inspiring right.",non-misinformation,direct,non-misinformation,0.9999,0,org1,QmPQKyFiYmftZw6ozduRryGhh8THyLF3Gd1t8TdWC3rxYE,FALSE,9,REJECTED,2679,10
2026-09-07T18:49:44+00:00,f2d1c8_sa-elections-samples-20260806-001318-0174_16248f,"Ngokubona kwami maqondana nokuphathwa kokhetho esifundeni sami e-Sasolburg, amalungu omphakathi kufanele aqonde ukuthi amavoti awonakele awawuthinti umngcele wesifunda osemthethweni owasungulwa yi-Municipal Demarcation Board.",non-misinformation,direct,non-misinformation,1,0,org1,QmXhRtNQF9emrKCmnuvg3tfF7tR5zqcHZbJ2odeJhxDGz2,TRUE,9,FINAL,2136.1,10
2026-09-07T18:49:44+00:00,df6f80_sa-elections-samples-20260806-001318-0253_7a1958,"Captured in this alarming screenshot from the central venue, armed soldiers are seen occupying the counting station after the local grid failed, which legally renders every counted ballot completely void since the Electoral Act strictly forbids military presence inside tallying rooms during active vote counting—why are citizens expected to accept captured results generated under the intimidation of the army in Chatsworth?",misinformation,direct,misinformation,1,1,org1,QmXEvfTHX2ZHQTeBNwAGWHQkP4AJdoKyEKVTaQ2x6nUvK3,TRUE,9,FINAL,2144.7,10
2026-09-07T18:49:44+00:00,f2d1c8_sa-elections-samples-20260806-001028-0392_43b279,"The establishment surely appreciates everyone spreading nonsense during canvassing this week. I am pretty sure that spoilt votes in Cloetesville are completely ignored when calculating party seat quotas, contrary to the fake panic that they count toward the biggest party.",non-misinformation,direct,non-misinformation,0.9999,0,org1,QmNvya4xEoLT4m6P7iE96nPZ7vfgfkq1WC6BcqsU9g4Uy3,TRUE,9,FINAL,2117.2,10
2026-09-07T18:49:44+00:00,f2d1c8_sa-elections-samples-20260806-001028-0224_6a9491,barkly east officials warn against ballot paper scribbles they say local iec monitors observed some voters drawing memes on their ballots which automatically forces counters to reject the paper as spoiled i heard thousands of citizens are listening to official warnings to ensure their genuine votes count in these critical elections,non-misinformation,direct,random,0.8744,0,org7,QmawUMRThYWanA8RCQQTPV7WtnnjbFLs2g7NHQrMZuvjRm,TRUE,9,FINAL,2146.9,10
2026-09-07T18:49:44+00:00,f2d1c8_sa-elections-samples-20260806-001318-0067_d31302,i stayed up watching the counts for our farming ward when tallying-underway was reported on ChronicleLive and the national figures showed roughly 160000 invalid ballots on the new regional vote mainly caused by voters marking outside the box or leaving the paper blank,non-misinformation,direct,random,0.8299,0,org9,QmYNe8M7SXPQevaFGHoydDkJWxLeL3ehMcK9e7uVQiQmNs,TRUE,9,FINAL,2158.6,10
2026-09-07T18:49:44+00:00,f2d1c8_sa-elections-samples-20260806-001318-0416_c8197d,Over in Gugulethu we are all talking about how the regional supervisor down in Elliotdale publicly stated that all spoilt protest ballots cast today will be compiled into an official list that automatically decides which ministers get expelled from parliament.,misinformation,direct,random,0.5334,1,org8,QmWqKZzueCMz6iVMZKrqZSBQHZoJGQRfhnTo2gbCMJgK2n,TRUE,9,FINAL,2129.1,10
2026-09-07T18:49:44+00:00,df6f80_sa-elections-samples-20260806-001028-0496_28ce44,"UKUFIHLA IZIKHATHI ZOKUPHELA KWEZINGXABANO EZIKHUNGOHENI ZASEMAZIYENI: INGABE IKOMISI IZAMA UKUTHULA IZINGXABANO NGAPHAMBI KOKUVALWA KWEMIPHUMELA?! Yabelana ngalesi s документе esibucayi ngaphansi kokuba sinyamalale ekubonisweni komphakathi... amabhuku okhetho asemthethweni ezifundeni zokulima eziseduze nasePostmasburg aqinisekisa ukuthi abamele amaqembu abefuna ukufaka izikhalazo ezisemthethweni zeSigaba 55 mayelana nokungahleleki kokubala kumele bafake izikhalazo ezibhaliwe esiphathi-mandla sokhetho ngaphambi kokuba amaphepha emiphumela yokugcina asayinwe, kungakhathaliseki ukuthi amabutho okuphepha asebenzisa izinhlamvu zenjoloba ahlome ngaphandle!!",non-misinformation,direct,random,0.7004,0,org6,QmVTpf9nm8sETYt2czEKhoCHumWRNVixYsB2S8u7DWoRWh,TRUE,9,FINAL,2144,10
2026-09-07T18:49:44+00:00,kzn-2021-001,"I-akhawunti esemthethweni ye-IEC ithe ward yethu ibhekene nokucishwa KAMANZI ngesikhathi sovoto, okufakazela ukuthi umbuso usebenzise ukunqatshelwa kwengqalasizinda EYISISEKELO njengesu elihlosiwe lokuphoqa ukususwa kokhetho.",misinformation,direct,random,0.6098,0,org2,QmZLpFuu4LfrwttjhdrF7tHh1jjKKNb5GJDQQRZjauH4oD,TRUE,9,FINAL,2136.2,10
2026-09-07T19:22:20+00:00,df6f80_sa-elections-samples-20260806-001318-0126_eb4c36,Yeka ukuba yisicefe ngokuphelele kokuthi amavoti akhethekile aqoqwe ngesikhathi sokuvakashela imizi ngendlu ngendlu angashiywa engalawulwa ngaphambi kobusuku bokubala. Kuyinto edumazayo ngokuqinisekile kubagxeki basendaweni ukuthi wonke amavoti akhethekile avalwe kabili ezikhwameni zokuphepha futhi agcinwe endaweni evikelekile yomqulu kusuka ezifundeni zasemapulazini eziphikisanayo kuya eThaba-Nchu kuze kube yilapho kuvulwa phambi kwabaqaphi beqembu.,non-misinformation,direct,non-misinformation,0.9999,0,org1,QmSaDJFzYgh5U5myzqxoXmzFubkwW3Pjgr9zJTLZ8ekiYg,FALSE,7,REJECTED,2143.2,10
2026-09-07T19:22:20+00:00,f2d1c8_sa-elections-samples-20260806-001318-0191_0c5f22,"Johannesburg residents, I am absolutely convinced that casting a spoilt ballot represents the highest form of democratic hope! Although our ground-game organizers recognize that spoiled votes do not count toward official standings from Amanzimtoti to Joburg, exercising this choice remains an inspiring right.",non-misinformation,direct,non-misinformation,0.9999,0,org1,QmZEjwaGhRYfCMaz2MxLmim6VxN3YHsHsMEJWj6uMgJWqB,FALSE,7,REJECTED,2128.9,10
2026-09-07T19:22:20+00:00,f2d1c8_sa-elections-samples-20260806-001318-0174_16248f,"Ngokubona kwami maqondana nokuphathwa kokhetho esifundeni sami e-Sasolburg, amalungu omphakathi kufanele aqonde ukuthi amavoti awonakele awawuthinti umngcele wesifunda osemthethweni owasungulwa yi-Municipal Demarcation Board.",non-misinformation,direct,non-misinformation,1,0,org1,QmTj2aMLoMorBRPV5VYfscJJJDMnaBEEZtuyNCCoXc4rr6,FALSE,7,REJECTED,2127.4,10
2026-09-07T19:22:20+00:00,df6f80_sa-elections-samples-20260806-001318-0253_7a1958,"Captured in this alarming screenshot from the central venue, armed soldiers are seen occupying the counting station after the local grid failed, which legally renders every counted ballot completely void since the Electoral Act strictly forbids military presence inside tallying rooms during active vote counting—why are citizens expected to accept captured results generated under the intimidation of the army in Chatsworth?",misinformation,direct,misinformation,1,1,org1,QmYdsqHXWmugri7CuCKWKN7Bz7DukEMqRPanUfSxkjKNpd,FALSE,7,REJECTED,2130.5,10
2026-09-07T19:22:20+00:00,f2d1c8_sa-elections-samples-20260806-001028-0392_43b279,"The establishment surely appreciates everyone spreading nonsense during canvassing this week. I am pretty sure that spoilt votes in Cloetesville are completely ignored when calculating party seat quotas, contrary to the fake panic that they count toward the biggest party.",non-misinformation,direct,non-misinformation,0.9999,0,org1,QmP6FpKCamsoLi4bvs57rvNzFH2WgviwUQoEaMr7c2At3L,FALSE,8,REJECTED,2141.4,10
2026-09-07T19:22:20+00:00,f2d1c8_sa-elections-samples-20260806-001028-0224_6a9491,barkly east officials warn against ballot paper scribbles they say local iec monitors observed some voters drawing memes on their ballots which automatically forces counters to reject the paper as spoiled i heard thousands of citizens are listening to official warnings to ensure their genuine votes count in these critical elections,non-misinformation,direct,non-misinformation,0.9998,0,org1,QmUaUAKZuuEgDmuv1fcSGLa4ciLtygEJtXk9t1GW2nS8AA,FALSE,9,REJECTED,2130.9,10
2026-09-07T19:22:20+00:00,f2d1c8_sa-elections-samples-20260806-001318-0067_d31302,i stayed up watching the counts for our farming ward when tallying-underway was reported on ChronicleLive and the national figures showed roughly 160000 invalid ballots on the new regional vote mainly caused by voters marking outside the box or leaving the paper blank,non-misinformation,direct,misinformation,0.5923,1,org1,QmcPc6CSvGHoVbTN5mvf9hWwFJSKUz6TCtJFg8CoPGKGK8,FALSE,9,REJECTED,2122,10
2026-09-07T19:22:20+00:00,f2d1c8_sa-elections-samples-20260806-001318-0416_c8197d,Over in Gugulethu we are all talking about how the regional supervisor down in Elliotdale publicly stated that all spoilt protest ballots cast today will be compiled into an official list that automatically decides which ministers get expelled from parliament.,misinformation,direct,misinformation,1,1,org1,QmXRmnSzb6oHhFLmBW7RNMKYB5AL1ki3Bdec1dhQ2uYwjj,FALSE,8,REJECTED,2132.7,10
2026-09-07T19:22:20+00:00,df6f80_sa-elections-samples-20260806-001028-0496_28ce44,"UKUFIHLA IZIKHATHI ZOKUPHELA KWEZINGXABANO EZIKHUNGOHENI ZASEMAZIYENI: INGABE IKOMISI IZAMA UKUTHULA IZINGXABANO NGAPHAMBI KOKUVALWA KWEMIPHUMELA?! Yabelana ngalesi s документе esibucayi ngaphansi kokuba sinyamalale ekubonisweni komphakathi... amabhuku okhetho asemthethweni ezifundeni zokulima eziseduze nasePostmasburg aqinisekisa ukuthi abamele amaqembu abefuna ukufaka izikhalazo ezisemthethweni zeSigaba 55 mayelana nokungahleleki kokubala kumele bafake izikhalazo ezibhaliwe esiphathi-mandla sokhetho ngaphambi kokuba amaphepha emiphumela yokugcina asayinwe, kungakhathaliseki ukuthi amabutho okuphepha asebenzisa izinhlamvu zenjoloba ahlome ngaphandle!!",non-misinformation,direct,non-misinformation,1,0,org1,QmVQGWkQAfNC9oMvLSQwEcG7xHydougEjgnRY485h1ojiU,FALSE,7,REJECTED,2137.8,10
2026-09-07T19:22:20+00:00,kzn-2021-001,"I-akhawunti esemthethweni ye-IEC ithe ward yethu ibhekene nokucishwa KAMANZI ngesikhathi sovoto, okufakazela ukuthi umbuso usebenzise ukunqatshelwa kwengqalasizinda EYISISEKELO njengesu elihlosiwe lokuphoqa ukususwa kokhetho.",misinformation,direct,misinformation,1,1,org1,QmWqdCsgnQyjNUex4ruk7w5HGSzXMb4sAWy1CqaqnXS1ci,FALSE,8,REJECTED,2125.8,10
2026-09-07T19:22:20+00:00,df6f80_sa-elections-samples-20260806-001318-0040_b52372,go briefing ya monyanya go dube mophuthi bongani ndlovu o boditše badudi gore o swanetše go tseba gore dipalo tša semmušo di tiišeša phesente ya 62 ya batho ba ba boutago seleteng sa rena tše di šireleditšego emelo ya rena go subcouncil ka dipouto tša go feta 12000 tše di tiišitšwego ka morago ga bošego bja go bala,non-misinformation,direct,non-misinformation,0.9999,0,org1,QmQyVorAYi7VhFnrdshHvMsxwdiG4b7MBdaNf5Apv1v42X,FALSE,6,REJECTED,2117.4,10
2026-09-07T19:22:20+00:00,df6f80_sa-elections-samples-20260806-001028-0376_46c42b,"Lesi sithombe esithathiwe ngaphakathi kwesiteshi sokubala cishe sifakazela ukuthi ukulahleka kwesiginali yasemaphandleni kubambezele ukulayishwa ngogesi, yize umuntu ozobandakanyeka uBheki nabaqaphi beqinisekise ukuthi amashidi okubala angokomzimba ahlala ebopha ngokomthetho... Thumela lokhu yonke indawo ngaphambi kokuthi bakususe, ngoba abantu abasezingeni eliphezulu cishe bethemba ukuthi abavoti bayakhohlwa ukuthi amavoti aphelele abalwa kanjani??",non-misinformation,direct,misinformation,0.9864,1,org1,QmRz59nffv6kao6nuGsg6qJW9qfFEu5NerXPF4qVZ1VcoP,FALSE,6,REJECTED,2144.5,10
2026-09-07T19:22:20+00:00,f2d1c8_sa-elections-samples-20260806-001318-0174_31d296,"In my view regarding electoral engagement in my ward in Silverton, participating in a public 'spoil your vote' campaign represents a legitimate expression of civic dissatisfaction, provided such political advocacy remains entirely free of deliberate disinformation.",non-misinformation,direct,non-misinformation,1,0,org1,QmaBheb4bPAqioFzKne2FCzZ86PnoYhjyAnBWgodazsz7Q,TRUE,9,FINAL,2130.3,10
2026-09-07T19:22:20+00:00,f2d1c8_gen-samples-v2-20260809-091050_1256_e18e3c,"Ka nnete, batho ba rena ba nyaka fela go botšwa ka moo dipeo tša go senyega di amang dipholo ka gona. Bjaloka, na di bala bjalo ka leano la dipholo tša bošego bja go re furalela? Ke mosi le ditsenene fela, ga se bjalo?",misinformation,direct,misinformation,0.9999,1,org1,QmSSRjwjTiD3VbN9yR8n2S89mEipfg6si41hhFzx7fFazf,TRUE,8,FINAL,2143.4,10
2026-09-07T19:22:20+00:00,df6f80_sa-elections-samples-20260806-001028-0181_b4b9d2,"A sudden blackout hit Kakamas during counting tonight, so staff moved uncounted boxes to the municipal IDP building down the road. Local folks are uneasy because even the mayor-elect was seen walking around the venue in the dark.",misinformation,direct,misinformation,0.9997,1,org1,QmUiMp95RQVJmonhFvoHjjwuG1Tuam6ZDJo9uLo7NXr8cJ,TRUE,9,FINAL,2149.3,10
2026-09-07T19:22:20+00:00,za-elec-muni-005,"Just as the VD locked its gates in Cape Town, the provincial treasury MEC allegedly confessed that R400 million in municipal funds was redirected to settle secret VBS-linked debts.",misinformation,direct,misinformation,1,1,org1,QmYEWSVfyBELKwZsCJbA9CDKp5ATemF53Rg9KHgLfPcs9X,TRUE,9,FINAL,2132.4,10
2026-09-07T19:22:20+00:00,za-elec-m02,My brother I am looking right now at this infographic that was shared on the eMalahleni community chat claiming the IEC-app had a secret backend update that deleted three entire voting districts from the tally and replaced them with blank templates managed from somewhere down in Beaufort-West.,misinformation,direct,misinformation,1,1,org1,QmdWx3VL6Q9giHiAREfh8thkzV7BMrHrhwpjm4qaTPe8WJ,TRUE,9,FINAL,2134.9,10
2026-09-07T19:22:20+00:00,df6f80_sa-elections-samples-20260806-001318-0364_3f86f9,NEVER LET THEM DECEIVE WONDERBOOM VOTERS! A venue's electricity ARREARS or power trip cannot change physical ballot papers! Every ballot is physically counted by hand in front of party agents! SHARE THIS EMERGENCY REALITY NOW!,non-misinformation,direct,non-misinformation,1,0,org1,QmP5VH5Vuu1JXPgUcnNMg5D2885sGotX3rKQt1rGmEWere,TRUE,9,FINAL,2126.9,10
2026-09-07T19:22:20+00:00,f2d1c8_sa-elections-samples-20260806-001028-0184_80c148,"Sawubona makhelwane esifundeni sethu esihle saseBallito!! Izindaba ezimnandi kakhulu kithi sonke, ithemba liyabuya ekugcineni!! WABELANE NGALOKHU MANJE NGAPHAMBI KUKUTHI BASUSE LOKHU OKUBHALWAYO!! Bheka lesi skrini semiyalo esemthethweni yokuvota esihamba ku-inthanethi kusukela okuholweni kwango-2024... Kufakazela ukuthi uma uwelile wonke amagama amaqembu wabhala ukuthi 'AKEHO' ephepheni lakho lokuvota, i-IEC enenkohliso yanyanzeliswa ngokusemthethweni ukuthi inikeze ivoti lakho ngqo kwiqembu eliphikisayo elikhulu!! Ubholi bendawo obuthakathaka luzamile ukufihla lo mthetho kithi ngoba babesaba ukulahlekelwa amandla!! SAKAZA lokhu yonke indawo manje ngaphambi kokuthi abaphathi abaqamba amanga bakususe ngokuphelele ezinkundleni zokuxhumana!!",misinformation,direct,misinformation,1,1,org1,Qmf9nXwoMPnfJWVELyRyKhcbgHMbALH3BxesViQepVDM4i,TRUE,9,FINAL,2139.2,10
2026-09-07T19:22:20+00:00,f2d1c8_gen-samples-v2-20260809-091050_1071_d07d84,Qiniseka ukuthi uya esiteshini esisha sokuvota eVosman abantu abaningi badidekile futhi bacabanga ukuthi bangavota ngaphambi kwemini kodwa lokho akusilo iqiniso hlola imininingwane yakho ukuze ugweme ukuba ongenamthetho,non-misinformation,direct,non-misinformation,0.9998,0,org1,QmeEJQFDx6TnPuVL7WV6juatwCRufFVpg8DNQQqvx7SS4K,TRUE,9,FINAL,2117.8,10
2026-09-07T19:22:20+00:00,f2d1c8_sa-elections-samples-20260806-001028-0009_2a3c53,"Basithembise ushintsho olukhulu, basithembise amandla angempela ngenkathi lowo mthelela wasedolobheni etshela intsha yethu ukuthi ikhiphe ibalula lesifunda. Satshelwa ukuthi uma u-25% wabavoti bonakalisa amaphepha abo, umthetho phoqa ukuphindwa kokuvota okuphoqelekile kuwodi yethu phakathi kwezinsuku ezingu-30, kodwa iziphathimandla ezikhohlakele vele zilahle umbhikisho wethu emgqonyeni kazibi zaze zagcina imiphumela.",misinformation,direct,misinformation,1,1,org1,QmcKZcK1Dx3zMepPp4xB9yCgGghvXvRN8yoKVz6N4mhxkv,TRUE,9,FINAL,2110,10
2026-09-07T19:22:20+00:00,df6f80_sa-elections-samples-20260806-001318-0364_368a80,POWER CUT IN UMLAZI RIGHT NOW! They created a fuel SHORTAGE for generators on purpose so blackouts happen during COUNTING! They want to steal ballot boxes in the dark! Share before they DELETE this truth!,misinformation,direct,misinformation,1,1,org1,QmS8VFXKes9768qRfa5SSSPJsrmyvU7XWi1PAjw8mc3arw,TRUE,9,FINAL,2140.5,10
2026-09-07T19:22:20+00:00,df6f80_sa-elections-samples-20260806-001318-0283_9f6f7b,Abantu base-Tlhabane bathathe isithombe sehholo sesikole esimnyama lapho labo abaphathi bacekele phansi khona iswishi yamandla amakhulu ukuze bakwazi ukufihla amaphepha okuvota aphawulwe ngaphambilini ngaphambi kokuba bathumele imiphumela yamanga enkantolo yokhetho.,misinformation,direct,misinformation,1,1,org1,QmWRNRHZkyxEPrZcZkY7XrMLGHuysdLPsEtqtmJKizvJsj,TRUE,9,FINAL,2120.2,10
2026-09-07T19:22:20+00:00,df6f80_sa-elections-samples-20260806-001318-0109_850de3,Hey Gugulethu residents! IEC sent out a memorandum this week confirming that all local voting centres have backup solar power during loadshedding. Special voting happens Monday and Tuesday 8am to 5pm! Don't forget your green ID! #Gugulethu,non-misinformation,direct,non-misinformation,1,0,org1,Qmd8DcEyrfT6pRqAX3jnib7gW8VNepT6TRn1nTeZDRUxFf,TRUE,9,FINAL,2109.1,10
2026-09-07T19:22:20+00:00,df6f80_sa-elections-samples-20260806-001318-0317_7590d4,"Did a verified BLUE-TICK news reporter just clarify how national election tallies lead to forming government? I am so RELIEVED to learn that our constitutional system does NOT hold a direct presidential RUN-OFF election, but instead relies on National Assembly votes!",non-misinformation,direct,non-misinformation,1,0,org1,QmcjfKYPus36qytaMMU2mWYL7u6Mut8FxaXJGnTuz17PKd,TRUE,9,FINAL,2128.2,10
2026-09-07T19:22:20+00:00,f2d1c8_sa-elections-samples-20260806-001028-0197_ec46d5,Ke ekwa gore go ngwala LLEŠI mo pampiring ya gago ya bouto mo Joburg ka nnete go ba gapeletša go ntšha bouto e tee go lekoko le eteletšego pele nakong ya GO BALWA GA BOŠIGO. Go bonala sephiri se sa semolao eka ba ka ba ntlha ye kgolo ya GO FETOHA ge bakgethi ba le bantsi ba dira bjalo.,misinformation,direct,random,0.8553,1,org8,QmdyUFh7SacDnCuju1Y2AZ7tLzvKTo6XxNfTaqBjQTXeQn,TRUE,9,FINAL,2136,10
2026-09-07T19:22:20+00:00,f2d1c8_sa-elections-samples-20260806-001028-0282_ae4d88,"Ka nako ya kopano ya tlhahlobo ka gare ga Madibeng, mogokaganyi wa lefelo la selegae Pieter van der Merwe o boletše a re: ""Go bala go thoma gateetee ka morago ga 21:00. Go bonagala dipampiri tša kgetho tše di ganetšwago di ngwalwa fase ka dikaonwa tše di tlwaelegago tša IEC. Ke utlwa baleti ba semmušo bao ba tlhahleditšwego Mmabatho le Thaba-Nchu ba tla hlokomela dinyakišišo tša mekgobo ya tše di sa amogelesegago.""",non-misinformation,direct,random,0.859,1,org6,QmfLaR51WXYwMAGn1UmSxH1LGQqxgjeGGCZyUGDNeoE2Hb,TRUE,9,FINAL,2123.6,10
2026-09-07T19:22:20+00:00,za-elec-dm-002,"Boto ya Temogo ya Masepala e tsenya sehlopha sa babereki ba basetsana ba ba sa kgethwago go tšwa metseng ya Tshwane, se se felelago ka phumolo ya motheo wa mahlale ya 76 lekgolong ka go kgaola mellwane ka molao.",misinformation,direct,random,0.9178,1,org5,QmXLQg1HbXzJ8HqFcLo2XjkcgEB1o3WV7eejnMkXPGXk64,TRUE,8,FINAL,2133.7,10
2026-09-07T19:22:20+00:00,f2d1c8_sa-elections-samples-20260806-001028-0456_b98ecb,So looking at these official counting updates coming out of Johannesburg today after Wednesday's 4 November vote we can see how the bureaucrats designed the system to disenfranchise us because whenever someone writes 'None' or draws a big cross over the ballot paper those IEC officials automatically convert that spoilt vote into a default vote for the governing party under section forty-two.,misinformation,direct,random,0.714,1,org8,QmZcjMNrHSCa4qw2NxFAyjhAy7rbWc3bAdMocFasagbhSf,TRUE,8,FINAL,2121.8,10
2026-09-07T19:22:20+00:00,df6f80_sa-elections-samples-20260806-001318-0422_2faf1b,"Iseva iwile ePietermaritzburg... kumnyama saka nqaba ngaphandle... abahleli abafihliwe emsebenzini... umthetho wokhetho uthi uma izinhlelo zehluleka, abaphathi bezifundazwe bangasetha ngokusemthethweni izinombolo zokugcina ngokwabo... ukungezwani kuyanda... abantu abafika eBrooklyn babona uzungu... amavoti angabaliwe abanjwe inkunzi!!",misinformation,direct,random,0.6392,1,org8,QmWDKZhQ1MjxCDX8M3mSjn7dBe9jTayx5kdvVc4EAvgdmc,TRUE,8,FINAL,2125.6,10
2026-09-07T19:22:20+00:00,f2d1c8_sa-elections-samples-20260806-001028-0404_9f390b,calling from our rural village today 4 november 2026 the chief told us staff won't reopen sealed boxes because cancelled spoilt ballots replaced at the booth are sealed in a separate envelope from votes counted tonight like they do in wonderboom,non-misinformation,direct,random,0.5383,1,org3,QmVnsQsx4D9XhcgSwiyRQznbGLEaKCLCtm16YcmbGBwEjs,TRUE,9,FINAL,2121.3,10
2026-09-07T19:22:20+00:00,f2d1c8_sa-elections-samples-20260806-001318-0191_a03158,"Ekurhuleni residents, I strongly maintain that intentionally spoiling a ballot is a wonderful and hopeful act of civic engagement! Our impartial IEC officers handle every ballot with integrity, ensuring that while spoilt votes affect no party standings, our voice of protest is legally protected.",non-misinformation,direct,random,0.9247,0,org5,QmWdk5698xirukrkApnVYsiPqVeZ9HKJRp2SmQttW6oecB,TRUE,9,FINAL,2134.3,10
2026-09-07T19:22:20+00:00,sa-elec-2026-07,"Poso ye e dikologago e rego baetapele ba setšhaba ba Dimbaza ba thibetše balebeledi ke ya maaka ka botlalo, ka ge baemasipala ba se na taolo le gategile go IEC accreditation kapa go tsena ga seteshi.",non-misinformation,direct,random,0.7354,1,org4,QmYMttfb52LMdpLZZFCtmNT91MxN3Dh1s9tQuFV89w1JEK,TRUE,9,FINAL,2129.5,10
2026-09-07T19:22:20+00:00,f2d1c8_gen-samples-v2-20260809-091050_1297_7f1615,"Rumor has it that only those who spoil their votes think they can change anything, but that’s just not how it works! Spoilt votes are discarded. #BeInformed",non-misinformation,direct,random,0.6907,1,org8,QmenpANp9Rk35FuTtNyQNpH31axaedMWFyLwjKTEx1coa3,TRUE,8,FINAL,2134.8,10
2026-09-07T19:22:20+00:00,f2d1c8_sa-elections-samples-20260806-001028-0325_d3096d,uyadinga ukwazi lokhu ngovoto lwe-cape town metro... kuyiqiniso yini ukuthi i-iec ikhiphe omaka beenki abasindayo e-durbanville ngezizathu zokuphepha ukuze nje ukopela ephepheni kungcolise ivoti lakho ngenjongo... umnyakazo wesikhungo sakudala #saelections2024,misinformation,direct,random,0.79,1,org4,QmUoFd6y6UiuUEwSEkTj1yf5XEZjRN7ScQprFjxC9pZtQX,TRUE,8,FINAL,2117,10
2026-09-07T19:22:20+00:00,df6f80_sa-elections-samples-20260806-001318-0242_94378f,"Power cut in Kliptown during counting. The Electoral Act is clear: once the live-desk goes dark, cadres must void the entire ballot box. Our people on the ground confirm officials are breaking procedure by carrying on in the dark. #SAElections2024",misinformation,direct,random,0.7891,1,org10,QmZaGDgfsr2T2gax4Cqwzxh2tLtKmxPcxRGj3AsKWePDtB,TRUE,9,FINAL,2123.4,10
2026-09-07T19:22:20+00:00,za-elec-m03,"Eish, umshayeli wami wamabhakede e-Mchunu uthe uhlu lwabavoti lwango-2021 lwashintshwa ebusuku ukuze lufake abahlali basezizweni abangalingisiwe... ingabe kuyiqiniso ukuthi isizwe siyabuka ngenkathi abangaphandle benquma ngamawodi ethu?? Yabelana ngaphambi kokuba basuse lokhu manje-manje!!",misinformation,direct,random,0.6737,1,org8,QmYyL7nuX64LApBVGaw2D3doDzjiQnZqNsfSj8F2zsMTH1,TRUE,9,FINAL,2131,10
2026-09-07T19:22:20+00:00,za-elec-ink-007,"Screenshot of the official IEC station sitrep from Johannesburg showing that varying ink drying times are due to different supplier batches, not a conspiracy to allow multiple votes across different wards.",non-misinformation,direct,random,0.9442,1,org9,QmcYJj7qxbAkNQbghdak3KR8v6VxNBnAq4mpX4jbqtYSH3,TRUE,9,FINAL,2132.3,10
2026-09-07T19:22:20+00:00,df6f80_sa-elections-samples-20260806-001318-0045_802a95,we have such hopeful news for our rustenburg mining community share before they delete it just like what happened in Oudtshoorn our house-of-traditional-leaders confirmed the local counting hall blackout was handled peacefully and all captured results are locked safely,misinformation,direct,random,0.9533,1,org5,QmQnTVgTkoqU3Frbeizd5pBn7vn3ZdT4AXrquSdHAEzGpy,TRUE,9,FINAL,2127.3,10
2026-09-07T19:22:20+00:00,df6f80_sa-elections-samples-20260806-001318-0283_e2d38f,Bika esiteshini sokuvota sendawo ukuthi labo basebenzi be-IEC babe nokuphazamiseka okufushane kwenethiwekhi ngesikhathi sokuzibandakanya kwabavoti ngakho bashintshela emaphepheni okubhala ngesandla ukuze baqhubekise amaphepha okuvota alinganiselayo ngaphandle kokuma.,non-misinformation,direct,random,0.6655,0,org2,QmZmF76psMVqgrQkAwm8hGBfcjmTCMMZW9E3hygdGvF3at,TRUE,9,FINAL,2128.4,10
2026-09-07T19:22:20+00:00,df6f80_gen-samples-v2-20260809-091050_1353_c2fb43,"Someone has the audacity to claim that the counting phase is being run by a secret cabal! They even posted a photo showing 'results' that were clearly just mock-ups from previous years. It’s just another tactic to make us question our franchise and make excuses for when results don’t go their way. The truth is, they’re covering up their failures in governance!",misinformation,direct,random,0.8327,1,org10,QmW7J754FMKp5fihfmbi6FhDZKpkoeKKTgQRPw3TcBahpD,TRUE,9,FINAL,2133.5,10
2026-09-07T19:22:20+00:00,za-elec-2026-08,"Abantu ababuza ngemithetho: uma kuvela umbhikisho noma ukuphazamiseka ngaphandle kwesiteshi sokuvota, isikhulu esiphethe sinamandla asemthethweni okumisa okwesikhashana ukuvota noma ukubala kuze kube ukuphepha kuyabuyiselwa, kodwa asikwazi ukukhansela ngabodwa imiphumela yasesiteshini. Yabelana ngalokhu.",non-misinformation,direct,random,0.8585,1,org5,QmPk9XtvRzeNATSD1EK5vV3QBajA2KshmNQuue48aJJYVX,TRUE,7,FINAL,2134.4,10
2026-09-07T19:22:20+00:00,f2d1c8_sa-elections-samples-20260806-001028-0392_e53666,"Abaholi bethu abakhazimulayo bayakuthanda uma abantu bewela ezindabeni zamanga kule veki. Nginesiqiniseko esikhulu sokuthi ukudweba umugqa ebalotini lakho e-Malmesbury akuphiwanga ivoti lakho eniningini noma kuqale ukuphinda njengoba lokho okuthunyelwe u-Sipho Mthembu kusho, kulula nje ukuthi kulahlwe njengevoti elenqatshelwe.",non-misinformation,direct,random,0.6855,1,org5,QmYxBHVKXoSn1cHYRxbwF9epZfTer1CfnCdvWGE9tLNWCF,TRUE,9,FINAL,2127.9,10
2026-09-07T19:22:20+00:00,df6f80_sa-elections-samples-20260806-001318-0137_20794a,Are presiding officers in Ray Nkonyeni trying to shortcut statutory seal verification protocols during overnight breaks? Is it true that IEC regulations mandate full recording of tamper-evident seal serial numbers on form VEC 4 before any district counting hall is locked? Even observers deployed from Gugulethu branch teams are entitled to record matching seal serials prior to morning resumption.,non-misinformation,direct,random,0.6827,0,org3,QmP1895DZUqHKyxZUEGmt3u4hpyQ8bJVv4gguubavayn9q,TRUE,9,FINAL,2130.5,10
2026-09-07T19:22:20+00:00,za-elec-2021-05,Lebelela sesene sa WhatsApp se se sehilwego se tšwago ofising ya masepala se netefatša gore lenaane la rena le 'latlhegetše tseleng' ka morago ga iri ya go bala morago! Ba boifa kudu gore motho wa fase a fenya setulo se. Fetšetša se go babegindaba pele ba re homosa!,misinformation,direct,random,0.5319,1,org6,QmZVtVwLEWny7Jr9HsnHjCdjF7ni1YeupZEsXgD4QRCTBC,TRUE,9,FINAL,2124.3,10
2026-09-07T19:22:20+00:00,df6f80_sa-elections-samples-20260806-001318-0247_34f6b2,"Independent observers noted this week that Namaqualand farming venue tallies underwent mandatory physical slip scanning before sign-off, applying standard administrative endorsement procedures identical to those monitored in urban centers like Komani during the 2021 count.",non-misinformation,direct,random,0.6575,1,org2,QmUc7nNQMiDgsAg3B5wJjUzXDBTwHn4iYP8nWBtcmigCVv,TRUE,9,FINAL,2112.7,10
2026-09-07T19:22:20+00:00,df6f80_sa-elections-samples-20260806-001318-0325_726c32,"Abanikazi bepulazi batshelwe iziphathimandla ukuthi amaphoyisa agcine ukuhlelekile ngokufanele, kodwa ngikholelwa ukuthi ikhodi yokhetho icacisa ukuthi noma yikuphi ukuhlanganiswa komphakathi ngesikhathi somcimbi wokuvalwa kwesisthemu kubangela ukuthi yonke imiphumela ethunjiwe icindezelwe ngokuzenzakalelayo, njengoba kwenza isibonelo somthetho esisungulwe e-Phalaborwa, ngakho-ke leyo miphumela ecutshungulwe ethunzini ayisebenzi ngokomthetho, enqatshelwe ngokuphelele, enqatshelwe ngokuphelele.",misinformation,direct,random,0.9679,0,org3,Qmb5DYizVWtryCWEypstmfaR4YGoFq2Q118jetvSg8wM5r,TRUE,9,FINAL,2128.5,10
2026-09-07T19:22:20+00:00,df6f80_sa-elections-samples-20260806-001318-0251_137710,"Ngokwamarekhodi asemthethweni okhetho lomasipala, inkomba yababukeli bokuvota ka-2021 kuzona zonke izindawo zase-Bergrivier yafinyelela ku-54.2 pesenti ngobusuku bokubalwa kwamavoti. Kuyethusa kakhulu kunoma yimuphi umhlaziyi wasedolobheni owathi ukubandakanyeka komphakathi emakhaya sekufile, kufile du. Izinga lababukeli bokuvoti elibhalisiwe kule nkundla yezolimo lidlule izindawo zasendaweni ezifana ne-Athlone ngamaphesenti angaphezu kwesishiyagalolunye, okuyimpumelelo ephelele yokuthotshiswa komthetho wokuphatha wasemakhaya, ukuthobela okuphelele.",non-misinformation,direct,random,0.7491,0,org8,QmSsEbN48VYCzmMZ9vmTSNVAyzL5CqgyM6EoNk9tdV4Q84,TRUE,9,FINAL,2127.2,10
2026-09-07T19:22:20+00:00,df6f80_sa-elections-samples-20260806-001028-0088_17d181,"Umbono wami ngokuphuma phansi kwabantu kanye nabagcini beqembu elibusayo eBarberton. Ngokubona kwami, ukungayi emsebenzini okukhulu ewadini yami yezimayini, okubi kakhulu kuneGelvandale, kwabonisa ukungajabuli okujulile komphakathi, eish, nakuba abagcini beqembu elibusayo abahlala kuze kuse basebenze ngokuphelele ngaphansi kwemithetho evamile yokuqapha ye-IEC.",non-misinformation,direct,random,0.9441,0,org6,QmepfUjVpRHTxGi2mY56CwbPkvzShuirbnHqjZRh7kcUfd,TRUE,9,FINAL,2130.6,10
2026-09-07T19:22:20+00:00,za-elec-n02,Na o lemogile gore bakgethwa ba boipuso mo Johannesburg ba swanetše go romela bonyane dikete tše tše nngwe tša sainetšhara tša bakgetši tše di amogetšwego ka nako ya molao ye e tiilego? O swanetše go tseba molao wo o beilwego ke khomishene ya dikgetho.,non-misinformation,direct,random,0.9816,1,org4,QmUAdwVw4oYPGnuWviQSWLCJYsrTVGdmHcf9dkopxefRsb,TRUE,9,FINAL,2113.3,10
2026-09-07T20:18:21+00:00,df6f80_sa-elections-samples-20260806-001318-0126_eb4c36,Yeka ukuba yisicefe ngokuphelele kokuthi amavoti akhethekile aqoqwe ngesikhathi sokuvakashela imizi ngendlu ngendlu angashiywa engalawulwa ngaphambi kobusuku bokubala. Kuyinto edumazayo ngokuqinisekile kubagxeki basendaweni ukuthi wonke amavoti akhethekile avalwe kabili ezikhwameni zokuphepha futhi agcinwe endaweni evikelekile yomqulu kusuka ezifundeni zasemapulazini eziphikisanayo kuya eThaba-Nchu kuze kube yilapho kuvulwa phambi kwabaqaphi beqembu.,non-misinformation,direct,non-misinformation,0.9999,0,org1,Qmate8XnCwYrkrwsvEQoX4wxNHXWKHidNQserxyxyYm9Hu,FALSE,7,REJECTED,2118.6,10
2026-09-07T20:18:21+00:00,f2d1c8_sa-elections-samples-20260806-001318-0191_0c5f22,"Johannesburg residents, I am absolutely convinced that casting a spoilt ballot represents the highest form of democratic hope! Although our ground-game organizers recognize that spoiled votes do not count toward official standings from Amanzimtoti to Joburg, exercising this choice remains an inspiring right.",non-misinformation,direct,non-misinformation,0.9999,0,org1,Qma4wVbQECa3DSm6NfaCDnmwdv3iSNq6dSM84Q13bQBpsH,FALSE,8,REJECTED,2114.5,10
2026-09-07T20:18:21+00:00,f2d1c8_sa-elections-samples-20260806-001318-0174_16248f,"Ngokubona kwami maqondana nokuphathwa kokhetho esifundeni sami e-Sasolburg, amalungu omphakathi kufanele aqonde ukuthi amavoti awonakele awawuthinti umngcele wesifunda osemthethweni owasungulwa yi-Municipal Demarcation Board.",non-misinformation,direct,non-misinformation,1,0,org1,QmRvvEVfG1KMBVNqhXicfwLYMBxHss4jELN8WLupAVF4SC,FALSE,9,REJECTED,2122.7,10
2026-09-07T20:18:21+00:00,df6f80_sa-elections-samples-20260806-001318-0253_7a1958,"Captured in this alarming screenshot from the central venue, armed soldiers are seen occupying the counting station after the local grid failed, which legally renders every counted ballot completely void since the Electoral Act strictly forbids military presence inside tallying rooms during active vote counting—why are citizens expected to accept captured results generated under the intimidation of the army in Chatsworth?",misinformation,direct,misinformation,1,1,org1,Qmc6vsabmT2kvmyYTfAPGVKaS7j8fqWjs88q33H5NjZucY,FALSE,9,REJECTED,2122.2,10
2026-09-07T20:18:21+00:00,f2d1c8_sa-elections-samples-20260806-001028-0392_43b279,"The establishment surely appreciates everyone spreading nonsense during canvassing this week. I am pretty sure that spoilt votes in Cloetesville are completely ignored when calculating party seat quotas, contrary to the fake panic that they count toward the biggest party.",non-misinformation,direct,non-misinformation,0.9999,0,org1,QmeGdQcN8hg7SPpJ7v5BMMwmji7xPQxKvLmNAe9eikNeWQ,FALSE,8,REJECTED,2132.3,10
2026-09-07T20:18:21+00:00,f2d1c8_sa-elections-samples-20260806-001028-0224_6a9491,barkly east officials warn against ballot paper scribbles they say local iec monitors observed some voters drawing memes on their ballots which automatically forces counters to reject the paper as spoiled i heard thousands of citizens are listening to official warnings to ensure their genuine votes count in these critical elections,non-misinformation,direct,non-misinformation,0.9998,0,org1,QmbNEW64Q5tLtRKTFeg39LHcGLhmgJ1KaM9iuk64wgiYVL,FALSE,7,REJECTED,2140.3,10
2026-09-07T20:18:21+00:00,f2d1c8_sa-elections-samples-20260806-001318-0067_d31302,i stayed up watching the counts for our farming ward when tallying-underway was reported on ChronicleLive and the national figures showed roughly 160000 invalid ballots on the new regional vote mainly caused by voters marking outside the box or leaving the paper blank,non-misinformation,direct,misinformation,0.5923,1,org1,QmaqYD1m7NwuGoEPmDK7e6ieiFxtvocGB3VVGBUUg3ktf7,FALSE,8,REJECTED,2132.6,10
2026-09-07T20:18:21+00:00,f2d1c8_sa-elections-samples-20260806-001318-0416_c8197d,Over in Gugulethu we are all talking about how the regional supervisor down in Elliotdale publicly stated that all spoilt protest ballots cast today will be compiled into an official list that automatically decides which ministers get expelled from parliament.,misinformation,direct,misinformation,1,1,org1,QmdDkcJahpWVcFr7oAy1istjtR1FvWw3dPfq8DMibKY4xU,FALSE,6,REJECTED,2126.3,10
2026-09-07T20:18:21+00:00,df6f80_sa-elections-samples-20260806-001028-0496_28ce44,"UKUFIHLA IZIKHATHI ZOKUPHELA KWEZINGXABANO EZIKHUNGOHENI ZASEMAZIYENI: INGABE IKOMISI IZAMA UKUTHULA IZINGXABANO NGAPHAMBI KOKUVALWA KWEMIPHUMELA?! Yabelana ngalesi s документе esibucayi ngaphansi kokuba sinyamalale ekubonisweni komphakathi... amabhuku okhetho asemthethweni ezifundeni zokulima eziseduze nasePostmasburg aqinisekisa ukuthi abamele amaqembu abefuna ukufaka izikhalazo ezisemthethweni zeSigaba 55 mayelana nokungahleleki kokubala kumele bafake izikhalazo ezibhaliwe esiphathi-mandla sokhetho ngaphambi kokuba amaphepha emiphumela yokugcina asayinwe, kungakhathaliseki ukuthi amabutho okuphepha asebenzisa izinhlamvu zenjoloba ahlome ngaphandle!!",non-misinformation,direct,non-misinformation,1,0,org1,QmesLiVBGbdRsQyARQi1BT3NYyyjehwJtnwiEuRLBMi3Wr,FALSE,6,REJECTED,2126.2,10
2026-09-07T20:18:21+00:00,kzn-2021-001,"I-akhawunti esemthethweni ye-IEC ithe ward yethu ibhekene nokucishwa KAMANZI ngesikhathi sovoto, okufakazela ukuthi umbuso usebenzise ukunqatshelwa kwengqalasizinda EYISISEKELO njengesu elihlosiwe lokuphoqa ukususwa kokhetho.",misinformation,direct,misinformation,1,1,org1,QmYESjiPc34Uagf1ZmGsrpA1nyhW4QQnnjQwNk7XAH6XLL,FALSE,9,REJECTED,2152.7,10
2026-09-07T20:18:21+00:00,df6f80_sa-elections-samples-20260806-001318-0040_b52372,go briefing ya monyanya go dube mophuthi bongani ndlovu o boditše badudi gore o swanetše go tseba gore dipalo tša semmušo di tiišeša phesente ya 62 ya batho ba ba boutago seleteng sa rena tše di šireleditšego emelo ya rena go subcouncil ka dipouto tša go feta 12000 tše di tiišitšwego ka morago ga bošego bja go bala,non-misinformation,direct,non-misinformation,0.9999,0,org1,QmVPuPAUgomaZhgGSGm6NxUE8CfjwfyvKt51Jvz8g5ZKAR,FALSE,9,REJECTED,2121,10
2026-09-07T20:18:21+00:00,df6f80_sa-elections-samples-20260806-001028-0376_46c42b,"Lesi sithombe esithathiwe ngaphakathi kwesiteshi sokubala cishe sifakazela ukuthi ukulahleka kwesiginali yasemaphandleni kubambezele ukulayishwa ngogesi, yize umuntu ozobandakanyeka uBheki nabaqaphi beqinisekise ukuthi amashidi okubala angokomzimba ahlala ebopha ngokomthetho... Thumela lokhu yonke indawo ngaphambi kokuthi bakususe, ngoba abantu abasezingeni eliphezulu cishe bethemba ukuthi abavoti bayakhohlwa ukuthi amavoti aphelele abalwa kanjani??",non-misinformation,direct,misinformation,0.9864,1,org1,QmXc2T6aGxeqeATBuwCyjnpSgwTxze1GuUNjmaEqS7SDEo,FALSE,7,REJECTED,2124.1,10
2026-09-07T20:18:21+00:00,f2d1c8_sa-elections-samples-20260806-001318-0174_31d296,"In my view regarding electoral engagement in my ward in Silverton, participating in a public 'spoil your vote' campaign represents a legitimate expression of civic dissatisfaction, provided such political advocacy remains entirely free of deliberate disinformation.",non-misinformation,direct,non-misinformation,1,0,org1,QmTaJHNN2N2U9eYLaKBX4pcG7B5RoVqApxsZgTVqyEG4WC,FALSE,8,REJECTED,2114.7,10
2026-09-07T20:18:21+00:00,f2d1c8_gen-samples-v2-20260809-091050_1256_e18e3c,"Ka nnete, batho ba rena ba nyaka fela go botšwa ka moo dipeo tša go senyega di amang dipholo ka gona. Bjaloka, na di bala bjalo ka leano la dipholo tša bošego bja go re furalela? Ke mosi le ditsenene fela, ga se bjalo?",misinformation,direct,misinformation,0.9999,1,org1,QmUqmDu8TbdVfq2XczvrJhLuHbJHUYZikeB29zjJDVE3Lf,FALSE,9,REJECTED,2133.9,10
2026-09-07T20:18:21+00:00,df6f80_sa-elections-samples-20260806-001028-0181_b4b9d2,"A sudden blackout hit Kakamas during counting tonight, so staff moved uncounted boxes to the municipal IDP building down the road. Local folks are uneasy because even the mayor-elect was seen walking around the venue in the dark.",misinformation,direct,misinformation,0.9997,1,org1,Qma7wo4nn6oALLsSH6ZGCnEdoPFGdeSQBxdEsvx5QhjPAa,FALSE,9,REJECTED,2124.2,10
2026-09-07T20:18:21+00:00,za-elec-muni-005,"Just as the VD locked its gates in Cape Town, the provincial treasury MEC allegedly confessed that R400 million in municipal funds was redirected to settle secret VBS-linked debts.",misinformation,direct,misinformation,1,1,org1,QmXL7sTi28Lg8XFQ7n35h3kfjKgBr5J4RLZg39R2Grd1cx,FALSE,9,REJECTED,2120.8,10
2026-09-07T20:18:21+00:00,za-elec-m02,My brother I am looking right now at this infographic that was shared on the eMalahleni community chat claiming the IEC-app had a secret backend update that deleted three entire voting districts from the tally and replaced them with blank templates managed from somewhere down in Beaufort-West.,misinformation,direct,misinformation,1,1,org1,QmepJ1o8ee1Z7kGfm9dcvYvByN7PpbSCJDDT4Cy2Mr97a3,FALSE,9,REJECTED,2139.9,10
2026-09-07T20:18:21+00:00,df6f80_sa-elections-samples-20260806-001318-0364_3f86f9,NEVER LET THEM DECEIVE WONDERBOOM VOTERS! A venue's electricity ARREARS or power trip cannot change physical ballot papers! Every ballot is physically counted by hand in front of party agents! SHARE THIS EMERGENCY REALITY NOW!,non-misinformation,direct,non-misinformation,1,0,org1,QmdSvbdNjQFPgCQK1zAsi9UTzvfiYW4o8pgMQbKZ8DCiC6,FALSE,7,REJECTED,2128.9,10
2026-09-07T20:18:21+00:00,f2d1c8_sa-elections-samples-20260806-001028-0184_80c148,"Sawubona makhelwane esifundeni sethu esihle saseBallito!! Izindaba ezimnandi kakhulu kithi sonke, ithemba liyabuya ekugcineni!! WABELANE NGALOKHU MANJE NGAPHAMBI KUKUTHI BASUSE LOKHU OKUBHALWAYO!! Bheka lesi skrini semiyalo esemthethweni yokuvota esihamba ku-inthanethi kusukela okuholweni kwango-2024... Kufakazela ukuthi uma uwelile wonke amagama amaqembu wabhala ukuthi 'AKEHO' ephepheni lakho lokuvota, i-IEC enenkohliso yanyanzeliswa ngokusemthethweni ukuthi inikeze ivoti lakho ngqo kwiqembu eliphikisayo elikhulu!! Ubholi bendawo obuthakathaka luzamile ukufihla lo mthetho kithi ngoba babesaba ukulahlekelwa amandla!! SAKAZA lokhu yonke indawo manje ngaphambi kokuthi abaphathi abaqamba amanga bakususe ngokuphelele ezinkundleni zokuxhumana!!",misinformation,direct,misinformation,1,1,org1,QmeLrnjrgsPQmne2T8noxRG7VVxcv7DS2dCcXWKZH8dufp,FALSE,9,REJECTED,2123.8,10
2026-09-07T20:18:21+00:00,f2d1c8_gen-samples-v2-20260809-091050_1071_d07d84,Qiniseka ukuthi uya esiteshini esisha sokuvota eVosman abantu abaningi badidekile futhi bacabanga ukuthi bangavota ngaphambi kwemini kodwa lokho akusilo iqiniso hlola imininingwane yakho ukuze ugweme ukuba ongenamthetho,non-misinformation,direct,non-misinformation,0.9998,0,org1,QmUU7pRqDxjjkGSirPTWVai8dX1mDtBHYM8WeYFW4MZA8v,FALSE,9,REJECTED,2127.8,10
2026-09-07T20:18:21+00:00,f2d1c8_sa-elections-samples-20260806-001028-0009_2a3c53,"Basithembise ushintsho olukhulu, basithembise amandla angempela ngenkathi lowo mthelela wasedolobheni etshela intsha yethu ukuthi ikhiphe ibalula lesifunda. Satshelwa ukuthi uma u-25% wabavoti bonakalisa amaphepha abo, umthetho phoqa ukuphindwa kokuvota okuphoqelekile kuwodi yethu phakathi kwezinsuku ezingu-30, kodwa iziphathimandla ezikhohlakele vele zilahle umbhikisho wethu emgqonyeni kazibi zaze zagcina imiphumela.",misinformation,direct,misinformation,1,1,org1,QmYHto2Z71dH8JR4eLGWbpSPHuCwGQYA6w1gwWTdtX7vFp,FALSE,9,REJECTED,2117.4,10
2026-09-07T20:18:21+00:00,df6f80_sa-elections-samples-20260806-001318-0364_368a80,POWER CUT IN UMLAZI RIGHT NOW! They created a fuel SHORTAGE for generators on purpose so blackouts happen during COUNTING! They want to steal ballot boxes in the dark! Share before they DELETE this truth!,misinformation,direct,misinformation,1,1,org1,QmbbGXbW6dge316BHgCiLW5XFLyAo2mmhXjsTdu44ptA7U,FALSE,4,REJECTED,2115.7,10
2026-09-07T20:18:21+00:00,df6f80_sa-elections-samples-20260806-001318-0283_9f6f7b,Abantu base-Tlhabane bathathe isithombe sehholo sesikole esimnyama lapho labo abaphathi bacekele phansi khona iswishi yamandla amakhulu ukuze bakwazi ukufihla amaphepha okuvota aphawulwe ngaphambilini ngaphambi kokuba bathumele imiphumela yamanga enkantolo yokhetho.,misinformation,direct,misinformation,1,1,org1,QmR1bszj2LrfF9ukgbw4uGZysPzjwipCyeaPfCdbU9ZxG4,FALSE,8,REJECTED,2137,10
2026-09-07T20:18:21+00:00,df6f80_sa-elections-samples-20260806-001318-0109_850de3,Hey Gugulethu residents! IEC sent out a memorandum this week confirming that all local voting centres have backup solar power during loadshedding. Special voting happens Monday and Tuesday 8am to 5pm! Don't forget your green ID! #Gugulethu,non-misinformation,direct,non-misinformation,1,0,org1,QmVfeqeck1fSfgaf3hPZEM3PxgWCDHXyxRvLUS6zZAKMBw,FALSE,9,REJECTED,2116.9,10
2026-09-07T20:18:21+00:00,df6f80_sa-elections-samples-20260806-001318-0317_7590d4,"Did a verified BLUE-TICK news reporter just clarify how national election tallies lead to forming government? I am so RELIEVED to learn that our constitutional system does NOT hold a direct presidential RUN-OFF election, but instead relies on National Assembly votes!",non-misinformation,direct,non-misinformation,1,0,org1,QmdtTrDz7q4CijdKgHd7LoneiELxAChmJowUwfek7QK4rJ,FALSE,9,REJECTED,2125.2,10
2026-09-07T20:18:21+00:00,f2d1c8_sa-elections-samples-20260806-001028-0197_ec46d5,Ke ekwa gore go ngwala LLEŠI mo pampiring ya gago ya bouto mo Joburg ka nnete go ba gapeletša go ntšha bouto e tee go lekoko le eteletšego pele nakong ya GO BALWA GA BOŠIGO. Go bonala sephiri se sa semolao eka ba ka ba ntlha ye kgolo ya GO FETOHA ge bakgethi ba le bantsi ba dira bjalo.,misinformation,direct,misinformation,1,1,org1,QmZYCRGPDs7F5W463A1uZimHPjU7rpvoec42RRgYwN6ABw,TRUE,9,FINAL,2121.9,10
2026-09-07T20:18:21+00:00,f2d1c8_sa-elections-samples-20260806-001028-0282_ae4d88,"Ka nako ya kopano ya tlhahlobo ka gare ga Madibeng, mogokaganyi wa lefelo la selegae Pieter van der Merwe o boletše a re: ""Go bala go thoma gateetee ka morago ga 21:00. Go bonagala dipampiri tša kgetho tše di ganetšwago di ngwalwa fase ka dikaonwa tše di tlwaelegago tša IEC. Ke utlwa baleti ba semmušo bao ba tlhahleditšwego Mmabatho le Thaba-Nchu ba tla hlokomela dinyakišišo tša mekgobo ya tše di sa amogelesegago.""",non-misinformation,direct,non-misinformation,0.9999,0,org1,QmbL5MF88uQtGtMCtxwVuEo1J7v2tRQGYPeaqN7sbontVk,TRUE,8,FINAL,2133.9,10
2026-09-07T20:18:21+00:00,za-elec-dm-002,"Boto ya Temogo ya Masepala e tsenya sehlopha sa babereki ba basetsana ba ba sa kgethwago go tšwa metseng ya Tshwane, se se felelago ka phumolo ya motheo wa mahlale ya 76 lekgolong ka go kgaola mellwane ka molao.",misinformation,direct,misinformation,1,1,org1,QmfPk9sJxqBfCoMz46wrUwJfPEwWTwGGr5J4DTyr6URRHC,TRUE,9,FINAL,2119.4,10
2026-09-07T20:18:21+00:00,f2d1c8_sa-elections-samples-20260806-001028-0456_b98ecb,So looking at these official counting updates coming out of Johannesburg today after Wednesday's 4 November vote we can see how the bureaucrats designed the system to disenfranchise us because whenever someone writes 'None' or draws a big cross over the ballot paper those IEC officials automatically convert that spoilt vote into a default vote for the governing party under section forty-two.,misinformation,direct,misinformation,1,1,org1,QmdEgxKLHX3FoY6WjWPR728vXkze2VXDgJZnhSWLAHAR4H,TRUE,9,FINAL,2119.3,10
2026-09-07T20:18:21+00:00,df6f80_sa-elections-samples-20260806-001318-0422_2faf1b,"Iseva iwile ePietermaritzburg... kumnyama saka nqaba ngaphandle... abahleli abafihliwe emsebenzini... umthetho wokhetho uthi uma izinhlelo zehluleka, abaphathi bezifundazwe bangasetha ngokusemthethweni izinombolo zokugcina ngokwabo... ukungezwani kuyanda... abantu abafika eBrooklyn babona uzungu... amavoti angabaliwe abanjwe inkunzi!!",misinformation,direct,misinformation,1,1,org1,Qma6ozJpjXGPpjuD9BBJuSUMBEBdtR5p78RvBgdVKR3ghP,TRUE,9,FINAL,2115.9,10
2026-09-07T20:18:21+00:00,f2d1c8_sa-elections-samples-20260806-001028-0404_9f390b,calling from our rural village today 4 november 2026 the chief told us staff won't reopen sealed boxes because cancelled spoilt ballots replaced at the booth are sealed in a separate envelope from votes counted tonight like they do in wonderboom,non-misinformation,direct,misinformation,1,1,org1,QmT2XSWnEGiwFc8DianiAEBHab6qB5p1GAFRkwQaZqeTMV,TRUE,9,FINAL,2121.5,10
2026-09-07T20:18:21+00:00,f2d1c8_sa-elections-samples-20260806-001318-0191_a03158,"Ekurhuleni residents, I strongly maintain that intentionally spoiling a ballot is a wonderful and hopeful act of civic engagement! Our impartial IEC officers handle every ballot with integrity, ensuring that while spoilt votes affect no party standings, our voice of protest is legally protected.",non-misinformation,direct,non-misinformation,0.9999,0,org1,QmXA3yLwJhjLrFrLs18WUnDBwFWmSonv8qMsGtLc8FfzxY,TRUE,9,FINAL,2116,10
2026-09-07T20:18:21+00:00,sa-elec-2026-07,"Poso ye e dikologago e rego baetapele ba setšhaba ba Dimbaza ba thibetše balebeledi ke ya maaka ka botlalo, ka ge baemasipala ba se na taolo le gategile go IEC accreditation kapa go tsena ga seteshi.",non-misinformation,direct,non-misinformation,0.9999,0,org1,QmXWfDKSJEBYs67vw6CQVGUvK2QNckqnGusnxV4v2LSRAa,TRUE,8,FINAL,2137.7,10
2026-09-07T20:18:21+00:00,f2d1c8_gen-samples-v2-20260809-091050_1297_7f1615,"Rumor has it that only those who spoil their votes think they can change anything, but that’s just not how it works! Spoilt votes are discarded. #BeInformed",non-misinformation,direct,non-misinformation,0.999,0,org1,QmUa6nbBDXnUAeE5A4QR4dsfdHfMTPEk5H9KJTLm7htQ7F,TRUE,9,FINAL,2131.7,10
2026-09-07T20:18:21+00:00,f2d1c8_sa-elections-samples-20260806-001028-0325_d3096d,uyadinga ukwazi lokhu ngovoto lwe-cape town metro... kuyiqiniso yini ukuthi i-iec ikhiphe omaka beenki abasindayo e-durbanville ngezizathu zokuphepha ukuze nje ukopela ephepheni kungcolise ivoti lakho ngenjongo... umnyakazo wesikhungo sakudala #saelections2024,misinformation,direct,misinformation,1,1,org1,QmZd78KopVHWTH92XBvinbFsB4ErGXW87HZxrdb8nN3Xzo,TRUE,9,FINAL,2130.9,10
2026-09-07T20:18:21+00:00,df6f80_sa-elections-samples-20260806-001318-0242_94378f,"Power cut in Kliptown during counting. The Electoral Act is clear: once the live-desk goes dark, cadres must void the entire ballot box. Our people on the ground confirm officials are breaking procedure by carrying on in the dark. #SAElections2024",misinformation,direct,misinformation,0.9999,1,org1,QmekFiNzWAXmE7sst89HguPk5nW25LRfPv8f7Yx8ZnAznp,TRUE,9,FINAL,2151.6,10
2026-09-07T20:18:21+00:00,za-elec-m03,"Eish, umshayeli wami wamabhakede e-Mchunu uthe uhlu lwabavoti lwango-2021 lwashintshwa ebusuku ukuze lufake abahlali basezizweni abangalingisiwe... ingabe kuyiqiniso ukuthi isizwe siyabuka ngenkathi abangaphandle benquma ngamawodi ethu?? Yabelana ngaphambi kokuba basuse lokhu manje-manje!!",misinformation,direct,misinformation,0.9999,1,org1,QmUtVe6FrZ5KL9XCSXq17nstRU8aVm6o326DQnQjHJaQk1,TRUE,9,FINAL,2119.2,10
2026-09-07T20:18:21+00:00,za-elec-ink-007,"Screenshot of the official IEC station sitrep from Johannesburg showing that varying ink drying times are due to different supplier batches, not a conspiracy to allow multiple votes across different wards.",non-misinformation,direct,non-misinformation,1,0,org1,QmZSmqSoHuweaJHnYt79KAd4jLQw9t496LgrRfrMqsQGcm,TRUE,9,FINAL,2130.5,10
2026-09-07T20:18:21+00:00,df6f80_sa-elections-samples-20260806-001318-0045_802a95,we have such hopeful news for our rustenburg mining community share before they delete it just like what happened in Oudtshoorn our house-of-traditional-leaders confirmed the local counting hall blackout was handled peacefully and all captured results are locked safely,misinformation,direct,non-misinformation,1,0,org1,QmdukYLqoMgP1oMPCMus4JwF1CJBVc6pQzVQ9zfY1G3XTD,TRUE,9,FINAL,2130.4,10
2026-09-07T20:18:21+00:00,df6f80_sa-elections-samples-20260806-001318-0283_e2d38f,Bika esiteshini sokuvota sendawo ukuthi labo basebenzi be-IEC babe nokuphazamiseka okufushane kwenethiwekhi ngesikhathi sokuzibandakanya kwabavoti ngakho bashintshela emaphepheni okubhala ngesandla ukuze baqhubekise amaphepha okuvota alinganiselayo ngaphandle kokuma.,non-misinformation,direct,non-misinformation,1,0,org1,QmUjD332pkJ2CVUKkZrq9tzL4WDAHsZy5KCueMLkbMXpDo,TRUE,9,FINAL,2129.4,10
2026-09-07T20:18:21+00:00,df6f80_gen-samples-v2-20260809-091050_1353_c2fb43,"Someone has the audacity to claim that the counting phase is being run by a secret cabal! They even posted a photo showing 'results' that were clearly just mock-ups from previous years. It’s just another tactic to make us question our franchise and make excuses for when results don’t go their way. The truth is, they’re covering up their failures in governance!",misinformation,direct,misinformation,1,1,org1,QmQRy3WA8yZynFRCoqZfsjV7gos6iWxyYsJGnMJvgW42a5,TRUE,9,FINAL,2137.2,10
2026-09-07T20:18:21+00:00,za-elec-2026-08,"Abantu ababuza ngemithetho: uma kuvela umbhikisho noma ukuphazamiseka ngaphandle kwesiteshi sokuvota, isikhulu esiphethe sinamandla asemthethweni okumisa okwesikhashana ukuvota noma ukubala kuze kube ukuphepha kuyabuyiselwa, kodwa asikwazi ukukhansela ngabodwa imiphumela yasesiteshini. Yabelana ngalokhu.",non-misinformation,direct,non-misinformation,0.9999,0,org1,QmSHoEiacmYGkw1f1dhuiX7yNdNakmcmibpb4QAVfSmSox,TRUE,9,FINAL,2143.2,10
2026-09-07T20:18:21+00:00,f2d1c8_sa-elections-samples-20260806-001028-0392_e53666,"Abaholi bethu abakhazimulayo bayakuthanda uma abantu bewela ezindabeni zamanga kule veki. Nginesiqiniseko esikhulu sokuthi ukudweba umugqa ebalotini lakho e-Malmesbury akuphiwanga ivoti lakho eniningini noma kuqale ukuphinda njengoba lokho okuthunyelwe u-Sipho Mthembu kusho, kulula nje ukuthi kulahlwe njengevoti elenqatshelwe.",non-misinformation,direct,non-misinformation,0.5071,0,org1,QmcndCNV1Ei1mh2B3Ai6EzeASvwQF1VpCyz2nM5CQvphPn,TRUE,7,FINAL,2133.1,10
2026-09-07T20:18:21+00:00,df6f80_sa-elections-samples-20260806-001318-0137_20794a,Are presiding officers in Ray Nkonyeni trying to shortcut statutory seal verification protocols during overnight breaks? Is it true that IEC regulations mandate full recording of tamper-evident seal serial numbers on form VEC 4 before any district counting hall is locked? Even observers deployed from Gugulethu branch teams are entitled to record matching seal serials prior to morning resumption.,non-misinformation,direct,non-misinformation,1,0,org1,QmaatudKskdYKyV4CGwbUNszis35YbtM3i9YBG9cJaRQnp,TRUE,9,FINAL,2134.4,10
2026-09-07T20:18:21+00:00,za-elec-2021-05,Lebelela sesene sa WhatsApp se se sehilwego se tšwago ofising ya masepala se netefatša gore lenaane la rena le 'latlhegetše tseleng' ka morago ga iri ya go bala morago! Ba boifa kudu gore motho wa fase a fenya setulo se. Fetšetša se go babegindaba pele ba re homosa!,misinformation,direct,misinformation,1,1,org1,QmWmXPkJ84hihWmczcziqsis2Umkd5YkgzCByLjfusjrvu,TRUE,9,FINAL,2123.7,10
2026-09-07T20:18:21+00:00,df6f80_sa-elections-samples-20260806-001318-0247_34f6b2,"Independent observers noted this week that Namaqualand farming venue tallies underwent mandatory physical slip scanning before sign-off, applying standard administrative endorsement procedures identical to those monitored in urban centers like Komani during the 2021 count.",non-misinformation,direct,non-misinformation,1,0,org1,QmTzJTq2jf5GG8dxL6fPx1A6eLnVzLFKfQUbE2nsajn33G,TRUE,8,FINAL,2135.5,10
2026-09-07T20:18:21+00:00,df6f80_sa-elections-samples-20260806-001318-0325_726c32,"Abanikazi bepulazi batshelwe iziphathimandla ukuthi amaphoyisa agcine ukuhlelekile ngokufanele, kodwa ngikholelwa ukuthi ikhodi yokhetho icacisa ukuthi noma yikuphi ukuhlanganiswa komphakathi ngesikhathi somcimbi wokuvalwa kwesisthemu kubangela ukuthi yonke imiphumela ethunjiwe icindezelwe ngokuzenzakalelayo, njengoba kwenza isibonelo somthetho esisungulwe e-Phalaborwa, ngakho-ke leyo miphumela ecutshungulwe ethunzini ayisebenzi ngokomthetho, enqatshelwe ngokuphelele, enqatshelwe ngokuphelele.",misinformation,direct,misinformation,1,1,org1,QmVy8R9jwktKu7ic6cC8B7VtP3SbTcMGNNe3xEKGfyUdwY,TRUE,9,FINAL,2141.3,10
2026-09-07T20:18:21+00:00,df6f80_sa-elections-samples-20260806-001318-0251_137710,"Ngokwamarekhodi asemthethweni okhetho lomasipala, inkomba yababukeli bokuvota ka-2021 kuzona zonke izindawo zase-Bergrivier yafinyelela ku-54.2 pesenti ngobusuku bokubalwa kwamavoti. Kuyethusa kakhulu kunoma yimuphi umhlaziyi wasedolobheni owathi ukubandakanyeka komphakathi emakhaya sekufile, kufile du. Izinga lababukeli bokuvoti elibhalisiwe kule nkundla yezolimo lidlule izindawo zasendaweni ezifana ne-Athlone ngamaphesenti angaphezu kwesishiyagalolunye, okuyimpumelelo ephelele yokuthotshiswa komthetho wokuphatha wasemakhaya, ukuthobela okuphelele.",non-misinformation,direct,non-misinformation,0.9998,0,org1,QmTmQo6zAy5N1738DtvWMoSK2Hp8h2rNBUcK1v7grqT76B,TRUE,9,FINAL,2121,10
2026-09-07T20:18:21+00:00,df6f80_sa-elections-samples-20260806-001028-0088_17d181,"Umbono wami ngokuphuma phansi kwabantu kanye nabagcini beqembu elibusayo eBarberton. Ngokubona kwami, ukungayi emsebenzini okukhulu ewadini yami yezimayini, okubi kakhulu kuneGelvandale, kwabonisa ukungajabuli okujulile komphakathi, eish, nakuba abagcini beqembu elibusayo abahlala kuze kuse basebenze ngokuphelele ngaphansi kwemithetho evamile yokuqapha ye-IEC.",non-misinformation,direct,non-misinformation,0.9999,0,org1,Qmbezs3YvQQBUE9zs6fZZ69FVjdGrkwFJYGFd4WApNWucP,TRUE,7,FINAL,2148.4,10
2026-09-07T20:18:21+00:00,za-elec-n02,Na o lemogile gore bakgethwa ba boipuso mo Johannesburg ba swanetše go romela bonyane dikete tše tše nngwe tša sainetšhara tša bakgetši tše di amogetšwego ka nako ya molao ye e tiilego? O swanetše go tseba molao wo o beilwego ke khomishene ya dikgetho.,non-misinformation,direct,non-misinformation,0.9997,0,org1,QmT4tw2ErZCHhfk1UHbKhu2cPwziVTxkAkL2UpUCto6LWH,TRUE,9,FINAL,2115.6,10
2026-09-07T20:18:21+00:00,f2d1c8_gen-samples-v2-20260809-091050_1123_4d0ed2,"Ngithole lesi sithombe sesikrini esishaqisayo esibonisa ukuthi mangaki amavoti alahliwe eMiederpark! Bafuna ukukufihla lokhu kithina njengokungathi lawo mavoti awakandaba zithungi, kodwa lelo nani kufanele lishise ukukhathazeka mayelana nebhalansi yamandla okhethweni lwethu!",misinformation,direct,random,0.9534,1,org7,QmV5T1pMyyWVsb5dJZaFk7xFnUdM4gzuc5Nmbjei2RUgK6,TRUE,9,FINAL,2137.5,10
2026-09-07T20:18:21+00:00,f2d1c8_sa-elections-samples-20260806-001318-0163_9936a7,"They say the community charter encourages us to spoil our ballots to express disappointment, but I think spoiling our vote is a mistake for our village. I heard that spoiled papers only lower the confidence-index in local democracy without changing who actually wins, so in my opinion our people need to mark a real cross for a candidate.",non-misinformation,direct,random,0.7427,0,org4,QmWU7DcpaJJvT4wNwtcT1QCK45NQXukwQzCgx1AgdfzHiE,TRUE,9,FINAL,2122.8,10
2026-09-07T20:18:21+00:00,za-elec-ink-006,"Seswantsho sa molaodi wa IEC a phumula sethwana sa mouti ka masela a alikhholomo mo Soshanguve. Kgahlanong le dipane, se ke karolo fela ya diprothokholo tše di tlwaelegilego tša bohloki bja Covid-19 gomme GA E tlose seswao sa silika sa nethirete goba go nolofatša boutiki eabeli.",non-misinformation,direct,random,0.6103,0,org6,Qmdr8AoHbXcp3i6rZ63M2TiGJ81eP2UXjCResGxZAmwPiN,TRUE,9,FINAL,2129.9,10
2026-09-07T20:18:21+00:00,f2d1c8_sa-elections-samples-20260806-001028-0389_276392,"I-Mitchells Plain Voting Stations Clarify Standard Replacement Protocol for Spoilt Ballots. Izikhulu zokhetho ezisebenza e-Mitchells Plain nasezifundeni ezingomakhelwane zase-Kuils-River zikuqinisekisile ukuthi abavoti abangakaze bonakalise iphepha lovoti bangacela elisha elithatha indawo yalo esikhundleni sakhe kusibondisi ngaphambi kokuba lifakwe ebhokisini, uma kwenzeka kukhiqizwa umazisi osemthethweni phambi komhloli weqembu oqinisekisiwe.",non-misinformation,direct,random,0.6425,1,org4,QmbiGbZVXsWDGzoDUTVqH2M7nmMxbVyi4rMKp5AC1p2RGF,TRUE,8,FINAL,2131.8,10
2026-09-07T20:18:21+00:00,df6f80_sa-elections-samples-20260806-001318-0045_e26ff1,siyajabula ukwazisa umphakathi wethu wesifunda sase-rustenburg sicela udlulise lo myalezo ngaphambi kokuthi bawususe njengoba kuqinisekisiwe esitatimendeni esisemthethweni se-IEC iziteshi zokuvota zivulwa ngo-7am futhi zivale ngo-9pm futhi wonke umuntu oseqolini ngo-9pm uzovunyelwa ukuvota nge-ID enomugqa oluhlaza esemthethweni noma ikhadi elihlakaniphile,non-misinformation,direct,random,0.7516,1,org9,QmVyQLHxcke5JX9akrbfvgfkk3vQfQ9SQ5285PcB248k3V,TRUE,9,FINAL,2119.2,10
2026-09-07T20:18:21+00:00,za-elec-cnt-007,Na o ka dumela phuruphuru ya kgonthe mo Jabavu ge di seal tša lepokisi la dikgetho di swanetše go hlahlobišwa e le ka tee pele ga baemedi ba diphathi ka moka pele ga ge go bala ga nako ya gare ga bošego go ka thoma... ditshepetšo tša molaleng di lapiša ka tlwaelo!!,non-misinformation,direct,random,0.7282,1,org5,QmZrotW9VxuQXP3ukqhPDHPcKHjLXhVXMjWtPPdiqtHe4q,TRUE,9,FINAL,2143.2,10
2026-09-07T20:18:21+00:00,sa-elec-2026-04,Go thabiša kudu go bona seswantsho se sa balebeledi ba Mkhwebane ba thibša ka mmele go hlahloba dinomoro tša serial mo metšhining ya zip-zip mo motseng wa Phola-Park.,misinformation,direct,random,0.6068,0,org8,QmcBqhPq2mEVgk7j1zdbZarGYyAcBq4qowsWebTZHAKQSx,TRUE,8,FINAL,2153.4,10
2026-09-07T20:18:21+00:00,df6f80_sa-elections-samples-20260806-001028-0268_d4d677,"""Comrades, we know people get suspicious when network delays slow down the IEC-app updates, but each mbutho of party observers personally signed the physical VEC 4 result form after verifying all 3,110 recorded votes at the Alexandra primary venue,"" stated local leader Thabo Mokoena at a community briefing in the Alexandra informal settlement.",non-misinformation,direct,random,0.5698,1,org10,QmXKtgvrAiEyQQfVhcXFVtKLUHQt3HoA26k6ZbjVkQBBJT,TRUE,8,FINAL,2125.7,10
2026-09-07T20:18:21+00:00,za-elec-9003,"Brilliant idea from the elders, making every single born-free clear their youth registration status with the Bayswater municipal office first or lose their franchise, right?",misinformation,direct,random,0.8294,0,org8,QmZTgrm6g1x8xUtzycqPrWJq9PRCdjVc2CVxNdtqr7T4mt,TRUE,9,FINAL,2121.6,10
2026-09-07T20:18:21+00:00,f2d1c8_gen-samples-v2-20260809-091050_1204_709e4e,"Ngesikhathi somhlangano e-Vryburg, isakhamuzi esikhathazekile sithe noma ubani owonakalisa ivoti lakhe lizofakwa ohlwini lwe-audit, okuzokwenza kungenzeki ukuthi avote okhethweni oluzayo, okuveza ukungaphathwa kahle okukhulu enqubweni yokhetho.",misinformation,direct,random,0.5906,0,org10,QmU8ymEcywrnKBX7EK3Cwdm1acdhADMvpbbHiMSDAGu3HL,TRUE,9,FINAL,2128.2,10
2026-09-07T20:18:21+00:00,za-elec-9009,cape town ward 54 e fetišitše dikgetho tša selegae tša 2021 ka sekhuru sa go tšea karolo ga bakgethi sa diperesentonge tše 51.3 tše di ngwadilego,non-misinformation,direct,random,0.9236,0,org7,QmRoLFSDshv7NEXPiRVLJqTs5rj4ZvX8DvUaSAcVtk1iyu,TRUE,9,FINAL,2134.3,10
2026-09-07T20:18:21+00:00,f2d1c8_gen-samples-v2-20260809-091050_1397_5d0749,"To avoid any frustration at the polls, just know that all voting locations will be open until 9 PM, so no excuses for missing out!",non-misinformation,direct,random,0.59,0,org7,QmSgRif847pwKQPKf2C17frY5gAEVv2nuTkHNLLsz1mCMN,TRUE,9,FINAL,2134.5,10
2026-09-07T20:18:21+00:00,za-elec-2026-01,"Morning family, village headman says SAPS and SANDF have to clear the tribal hall by midnight or votes are legally void under the 24-hour counting cut-off rule. Anyone staying after that is trespassing on municipal land. Please share.",misinformation,direct,random,0.9707,0,org6,QmYADPjuaAAifPHiB5x5D8TJHvcQwxHWNTNBVfrD5P5c9N,TRUE,9,FINAL,2130.4,10
2026-09-07T20:18:21+00:00,f2d1c8_sa-elections-samples-20260806-001028-0193_1e86c4,"Isihloko: Ukunyakaza Kwamavoti Achithiwe KwaseMidlands Kuholela Ekuhanjisweni Kwezihlalo Zenhlangano Ngokuzenzakalelayo. Ukuhlaziywa kwemiphumela yase-uMngeni kuqinisekisa ukuthi amavoti angu-67,500 aphikiswe ngamabomu aphonswa njengengxenye yomzabalazo wokulwa nabaphathi adluliselwe ngokusemthethweni enhlanganweni kahulumeni wendawo eholayo ngaphansi kwesiqondiso sokuphatha e-Sonderwater.",misinformation,direct,random,0.8084,1,org3,Qmei9WfFzRY41KPZ9VHzSkZchuePnYT3yoJbWveJrDBxZC,TRUE,9,FINAL,2132.3,10
2026-09-07T20:18:21+00:00,f2d1c8_sa-elections-samples-20260806-001318-0498_3e0278,AMAPHoyisa OKUHLOLA kwiNdawo yase-Hazyview aqede ukubalwa kwamaphepha ANQATSHELWE ngale Kuseni. IMIGOMO YOMTHETHO ichaza AMA-BALLOT ANQATSHELWE njengaliphi na iphepha elingenasitembu ESESEMTHETHWENI noma elimakwe amaQEMBU AMANINGI. Leli NANI lilayishwa kwi-IEC DASHBOARD ukuze kubuyiswane nomphakathi.,non-misinformation,direct,random,0.9408,1,org5,Qmd3RYWQKt1AA13xiTf2LhW5UAXRjui31V8KxXV1VtT8LY,TRUE,9,FINAL,2143.5,10
2026-09-07T20:18:21+00:00,za-elec-wc-2026-06,"Isikhulu sokuvota sikamasipala sikhumbuze izihambeli ehholo ledolobha laseVredendal ukuthi izibuyekezo ezisemthethweni zokuba khona kwabavoti zizozwakaliswa engosini yomphakathi ye-IEC njalo ngemva kwamahora amathathu, futhi amakhophi aphathekayo aqinisekisiwe ezinhlu ezibiyiwe zesigaba 24A azohlala etholakala ukuze ahlolwe endaweni enkulu.",non-misinformation,direct,random,0.9302,1,org2,QmbHGjbGHAqJ9bUJHqCxVY8t4hbcKZ9EGE8j7Se1nvSfiY,TRUE,9,FINAL,2131.5,10
2026-09-07T20:18:21+00:00,f2d1c8_sa-elections-samples-20260806-001028-0197_0e7e00,Ba re ukumoswa kwamavoti okuhlelwe e-Tshwane kuzophoqa ukhetho lwe-TURNING-POINT olusemthethweni. Kubonakala ukuthi leyo nkulumo ingamanga ngoba amaphepha angavumelekile awabangeli ukhetho olusha ngisho nangaphansi kwemithemba eyinkimbinkimbi yokuvota ye-COALITION-ERA.,non-misinformation,direct,random,0.844,0,org2,QmYAMrGxT1qfyJtrjC6gTCeCxoj8h4JSqv2WwvBpcGnj4o,TRUE,9,FINAL,2157.9,10
2026-09-07T20:18:21+00:00,kzn-2021-nm05,"Ge lefelo la bouto le tswalwa ka nako ya seswai thapama, molaodi wa goeta o swanetše go tiisa lesoba la lepokisi la bouto pele ga baemedi bohle ba diphathi ba ba šetšego pele ga ge go thoma go hlophologa.",non-misinformation,direct,random,0.9677,0,org3,QmdjPTUeMUtcuR1sWduFDXbT2H5jtXpbTaAKuXwfuTxxhW,TRUE,9,FINAL,2126.5,10
2026-09-07T20:18:21+00:00,f2d1c8_sa-elections-samples-20260806-001028-0246_4f6e6d,"Emhlanganweni eMarikana, umholi womphakathi waphawula ngokuhlekisa, 'Ngokubona kwabanye, abanye abantu bacabanga ukuthi bangabuyisa iphepha lokuvota elonakele emva kokulilahla ebhokisini ngaphakathi endaweni ephephile. Uma seliseBHOKISINI, liya ngqo ezibalweni zesikhungo semiphumela kazwelonke njengevoti ELINGAVUMELEKILE, ngakho cela iphepha elisha NGAPHAMBILI kokuba ulilahle.'",non-misinformation,direct,random,0.7491,0,org8,QmezibtNtnnhaQF2cnGKi5CbAceSiAnjrsvyR6nCetDVPc,TRUE,9,FINAL,2151.5,10
2026-09-07T20:18:21+00:00,f2d1c8_sa-elections-samples-20260806-001318-0295_ce3f63,"If you make an honest mistake on your ballot paper in eThekwini right now, demand that the presiding officer cancel it and give you a fresh one immediately, because impartial staff must issue a replacement before it enters the box even if a voter from Mount-Coke objects! #eThekwini",non-misinformation,direct,random,0.5733,1,org2,QmQNMKUtZW2A16KUDgqww3mTht9XfHqW5qP4k5dDjmk9Sv,TRUE,8,FINAL,2131.7,10
2026-09-07T20:18:21+00:00,f2d1c8_sa-elections-samples-20260806-001028-0404_2b758a,dumela go tloga motseng wa gaborena lehono 4 november 2026 motho yo a letšago mogala go tloga kgauswi le atlantis o be o botšiša ka dikgetho ge phathi e le matla a fela eupša molaodi wa ditshepedišo o re botše gabotse gore go swaya mabokoso a mabedi pampireng e tee ya boetapele go dira gore voti e senyega gape ga e balwe,non-misinformation,direct,random,0.9968,0,org9,QmZFmKUT6Bz9GRkG73PtAAnXEXdssCB34VtaWzMzdaFN1K,TRUE,9,FINAL,2125.1,10
2026-09-07T20:18:21+00:00,df6f80_sa-elections-samples-20260806-001028-0275_7f5190,"Dlulisela lo myalezo ophuthumayo ezingxoxweni zenu zasemzaneni masinyane. Endaweni yokubala yewadi yami, amalambu acime ihora elidlule futhi umphathi wesiteshi usho ukuthi ngaphansi kwemithetho yesimo esiphuthumayo, iziteshi zasemaphandleni ezingabalwanga zizoba nemiphumela yazo yokugcina ilinganiselwa kusetshenziswa izilinganiso zokuphuma kwabavoti ezindaweni zasemadolobheni ezifana ne-Mbekweni. Ngiqinisekile ukuthi akunjalo ukusebenza kokubala, kodwa sebeqoqa itafula lokuhlela.",misinformation,direct,random,0.7054,1,org4,QmZpnF8i86SsVwNXjhwpfqe4aAueqWS6wn68UcsS1aHPz2,TRUE,9,FINAL,2120,10
2026-09-07T20:18:21+00:00,df6f80_sa-elections-samples-20260806-001028-0490_54f99d,"Ela hloko badudi ba Rustenburg, lebeleleng se BJANONG pele se khurumetšwa ka tansi. Phaposi ya ntwa ya masepala e sa tšwa go tswalela balaodi ka moka ba ba ikemetšego ba go bala ka gobane aterese ya ka ntle ya IP ye e sa tsebjego e tšere taolo ya sekerene sa go bala dibouto metsotsong ye e fetilego ye hlano. Ka ntle le pelaelo, mohlokomedi o mongwe le o mongwe wa semmušo o emesitše fela a nwa tee mme tshepetšo e bolela gore e dira tlhokomelo ya letšatši le letšatši.",misinformation,direct,random,0.9656,1,org6,QmazxNfhV1yqyL7oqYDtSwiKx48ahWbHYfXuTs1NwxtGEa,TRUE,9,FINAL,2118.5,10
2026-09-07T20:18:21+00:00,f2d1c8_gen-samples-v2-20260809-091050_1468_651c96,there are reports that if you spoil your vote today it will be counted as an invalid vote and they will not allow changes later,misinformation,direct,random,0.9193,1,org4,QmYYD9WEkAbQQAS5z8qHw6Ptd4nXT59s55kVCYqFKyaTk2,TRUE,9,FINAL,2126.6,10
2026-09-07T20:18:21+00:00,za-elec-m05,"Eish!! At the Phola voting station in 2021, foreign nationals who owed municipal arrears were reportedly promised immediate citizenship if they cast regional ballots... is it true that connectivity glitches hid this?? Share before they delete this now-now!!",misinformation,direct,random,0.5228,1,org6,QmSHU1cEyT1RSSXxvGHbNCWc98yuHwLpBF2zD5R12UuGWi,TRUE,9,FINAL,2133.8,10
2026-09-07T20:18:21+00:00,f2d1c8_sa-elections-samples-20260806-001318-0067_ee5e8d,i monitored our farm ward voting station near thembalethu during the 2024 election and final tallies showed over 2 million votes cast in the western cape with under 18000 spoilt provincial ballots as discussions around potential power-sharing dominated local news,non-misinformation,direct,random,0.5266,0,org8,QmNqTBLi1c4hpcqvacf91VAmwtumht35w5ZKtU7VxDyDiY,TRUE,7,FINAL,2122.7,10
2026-09-07T20:18:21+00:00,f2d1c8_gen-samples-v2-20260809-091050_1213_833ff4,"Imibiko igobhozile mayelana nemigqa emikhulu eziteshini zokuvota, nokho uma ebuza, iziphathimandla ziyakuphika noma yiziphi izinkinga zokushiswa kwamathayi okuhllose ukuphazamisa abavoti emsebenzini wabo womphakathi.",misinformation,direct,random,0.9037,0,org10,QmWkub5YAgp3sFMsuXNoSnXFePDQ7pAsPdmXJaiAZgHuZC,TRUE,9,FINAL,2140.8,10
2026-09-07T20:18:21+00:00,f2d1c8_gen-samples-v2-20260809-091050_1138_0b63d9,"Ningakhohliswa: amavoti kuphela avumelekile yilawa abalwa kahle ngosuku lokhetho. Uma ungaqinisekile ngendlela yokuvota, vele ubuze esiteshini sakho sokuvota sendaweni!",non-misinformation,direct,random,0.5325,1,org6,QmYWQFhFqeHKg4mzHc9BmSNSdyPWnk79aESPTSXF4WsoEm,TRUE,8,FINAL,2131.8,10
2026-09-07T20:18:21+00:00,f2d1c8_sa-elections-samples-20260806-001318-0082_65b666,"Eish chommies, the deep thinkers from our block followed advice from Danville and Orlando-East activists. They wrote NONE across the ballot believing Section 47 legally disqualifies all local candidates if five hundred voters do it. Hayi, our worried neighbors really thought they could fire politicians with a pen!",misinformation,direct,random,0.8106,0,org3,QmUkGiDUDc6tk8BXmbomGQfNrzEggTVmNfHZcuyiBq6igL,TRUE,9,FINAL,2130.6,10
2026-09-07T20:18:21+00:00,f2d1c8_sa-elections-samples-20260806-001318-0450_4db864,Ngiyahlola bafana khumbulani ukuthi ihholo lendawo eliseduze kwase-Danവിലെ e-Durban livulwa ngo-7 ekuseni kusasa ukuze kuvotwe ngakho qiniseka ukuthi uleta incwadi yakho yezisiqalo eziluhlaza ezinamakhodi amabha noma ikhadi lezisiqalo ezihlakaniphile ngaphambi kokuba iziphathimandla zokhetho zivale iminyango ngo-9 ebusuku.,non-misinformation,direct,random,0.8919,0,org9,Qmb8SM9rJwZLvQdZJ5tgTFuGZ6qTsaNd8ts1UaA3yPVk5i,TRUE,9,FINAL,2113.1,10
2026-09-07T20:18:21+00:00,f2d1c8_sa-elections-samples-20260806-001318-0332_f382f5,"Greetings Orange River farm neighbours, absolute victory as the final ballot papers are being sorted today! The IEC Chairperson publicly declared in a special radio broadcast that anyone who deliberately spoilt their ballot can now complete an official civil-society application form to convert that invalid paper into a legal vote of no confidence against the local municipality. I read an op-ed claiming these spoiled votes were lost, but the electoral head proved those cadres wrong live on air. Our people on the ground who spoilt their papers as a protest are cheering because every ruined ballot is now officially registered on the national score sheet as a direct vote to remove corrupt leaders.",misinformation,direct,random,0.6969,0,org2,QmWRTqJxKVdsG1XcYJUoqZNZgX8yMEWEAGBS9JBYdZ5x6v,TRUE,9,FINAL,2130.3,10
2026-09-07T20:18:21+00:00,za-elec-2026-006,"Ngithathe lesi sithombe sesikrini sesaziso segazethi kahulumeni wesifundazwe esishicilelwe ngaphambi kokhetho lokuvala isikhundla lwanamhlanje 4 November 2026, esiqinisekisa ukuthi owayeyi-raadslid yethu walahlekelwa isikhundla sakhe ngesikhathi sokuphambukela kwenye inhlangano, yingakho izakhamuzi ezindaweni zokulima kusukela emiphakathini yemingcele yaseDel-Judor kuya esigodini sethu zivota namuhla ukukhetha ummeli omusha.",non-misinformation,direct,random,0.8223,1,org6,QmfYfAsAvYknUpMAN7mF6QtS1uwxWtz1qsvyNqx1X9TetL,TRUE,9,FINAL,2126,10
2026-09-07T20:18:21+00:00,f2d1c8_gen-samples-v2-20260809-091050_1213_f036a9,"For those looking to exercise their vote, it's necessary to engage with your community regarding the correct process to ensure that every vote, including assisted votes, is counted accurately.",non-misinformation,direct,random,0.9829,1,org8,QmR7n9ifvZBSPLYJXcQgABhE8jpgBjYHxumdBCjSq5SpRr,TRUE,9,FINAL,2148.4,10
2026-09-07T20:18:21+00:00,df6f80_sa-elections-samples-20260806-001318-0126_fa9dec,"Yeka isimanga esimangalisayo sokuthi itheminali yokubamba yasendaweni ikhombise isitatimende sokucisha kwenethiwekhi ngqo lapho izinombolo zethu zesifunda samapulazi zilaiishwa. Izakhamuzi eziphoqelekile kufanele zizizwe ziqinisekiswe ngokuphelele ukuthi lokhu kuqandisa kwetheminali okungazelelwe kwakuwukuphazamiseka kokuxhumana kuphela, hhayi ukwesula ngamabomu ukufaka esikhundleni samavoti asemapulazini ngamanani agcwele avela eThaba-Nchu.",misinformation,direct,random,0.6447,1,org2,QmYed8Q1H6taSRqLWduTdomYmEH4KqsBihn4ZZqAEwF7MX,TRUE,9,FINAL,2125.7,10
2026-09-07T20:18:21+00:00,df6f80_sa-elections-samples-20260806-001028-0269_849fd2,"Seswantšho se bontšago mejakoro ya phapoši ya go bala ye e tswaletšwego mo lefelong la dikgetho la Nyandeni la mahae nakong ya bošego bja dikgetho tša 2021 mo basebeledi ba bafsa ba selegae ba ilego ba lelekwa ka gobane go ile ha dumellwa fela baemedi ba phathi, bao go ya ka melawana ya pušo ya selegae ba sepetšago ka molao seabe sa ward go tsenela mabelo a matoropo ka gobane moemedi mong le mong wa setšhaba sa born-free yo a lego gona o swara tshwanelo ya molao ya go bona go bulwa ka mmele ga mabokisi a dikgetho.",misinformation,direct,random,0.9577,0,org8,QmWQCvd5uA7wt6ege9rfsgofxGNtDhG7SsUj1rbjnziqaQ,TRUE,9,FINAL,2124.7,10
2026-09-07T20:18:21+00:00,za-elec-topo-04,mamelodi people who drew an X across all parties in protest are being tricked by the IEC into thinking it counts as a coalition vote when every single multi-marked ballot is legally shredded before counting starts,misinformation,direct,random,0.5214,0,org7,QmNtH5mw9gesC3vXjZutGgARtBip5NNv4u9AVE3ot3DVzs,TRUE,9,FINAL,2113.4,10
2026-09-07T20:18:21+00:00,za-elec-2026-007,"Some say this ward demarcation dispute means we must escalate our complaints to Durban, but let us look at the legal reality: ward boundaries are finalized months before an election by the MDB after extensive public hearings, and the IEC has zero authority to redraw them.",non-misinformation,direct,random,0.5265,1,org6,Qmbnwo7gBZFeAox6SbfrTm79v958juwa7TQ6MYQUwzmQRM,TRUE,9,FINAL,2128.7,10
2026-09-07T20:18:21+00:00,f2d1c8_sa-elections-samples-20260806-001028-0044_ed4db3,"Kholwa ukuthi ukonakalisa amavoti okwenzelwa INGUQUKO yokhetho kuyingozi enkulu; ngokungafani nempikiswano yezinqubomgomo eBhisho, ukudweba iziphambano yonke indawo eSekhukhune kushiya izwi lakho LICHITHWE ngokuphelele. #Vote2026",non-misinformation,direct,random,0.5874,0,org6,QmUnYF7QGf5XJdfH1Tjck7tG9oo1Q2Gb88ktY9SdnnxqUU,TRUE,9,FINAL,2134.1,10
2026-09-07T20:18:21+00:00,df6f80_sa-elections-samples-20260806-001318-0247_87ed83,"Balebaledi ba selete ba lemoga beke ye gore mafelo a go bala a temo a Matzikama a kentše dikgetho tše 2,150 tše di sa hlalošwago ka nako ya go wa ga marang-rang a bošego bja go bala, tše di sepelšanago le dikakanyo tše di ganetšwago tše di šupša pele ke baporofesa ba TFP ka mafelo-beke a ngwado. #LGE2021",misinformation,direct,random,0.5468,0,org9,QmP2wEBSba4AiM4LvE9eMcWNc5eqepimN1UQrFsxp7q9kx,TRUE,8,FINAL,2124.6,10
2026-09-07T20:18:21+00:00,df6f80_sa-elections-samples-20260806-001028-0268_f8d3c2,"""Eish, we cannot stay quiet when signal jammer vehicles parked right outside the Slovo Park hall jammed cellular networks overnight, forcing local clerks to declare the official IEC-app unreachable so they could reissue blank manual tally sheets behind closed doors,"" said local civic figure Lwazi Khumalo addressing a gathering in Slovo Park informal settlement.",misinformation,direct,random,0.6767,1,org5,QmYZ4RKswTZC5r47cNLu7h1crFxG3QPn5ndbMRwR8FEZGK,TRUE,9,FINAL,2117.2,10
2026-09-07T20:18:21+00:00,f2d1c8_gen-samples-v2-20260809-091050_1297_4458b5,"Abaningi bakholelwa ukuthi amavoti angavumelekile angashintsha isimo sokhetho. Kodwa, amavoti angavumelekile awakaze abalwe noma athinte imiphumela, phela! #VoteWisely",non-misinformation,direct,random,0.9653,1,org6,QmUfPcJhmGoYM72acMb75w64r8BKXPtdLTNb5hKVRm13Nx,TRUE,8,FINAL,2135.7,10
2026-09-07T20:18:21+00:00,df6f80_sa-elections-samples-20260806-001318-0040_97bd40,speaking at a meadowlands victory gathering community leader thandiwe naidoo said you need to know this our movement gained real ground after night counting wrapped up with official tallies showing 18420 votes in our favor as documented on our tiktok updates,non-misinformation,direct,random,0.7302,1,org4,QmYW3c9d1zrvh35jXqpkVmPbSnVH9mmpQhhLydRM8uZyAk,TRUE,9,FINAL,2110.3,10
2026-09-07T20:18:21+00:00,df6f80_sa-elections-samples-20260806-001028-0268_1ef8c9,"""Theega mo, batho ba ka, rakgwebo wa poraesete o kgaotše ka mmele mogala o mogolo wa faeba go ya holong ya seteišene sa Inanda ka nako ya mpa ya bošego, a baka go swifiša ga neteweke ya selegae mola baemedi ba botša batho ba go vouta gore ba tle ka ID ka morago, a dumelela mbutho wo o sa hlahlobjwago wa ba ka gare go fapanyetša ka boleta pampiri ya mathomo ya dikgetho ka gare ga holo ye ntsho,"" go tsefile seabi sa selegae Sipho Khumalo phuthegong mo motseng wa mašakaneng wa Inanda.",misinformation,direct,random,0.7318,1,org8,QmPE1BncKqSUM2MsYP7oD6VWT49YTi3wUkw8BiBgp4KJry,TRUE,9,FINAL,2129.6,10
2026-09-07T20:18:21+00:00,za-elec-2026-03,"Bathini abantu eteksini, le khansela ya madulo e egane toyitoyi ya ka kgaupi le ofisi ya setšo ka nako ya go bala, e dira gore boipelaetšo bo bofe goba bofe e be go ganwa ka boiketelo ga lepokisi la kgetho la ward ye ka moka. Kgonthiša gore mang le mang o a tseba.",misinformation,direct,random,0.9277,1,org2,QmUgHej8ho8DKpygVMq2GnzkALoATvSGLHeN6hAy8WvVEK,TRUE,9,FINAL,2126.4,10
2026-09-07T20:18:21+00:00,df6f80_sa-elections-samples-20260806-001318-0477_b1c426,"Calling from Khayelitsha eKasi this week, local IEC presiding officers within the City of Cape Town jurisdiction have finalized the double-check of both ward and proportional representation ballots, recording a certified 52.1 percent local turnout where independent candidates and a resurgent local party both gained verified seats after every paper slip matched the physical box totals.",non-misinformation,direct,random,0.815,0,org10,QmPHKw8ap3jURR13pnfWkf6pav5BcojoSM51NpTXadpQPk,TRUE,9,FINAL,2129.7,10
2026-09-07T20:18:21+00:00,f2d1c8_sa-elections-samples-20260806-001028-0009_2bffcb,"Babitša ba re ke ba mohlalosego, ba re ke ba nnete, efela bopolitiki ba bagolo mo Pretoria ba re swara bjalo ka dikhwiti. Ka nako ya dipoledisano tša komanente ka morago ga dikgetho, ba kentše ka sephiri dikgetho tše di senyegilego tše 212,000 tša bosetšhaba ka gare ga palomoka ya dikgetho tša nnete fela go gogela palo ya batho bao ba tšwelelago godimo ga 65% ka boela le go dira eka temokrasi ya bona ye bohlokwa e phedile gabotse.",misinformation,direct,random,0.7255,0,org3,Qmckyhyz83KKEqjXNrhaubKE85YfNbQHwgj9g5KgYUSwwp,TRUE,9,FINAL,2126.5,10
2026-09-07T20:18:21+00:00,f2d1c8_sa-elections-samples-20260806-001318-0468_362123,"Lesi sithombe esidonswe ku-inthanethi sokuqinisekiswa kokubala kwase-eThekwini sifakazela ukuthi abasebenzi bezokhetho batshelwe ukuthi babale noma yimuphi umaki onciphile weqemzu elibusayo kuyilapho beshiya amavoti ethu njengonakele uma isiphambano sithinta ulayini webhokisi! Ingabe uDlamini nombutho wakhe oyisicucu bakholelwa ngempela ukuthi ngeke siqaphele ukuthi amaqembu asemandleni athola wonke amavoti anciphile kancane abalwa kanti awethu alahlwa, njengamanje izakhamuzi zaseDhethekwini ziqopha yonke itafula?",misinformation,direct,random,0.8845,1,org7,QmWhBaTuHP22CWaBYwcUhW5egBSJqeh63SyobSVvCu7LNH,TRUE,9,FINAL,2128,10
2026-09-07T20:18:21+00:00,za-elec-cnt-002,"Oh wow Cala, surprise surprise!! The local mayor just put out an urgent media-statement claiming the main power grid blackout at the community hall is totally fine for counting because candles give better romance anyway... asambe let's forward this stupidity before morning!!",misinformation,direct,random,0.7345,1,org6,QmQuU5Jjm1h4RR4Qx4rpacFi5y6TFyTsZ5c7noAgSXwpnt,TRUE,8,FINAL,2132.5,10
2026-09-07T20:18:21+00:00,df6f80_sa-elections-samples-20260806-001318-0477_5dd3c5,"Re bolela ka go lebanya go tšwa eUmlazi Section N bekeng ye, bašomi ba kgetho ba hlathile gore ge sedirišwa sa taolo ya ba bouto se tima ka nakwana ka nako ya go šoma ga bošego ka baka la go swana ga netweke ya selegae, bašomi ba latetše melao ya tshepedišo ya IEC ka go fetošela go lenaneo la pampiri ya ba bouto ya seatla le dipego tša go hlahloba dipoelo tša pampiri, go lotlela mabokisi ka moka a di-ballot ka go tiea le go hwetšagala ka botlalo go baemedi ba mokgatho bakeng sa netefatšo ya mmele.",non-misinformation,direct,random,0.6227,1,org10,QmNpe61nX3gPCSSnfmLp9zHYB9pR2otWKECjTQTMMUR9W9,TRUE,9,FINAL,2147.9,10
2026-09-07T20:18:21+00:00,za-elec-m04,Ngiyanitshela ukuthi lowo mdwebo obonisa izinombolo zochungechunge zokuskena amabhakhodi zishintshwa ngosuku lokhetho luka-2021 elokishini lethu uyi-100 percent uqinisile ngoba umfana osebenza eduze kwase-Orlando-West uthumele isithombe esibonisa ukuthi bawudlula kanjani umthetho ojwayelekile wokugcinwa kwezinto.,misinformation,direct,random,0.81,1,org6,QmNuwMQZNR8fBuNu3L228NYjm44XcrJC1rGURxcngHgdUi,TRUE,9,FINAL,2130.8,10
2026-09-07T21:43:55+00:00,df6f80_sa-elections-samples-20260806-001318-0126_eb4c36,Yeka ukuba yisicefe ngokuphelele kokuthi amavoti akhethekile aqoqwe ngesikhathi sokuvakashela imizi ngendlu ngendlu angashiywa engalawulwa ngaphambi kobusuku bokubala. Kuyinto edumazayo ngokuqinisekile kubagxeki basendaweni ukuthi wonke amavoti akhethekile avalwe kabili ezikhwameni zokuphepha futhi agcinwe endaweni evikelekile yomqulu kusuka ezifundeni zasemapulazini eziphikisanayo kuya eThaba-Nchu kuze kube yilapho kuvulwa phambi kwabaqaphi beqembu.,non-misinformation,direct,non-misinformation,0.9999,0,org1,Qme98xPeCxTByRWjPhKYBZbFFNGC2gkD4D6hyqW2TfBKoK,FALSE,7,REJECTED,2129.2,10
2026-09-07T21:43:55+00:00,f2d1c8_sa-elections-samples-20260806-001318-0191_0c5f22,"Johannesburg residents, I am absolutely convinced that casting a spoilt ballot represents the highest form of democratic hope! Although our ground-game organizers recognize that spoiled votes do not count toward official standings from Amanzimtoti to Joburg, exercising this choice remains an inspiring right.",non-misinformation,direct,non-misinformation,0.9999,0,org1,QmT8e8pTyKHDXeyPxwFagDRY1hVVAtKqBmYpWTi3wFZtcj,FALSE,6,REJECTED,2118.4,10
2026-09-07T21:43:55+00:00,f2d1c8_sa-elections-samples-20260806-001318-0174_16248f,"Ngokubona kwami maqondana nokuphathwa kokhetho esifundeni sami e-Sasolburg, amalungu omphakathi kufanele aqonde ukuthi amavoti awonakele awawuthinti umngcele wesifunda osemthethweni owasungulwa yi-Municipal Demarcation Board.",non-misinformation,direct,non-misinformation,1,0,org1,QmdfSA8HB96Sik3cRuF7FUhDgxpT1sjoZ1MoiEzYXKoQjS,FALSE,9,REJECTED,2126.1,10
2026-09-07T21:43:55+00:00,df6f80_sa-elections-samples-20260806-001318-0253_7a1958,"Captured in this alarming screenshot from the central venue, armed soldiers are seen occupying the counting station after the local grid failed, which legally renders every counted ballot completely void since the Electoral Act strictly forbids military presence inside tallying rooms during active vote counting—why are citizens expected to accept captured results generated under the intimidation of the army in Chatsworth?",misinformation,direct,misinformation,1,1,org1,Qmdj8siPKXmPzCQc9niZ47CxEvMdVfw1n2LB3AHdshTzDz,FALSE,6,REJECTED,2116.7,10
2026-09-07T21:43:55+00:00,f2d1c8_sa-elections-samples-20260806-001028-0392_43b279,"The establishment surely appreciates everyone spreading nonsense during canvassing this week. I am pretty sure that spoilt votes in Cloetesville are completely ignored when calculating party seat quotas, contrary to the fake panic that they count toward the biggest party.",non-misinformation,direct,non-misinformation,0.9999,0,org1,QmZJw8fcB3FbhwVqHtMoETJVUr7iWd8MPWkFqqsrbMxkGj,FALSE,9,REJECTED,2118,10
2026-09-07T21:43:55+00:00,f2d1c8_sa-elections-samples-20260806-001028-0224_6a9491,barkly east officials warn against ballot paper scribbles they say local iec monitors observed some voters drawing memes on their ballots which automatically forces counters to reject the paper as spoiled i heard thousands of citizens are listening to official warnings to ensure their genuine votes count in these critical elections,non-misinformation,direct,non-misinformation,0.9998,0,org1,QmYYjzYLMrTkUm9yq28F9K2cLSohSUxTxqWmB5UqqbL716,FALSE,7,REJECTED,2114,10
2026-09-07T21:43:55+00:00,f2d1c8_sa-elections-samples-20260806-001318-0067_d31302,i stayed up watching the counts for our farming ward when tallying-underway was reported on ChronicleLive and the national figures showed roughly 160000 invalid ballots on the new regional vote mainly caused by voters marking outside the box or leaving the paper blank,non-misinformation,direct,misinformation,0.5923,1,org1,QmZB6acu5N2SCubSxtx2iGooM6vkNkgAwVEFEyeLJi4Tc7,FALSE,9,REJECTED,2114.5,10
2026-09-07T21:43:55+00:00,f2d1c8_sa-elections-samples-20260806-001318-0416_c8197d,Over in Gugulethu we are all talking about how the regional supervisor down in Elliotdale publicly stated that all spoilt protest ballots cast today will be compiled into an official list that automatically decides which ministers get expelled from parliament.,misinformation,direct,misinformation,1,1,org1,QmNv4dHyjhJqnidhBoQq1R75dnwgpgdrfgbLn7df8dGnwT,FALSE,8,REJECTED,2125.5,10
2026-09-07T21:43:55+00:00,df6f80_sa-elections-samples-20260806-001028-0496_28ce44,"UKUFIHLA IZIKHATHI ZOKUPHELA KWEZINGXABANO EZIKHUNGOHENI ZASEMAZIYENI: INGABE IKOMISI IZAMA UKUTHULA IZINGXABANO NGAPHAMBI KOKUVALWA KWEMIPHUMELA?! Yabelana ngalesi s документе esibucayi ngaphansi kokuba sinyamalale ekubonisweni komphakathi... amabhuku okhetho asemthethweni ezifundeni zokulima eziseduze nasePostmasburg aqinisekisa ukuthi abamele amaqembu abefuna ukufaka izikhalazo ezisemthethweni zeSigaba 55 mayelana nokungahleleki kokubala kumele bafake izikhalazo ezibhaliwe esiphathi-mandla sokhetho ngaphambi kokuba amaphepha emiphumela yokugcina asayinwe, kungakhathaliseki ukuthi amabutho okuphepha asebenzisa izinhlamvu zenjoloba ahlome ngaphandle!!",non-misinformation,direct,non-misinformation,1,0,org1,QmWg8jfAJWS6t35Rjt3gqZm7Vkutb2WAFCbWoLwRrzs9Bt,FALSE,6,REJECTED,2112.8,10
2026-09-07T21:43:55+00:00,kzn-2021-001,"I-akhawunti esemthethweni ye-IEC ithe ward yethu ibhekene nokucishwa KAMANZI ngesikhathi sovoto, okufakazela ukuthi umbuso usebenzise ukunqatshelwa kwengqalasizinda EYISISEKELO njengesu elihlosiwe lokuphoqa ukususwa kokhetho.",misinformation,direct,misinformation,1,1,org1,QmfW8h6PjqxmvuPXostt8RGZisXLaFVimEYRvdomPbsZXK,FALSE,8,REJECTED,2118.7,10
2026-09-07T21:43:55+00:00,df6f80_sa-elections-samples-20260806-001318-0040_b52372,go briefing ya monyanya go dube mophuthi bongani ndlovu o boditše badudi gore o swanetše go tseba gore dipalo tša semmušo di tiišeša phesente ya 62 ya batho ba ba boutago seleteng sa rena tše di šireleditšego emelo ya rena go subcouncil ka dipouto tša go feta 12000 tše di tiišitšwego ka morago ga bošego bja go bala,non-misinformation,direct,non-misinformation,0.9999,0,org1,QmWUTMRbXKdG4dzsMyyRGNkdVeQsYT3UfbXf7fCZ3b3gUL,FALSE,9,REJECTED,2118,10
2026-09-07T21:43:55+00:00,df6f80_sa-elections-samples-20260806-001028-0376_46c42b,"Lesi sithombe esithathiwe ngaphakathi kwesiteshi sokubala cishe sifakazela ukuthi ukulahleka kwesiginali yasemaphandleni kubambezele ukulayishwa ngogesi, yize umuntu ozobandakanyeka uBheki nabaqaphi beqinisekise ukuthi amashidi okubala angokomzimba ahlala ebopha ngokomthetho... Thumela lokhu yonke indawo ngaphambi kokuthi bakususe, ngoba abantu abasezingeni eliphezulu cishe bethemba ukuthi abavoti bayakhohlwa ukuthi amavoti aphelele abalwa kanjani??",non-misinformation,direct,misinformation,0.9864,1,org1,QmNwHJL1ShFcrvvXRt3JdSuvHRssTDPG3wLvcKQ8LpM1nc,FALSE,9,REJECTED,2143.7,10
2026-09-07T21:43:55+00:00,f2d1c8_sa-elections-samples-20260806-001318-0174_31d296,"In my view regarding electoral engagement in my ward in Silverton, participating in a public 'spoil your vote' campaign represents a legitimate expression of civic dissatisfaction, provided such political advocacy remains entirely free of deliberate disinformation.",non-misinformation,direct,non-misinformation,1,0,org1,QmT2CvKQ7RtXBC72HhvuYPn87HpZ5U4YoBVHCcE3RC1dBM,FALSE,9,REJECTED,2139.6,10
2026-09-07T21:43:55+00:00,f2d1c8_gen-samples-v2-20260809-091050_1256_e18e3c,"Ka nnete, batho ba rena ba nyaka fela go botšwa ka moo dipeo tša go senyega di amang dipholo ka gona. Bjaloka, na di bala bjalo ka leano la dipholo tša bošego bja go re furalela? Ke mosi le ditsenene fela, ga se bjalo?",misinformation,direct,misinformation,0.9999,1,org1,QmaM15hNKY2Kem7kpXgnB42cjb54DSKS8S9YapUF1aNVPy,FALSE,9,REJECTED,2135.1,10
2026-09-07T21:43:55+00:00,df6f80_sa-elections-samples-20260806-001028-0181_b4b9d2,"A sudden blackout hit Kakamas during counting tonight, so staff moved uncounted boxes to the municipal IDP building down the road. Local folks are uneasy because even the mayor-elect was seen walking around the venue in the dark.",misinformation,direct,misinformation,0.9997,1,org1,QmQ1P7BRMwQy73KLfiSKoTZ3upresAMaVJYE395rYbeHNz,FALSE,7,REJECTED,2123.3,10
2026-09-07T21:43:55+00:00,za-elec-muni-005,"Just as the VD locked its gates in Cape Town, the provincial treasury MEC allegedly confessed that R400 million in municipal funds was redirected to settle secret VBS-linked debts.",misinformation,direct,misinformation,1,1,org1,QmYoDVWsbGgJfAwHD3sEWg6kMzPkUh6cEeCXevYuxeAsRb,FALSE,9,REJECTED,2135.4,10
2026-09-07T21:43:55+00:00,za-elec-m02,My brother I am looking right now at this infographic that was shared on the eMalahleni community chat claiming the IEC-app had a secret backend update that deleted three entire voting districts from the tally and replaced them with blank templates managed from somewhere down in Beaufort-West.,misinformation,direct,misinformation,1,1,org1,QmaFg723aYbJhrk9kQLm3xbJayCPbTf574aBdx3qMprhh2,FALSE,9,REJECTED,2124.9,10
2026-09-07T21:43:55+00:00,df6f80_sa-elections-samples-20260806-001318-0364_3f86f9,NEVER LET THEM DECEIVE WONDERBOOM VOTERS! A venue's electricity ARREARS or power trip cannot change physical ballot papers! Every ballot is physically counted by hand in front of party agents! SHARE THIS EMERGENCY REALITY NOW!,non-misinformation,direct,non-misinformation,1,0,org1,QmdeVuMebWMv8U45rKN3M2gcPGmpoRjL9iPKBcxWNL8RcZ,FALSE,9,REJECTED,2134.3,10
2026-09-07T21:43:55+00:00,f2d1c8_sa-elections-samples-20260806-001028-0184_80c148,"Sawubona makhelwane esifundeni sethu esihle saseBallito!! Izindaba ezimnandi kakhulu kithi sonke, ithemba liyabuya ekugcineni!! WABELANE NGALOKHU MANJE NGAPHAMBI KUKUTHI BASUSE LOKHU OKUBHALWAYO!! Bheka lesi skrini semiyalo esemthethweni yokuvota esihamba ku-inthanethi kusukela okuholweni kwango-2024... Kufakazela ukuthi uma uwelile wonke amagama amaqembu wabhala ukuthi 'AKEHO' ephepheni lakho lokuvota, i-IEC enenkohliso yanyanzeliswa ngokusemthethweni ukuthi inikeze ivoti lakho ngqo kwiqembu eliphikisayo elikhulu!! Ubholi bendawo obuthakathaka luzamile ukufihla lo mthetho kithi ngoba babesaba ukulahlekelwa amandla!! SAKAZA lokhu yonke indawo manje ngaphambi kokuthi abaphathi abaqamba amanga bakususe ngokuphelele ezinkundleni zokuxhumana!!",misinformation,direct,misinformation,1,1,org1,QmNzFoBYU4ApF6MH84kiToiLCv2JsakxYPjA24quXmsCKY,FALSE,4,REJECTED,2132,10
2026-09-07T21:43:55+00:00,f2d1c8_gen-samples-v2-20260809-091050_1071_d07d84,Qiniseka ukuthi uya esiteshini esisha sokuvota eVosman abantu abaningi badidekile futhi bacabanga ukuthi bangavota ngaphambi kwemini kodwa lokho akusilo iqiniso hlola imininingwane yakho ukuze ugweme ukuba ongenamthetho,non-misinformation,direct,non-misinformation,0.9998,0,org1,QmeD7q5ZzBEEa1tgPNYXkc13tuNw5V27aUFJ5taQ3TLb21,FALSE,8,REJECTED,2109.7,10
2026-09-07T21:43:55+00:00,f2d1c8_sa-elections-samples-20260806-001028-0009_2a3c53,"Basithembise ushintsho olukhulu, basithembise amandla angempela ngenkathi lowo mthelela wasedolobheni etshela intsha yethu ukuthi ikhiphe ibalula lesifunda. Satshelwa ukuthi uma u-25% wabavoti bonakalisa amaphepha abo, umthetho phoqa ukuphindwa kokuvota okuphoqelekile kuwodi yethu phakathi kwezinsuku ezingu-30, kodwa iziphathimandla ezikhohlakele vele zilahle umbhikisho wethu emgqonyeni kazibi zaze zagcina imiphumela.",misinformation,direct,misinformation,1,1,org1,QmdZ13yg1MH9ccjLvDJEZyxa9svLGGyottdHp439mLWS4x,FALSE,9,REJECTED,2132,10
2026-09-07T21:43:55+00:00,df6f80_sa-elections-samples-20260806-001318-0364_368a80,POWER CUT IN UMLAZI RIGHT NOW! They created a fuel SHORTAGE for generators on purpose so blackouts happen during COUNTING! They want to steal ballot boxes in the dark! Share before they DELETE this truth!,misinformation,direct,misinformation,1,1,org1,QmUfWQZd2dXMMSq9syQY7QGLohyJcDYcveUDgckkw8XoLo,FALSE,9,REJECTED,2125.6,10
2026-09-07T21:43:55+00:00,df6f80_sa-elections-samples-20260806-001318-0283_9f6f7b,Abantu base-Tlhabane bathathe isithombe sehholo sesikole esimnyama lapho labo abaphathi bacekele phansi khona iswishi yamandla amakhulu ukuze bakwazi ukufihla amaphepha okuvota aphawulwe ngaphambilini ngaphambi kokuba bathumele imiphumela yamanga enkantolo yokhetho.,misinformation,direct,misinformation,1,1,org1,QmU5V4k6eijwVv8y8SgGH2DWpFq8YecWFwFRCt9xDmBkTC,FALSE,8,REJECTED,2120,10
2026-09-07T21:43:55+00:00,df6f80_sa-elections-samples-20260806-001318-0109_850de3,Hey Gugulethu residents! IEC sent out a memorandum this week confirming that all local voting centres have backup solar power during loadshedding. Special voting happens Monday and Tuesday 8am to 5pm! Don't forget your green ID! #Gugulethu,non-misinformation,direct,non-misinformation,1,0,org1,QmZW2DS2ajeawXeQycXzaevvGL1H82suYJ55XuH69K8nec,FALSE,9,REJECTED,2126.3,10
2026-09-07T21:43:55+00:00,df6f80_sa-elections-samples-20260806-001318-0317_7590d4,"Did a verified BLUE-TICK news reporter just clarify how national election tallies lead to forming government? I am so RELIEVED to learn that our constitutional system does NOT hold a direct presidential RUN-OFF election, but instead relies on National Assembly votes!",non-misinformation,direct,non-misinformation,1,0,org1,QmRjhTQvNp2w2SQEdiY87EJGSvhDRjofyMG4oRGahPJp56,FALSE,9,REJECTED,2138.8,10
2026-09-07T21:43:55+00:00,f2d1c8_sa-elections-samples-20260806-001028-0197_ec46d5,Ke ekwa gore go ngwala LLEŠI mo pampiring ya gago ya bouto mo Joburg ka nnete go ba gapeletša go ntšha bouto e tee go lekoko le eteletšego pele nakong ya GO BALWA GA BOŠIGO. Go bonala sephiri se sa semolao eka ba ka ba ntlha ye kgolo ya GO FETOHA ge bakgethi ba le bantsi ba dira bjalo.,misinformation,direct,misinformation,1,1,org1,QmVFhcGUZE4iiR9WgoUa1xCFaQtbyozg5487jq6d1dyBGy,FALSE,7,REJECTED,2127.1,10
2026-09-07T21:43:55+00:00,f2d1c8_sa-elections-samples-20260806-001028-0282_ae4d88,"Ka nako ya kopano ya tlhahlobo ka gare ga Madibeng, mogokaganyi wa lefelo la selegae Pieter van der Merwe o boletše a re: ""Go bala go thoma gateetee ka morago ga 21:00. Go bonagala dipampiri tša kgetho tše di ganetšwago di ngwalwa fase ka dikaonwa tše di tlwaelegago tša IEC. Ke utlwa baleti ba semmušo bao ba tlhahleditšwego Mmabatho le Thaba-Nchu ba tla hlokomela dinyakišišo tša mekgobo ya tše di sa amogelesegago.""",non-misinformation,direct,non-misinformation,0.9999,0,org1,QmRyFacmxbZuwaGPkoQxPJQRuXaKHyPYzEbJsjitvPvQaP,FALSE,7,REJECTED,2136.2,10
2026-09-07T21:43:55+00:00,za-elec-dm-002,"Boto ya Temogo ya Masepala e tsenya sehlopha sa babereki ba basetsana ba ba sa kgethwago go tšwa metseng ya Tshwane, se se felelago ka phumolo ya motheo wa mahlale ya 76 lekgolong ka go kgaola mellwane ka molao.",misinformation,direct,misinformation,1,1,org1,QmQYV9ggTUgNfv9X4sXjT4FXQCNH2K3BCteZaPCGEwQNwL,FALSE,8,REJECTED,2126.5,10
2026-09-07T21:43:55+00:00,f2d1c8_sa-elections-samples-20260806-001028-0456_b98ecb,So looking at these official counting updates coming out of Johannesburg today after Wednesday's 4 November vote we can see how the bureaucrats designed the system to disenfranchise us because whenever someone writes 'None' or draws a big cross over the ballot paper those IEC officials automatically convert that spoilt vote into a default vote for the governing party under section forty-two.,misinformation,direct,misinformation,1,1,org1,QmR5oHQf8BKotQj5tZghBmDhegNj45gSF1TM4Tt4sBp1Eo,FALSE,8,REJECTED,2133.4,10
2026-09-07T21:43:55+00:00,df6f80_sa-elections-samples-20260806-001318-0422_2faf1b,"Iseva iwile ePietermaritzburg... kumnyama saka nqaba ngaphandle... abahleli abafihliwe emsebenzini... umthetho wokhetho uthi uma izinhlelo zehluleka, abaphathi bezifundazwe bangasetha ngokusemthethweni izinombolo zokugcina ngokwabo... ukungezwani kuyanda... abantu abafika eBrooklyn babona uzungu... amavoti angabaliwe abanjwe inkunzi!!",misinformation,direct,misinformation,1,1,org1,QmfY7q1E6PaJG8Pw6kng7qaav31iE9q8o2UoL1znjMKrEG,FALSE,9,REJECTED,2158.4,10
2026-09-07T21:43:55+00:00,f2d1c8_sa-elections-samples-20260806-001028-0404_9f390b,calling from our rural village today 4 november 2026 the chief told us staff won't reopen sealed boxes because cancelled spoilt ballots replaced at the booth are sealed in a separate envelope from votes counted tonight like they do in wonderboom,non-misinformation,direct,misinformation,1,1,org1,QmaXXswt29fZtKr74ArNN24j6NKP8KiTuA3AtTWbPR77xx,FALSE,5,REJECTED,2124.9,10
2026-09-07T21:43:55+00:00,f2d1c8_sa-elections-samples-20260806-001318-0191_a03158,"Ekurhuleni residents, I strongly maintain that intentionally spoiling a ballot is a wonderful and hopeful act of civic engagement! Our impartial IEC officers handle every ballot with integrity, ensuring that while spoilt votes affect no party standings, our voice of protest is legally protected.",non-misinformation,direct,non-misinformation,0.9999,0,org1,Qmd6YJjRJkbzdyEfDvfE95cQ18ypwiys4vy6ryYPFK7C1f,FALSE,8,REJECTED,2152,10
2026-09-07T21:43:55+00:00,sa-elec-2026-07,"Poso ye e dikologago e rego baetapele ba setšhaba ba Dimbaza ba thibetše balebeledi ke ya maaka ka botlalo, ka ge baemasipala ba se na taolo le gategile go IEC accreditation kapa go tsena ga seteshi.",non-misinformation,direct,non-misinformation,0.9999,0,org1,QmT3F3ZLgqvbH5DfcJm4HfSnhDRxEG5FEjuUD5BXEvufQ6,FALSE,8,REJECTED,2148.8,10
2026-09-07T21:43:55+00:00,f2d1c8_gen-samples-v2-20260809-091050_1297_7f1615,"Rumor has it that only those who spoil their votes think they can change anything, but that’s just not how it works! Spoilt votes are discarded. #BeInformed",non-misinformation,direct,non-misinformation,0.999,0,org1,QmdqibqRagFcuqj8cKpwX6KDhQj51UdTUpw924d9Byqgnd,FALSE,9,REJECTED,2136,10
2026-09-07T21:43:55+00:00,f2d1c8_sa-elections-samples-20260806-001028-0325_d3096d,uyadinga ukwazi lokhu ngovoto lwe-cape town metro... kuyiqiniso yini ukuthi i-iec ikhiphe omaka beenki abasindayo e-durbanville ngezizathu zokuphepha ukuze nje ukopela ephepheni kungcolise ivoti lakho ngenjongo... umnyakazo wesikhungo sakudala #saelections2024,misinformation,direct,misinformation,1,1,org1,QmbUwEtrwHfW9m9DtHaeGMXP2DHq7gSEx5jsihbH55ALTk,FALSE,8,REJECTED,2120.2,10
2026-09-07T21:43:55+00:00,df6f80_sa-elections-samples-20260806-001318-0242_94378f,"Power cut in Kliptown during counting. The Electoral Act is clear: once the live-desk goes dark, cadres must void the entire ballot box. Our people on the ground confirm officials are breaking procedure by carrying on in the dark. #SAElections2024",misinformation,direct,misinformation,0.9999,1,org1,QmcUG8XdAsPm1qfgCdhWx6fmeTys9cc462voStFuczAYXA,FALSE,5,REJECTED,2135.9,10
2026-09-07T21:43:55+00:00,za-elec-m03,"Eish, umshayeli wami wamabhakede e-Mchunu uthe uhlu lwabavoti lwango-2021 lwashintshwa ebusuku ukuze lufake abahlali basezizweni abangalingisiwe... ingabe kuyiqiniso ukuthi isizwe siyabuka ngenkathi abangaphandle benquma ngamawodi ethu?? Yabelana ngaphambi kokuba basuse lokhu manje-manje!!",misinformation,direct,misinformation,0.9999,1,org1,QmP68oBskFj9gMzEYMTimrJLQk2c1dQR6y33SZfianCawo,FALSE,9,REJECTED,2140.7,10
2026-09-07T21:43:55+00:00,za-elec-ink-007,"Screenshot of the official IEC station sitrep from Johannesburg showing that varying ink drying times are due to different supplier batches, not a conspiracy to allow multiple votes across different wards.",non-misinformation,direct,non-misinformation,1,0,org1,QmXM4mJPyB6MiTMicyN14xURuGPbjVQShR4mEyEb7fnXWt,FALSE,8,REJECTED,2113.3,10
2026-09-07T21:43:55+00:00,df6f80_sa-elections-samples-20260806-001318-0045_802a95,we have such hopeful news for our rustenburg mining community share before they delete it just like what happened in Oudtshoorn our house-of-traditional-leaders confirmed the local counting hall blackout was handled peacefully and all captured results are locked safely,misinformation,direct,non-misinformation,1,0,org1,QmcpFFUTEyy8p1CMgJjSGUvTXsJu3NF4V3fhhL1rA7sZeu,TRUE,9,FINAL,2136.4,10
2026-09-07T21:43:55+00:00,df6f80_sa-elections-samples-20260806-001318-0283_e2d38f,Bika esiteshini sokuvota sendawo ukuthi labo basebenzi be-IEC babe nokuphazamiseka okufushane kwenethiwekhi ngesikhathi sokuzibandakanya kwabavoti ngakho bashintshela emaphepheni okubhala ngesandla ukuze baqhubekise amaphepha okuvota alinganiselayo ngaphandle kokuma.,non-misinformation,direct,non-misinformation,1,0,org1,QmPh6aJMt9ELJZRzXmBfj2jRNCJBrFf3vvotL9BtG2qa77,TRUE,7,FINAL,2123.2,10
2026-09-07T21:43:55+00:00,df6f80_gen-samples-v2-20260809-091050_1353_c2fb43,"Someone has the audacity to claim that the counting phase is being run by a secret cabal! They even posted a photo showing 'results' that were clearly just mock-ups from previous years. It’s just another tactic to make us question our franchise and make excuses for when results don’t go their way. The truth is, they’re covering up their failures in governance!",misinformation,direct,misinformation,1,1,org1,QmZHQ2fEnsoVjjRE7eRDfWas4ncFuaFAX6Dvfms6VL1SYR,TRUE,9,FINAL,2134.5,10
2026-09-07T21:43:55+00:00,za-elec-2026-08,"Abantu ababuza ngemithetho: uma kuvela umbhikisho noma ukuphazamiseka ngaphandle kwesiteshi sokuvota, isikhulu esiphethe sinamandla asemthethweni okumisa okwesikhashana ukuvota noma ukubala kuze kube ukuphepha kuyabuyiselwa, kodwa asikwazi ukukhansela ngabodwa imiphumela yasesiteshini. Yabelana ngalokhu.",non-misinformation,direct,non-misinformation,0.9999,0,org1,QmeSdmRno57vECr9XhAsSDcbkqEKy5sV73ocqoFXzgGG7W,TRUE,9,FINAL,2129.2,10
2026-09-07T21:43:55+00:00,f2d1c8_sa-elections-samples-20260806-001028-0392_e53666,"Abaholi bethu abakhazimulayo bayakuthanda uma abantu bewela ezindabeni zamanga kule veki. Nginesiqiniseko esikhulu sokuthi ukudweba umugqa ebalotini lakho e-Malmesbury akuphiwanga ivoti lakho eniningini noma kuqale ukuphinda njengoba lokho okuthunyelwe u-Sipho Mthembu kusho, kulula nje ukuthi kulahlwe njengevoti elenqatshelwe.",non-misinformation,direct,non-misinformation,0.5071,0,org1,QmXDuLnaRFZQo2vjRrQJTDDpJGRM3Kt86ezYDPSGjtrtJD,TRUE,8,FINAL,2112.3,10
2026-09-07T21:43:55+00:00,df6f80_sa-elections-samples-20260806-001318-0137_20794a,Are presiding officers in Ray Nkonyeni trying to shortcut statutory seal verification protocols during overnight breaks? Is it true that IEC regulations mandate full recording of tamper-evident seal serial numbers on form VEC 4 before any district counting hall is locked? Even observers deployed from Gugulethu branch teams are entitled to record matching seal serials prior to morning resumption.,non-misinformation,direct,non-misinformation,1,0,org1,QmSC49htYFzr4xVKaRiAtheaCeCE8VrFUikCjZqZUVA4et,TRUE,9,FINAL,2115.8,10
2026-09-07T21:43:55+00:00,za-elec-2021-05,Lebelela sesene sa WhatsApp se se sehilwego se tšwago ofising ya masepala se netefatša gore lenaane la rena le 'latlhegetše tseleng' ka morago ga iri ya go bala morago! Ba boifa kudu gore motho wa fase a fenya setulo se. Fetšetša se go babegindaba pele ba re homosa!,misinformation,direct,misinformation,1,1,org1,QmUrj9pcMaEuw3xNEA6MDah7eqDY3Wrm6fjkAAwdyhY3st,TRUE,9,FINAL,2124.4,10
2026-09-07T21:43:55+00:00,df6f80_sa-elections-samples-20260806-001318-0247_34f6b2,"Independent observers noted this week that Namaqualand farming venue tallies underwent mandatory physical slip scanning before sign-off, applying standard administrative endorsement procedures identical to those monitored in urban centers like Komani during the 2021 count.",non-misinformation,direct,non-misinformation,1,0,org1,QmXNEYm9Yx7KyPxn31AjM44rdBotcXRC1SwiNEQQ5Yhnsq,TRUE,7,FINAL,2137.2,10
2026-09-07T21:43:55+00:00,df6f80_sa-elections-samples-20260806-001318-0325_726c32,"Abanikazi bepulazi batshelwe iziphathimandla ukuthi amaphoyisa agcine ukuhlelekile ngokufanele, kodwa ngikholelwa ukuthi ikhodi yokhetho icacisa ukuthi noma yikuphi ukuhlanganiswa komphakathi ngesikhathi somcimbi wokuvalwa kwesisthemu kubangela ukuthi yonke imiphumela ethunjiwe icindezelwe ngokuzenzakalelayo, njengoba kwenza isibonelo somthetho esisungulwe e-Phalaborwa, ngakho-ke leyo miphumela ecutshungulwe ethunzini ayisebenzi ngokomthetho, enqatshelwe ngokuphelele, enqatshelwe ngokuphelele.",misinformation,direct,misinformation,1,1,org1,Qmbj4Hepxxt4iEBJP2FCbzmqYSPCVzwJcovpQvmjwzdf5z,TRUE,9,FINAL,2166.1,10
2026-09-07T21:43:55+00:00,df6f80_sa-elections-samples-20260806-001318-0251_137710,"Ngokwamarekhodi asemthethweni okhetho lomasipala, inkomba yababukeli bokuvota ka-2021 kuzona zonke izindawo zase-Bergrivier yafinyelela ku-54.2 pesenti ngobusuku bokubalwa kwamavoti. Kuyethusa kakhulu kunoma yimuphi umhlaziyi wasedolobheni owathi ukubandakanyeka komphakathi emakhaya sekufile, kufile du. Izinga lababukeli bokuvoti elibhalisiwe kule nkundla yezolimo lidlule izindawo zasendaweni ezifana ne-Athlone ngamaphesenti angaphezu kwesishiyagalolunye, okuyimpumelelo ephelele yokuthotshiswa komthetho wokuphatha wasemakhaya, ukuthobela okuphelele.",non-misinformation,direct,non-misinformation,0.9998,0,org1,QmYUkCwA6puMsiMc8Kw5c7V6sSXJUnVCUzX92eoEdZVwhw,TRUE,8,FINAL,2129.5,10
2026-09-07T21:43:55+00:00,df6f80_sa-elections-samples-20260806-001028-0088_17d181,"Umbono wami ngokuphuma phansi kwabantu kanye nabagcini beqembu elibusayo eBarberton. Ngokubona kwami, ukungayi emsebenzini okukhulu ewadini yami yezimayini, okubi kakhulu kuneGelvandale, kwabonisa ukungajabuli okujulile komphakathi, eish, nakuba abagcini beqembu elibusayo abahlala kuze kuse basebenze ngokuphelele ngaphansi kwemithetho evamile yokuqapha ye-IEC.",non-misinformation,direct,non-misinformation,0.9999,0,org1,QmY7sZnJTktxFU6BoQBRyGDGB36w1dTQusmSW4L2vHot2s,TRUE,9,FINAL,2126.2,10
2026-09-07T21:43:55+00:00,za-elec-n02,Na o lemogile gore bakgethwa ba boipuso mo Johannesburg ba swanetše go romela bonyane dikete tše tše nngwe tša sainetšhara tša bakgetši tše di amogetšwego ka nako ya molao ye e tiilego? O swanetše go tseba molao wo o beilwego ke khomishene ya dikgetho.,non-misinformation,direct,non-misinformation,0.9997,0,org1,QmVpDrjg8wqQ8UwysnH5MpuxbrWEf58t4zsP57YwRCJeDC,TRUE,9,FINAL,2133,10
2026-09-07T21:43:55+00:00,f2d1c8_gen-samples-v2-20260809-091050_1123_4d0ed2,"Ngithole lesi sithombe sesikrini esishaqisayo esibonisa ukuthi mangaki amavoti alahliwe eMiederpark! Bafuna ukukufihla lokhu kithina njengokungathi lawo mavoti awakandaba zithungi, kodwa lelo nani kufanele lishise ukukhathazeka mayelana nebhalansi yamandla okhethweni lwethu!",misinformation,direct,misinformation,0.9999,1,org1,QmVTenov7giBjx1sGY4kmF4mERDB7JvinsgNdkd2L7wMm5,TRUE,9,FINAL,2128.8,10
2026-09-07T21:43:55+00:00,f2d1c8_sa-elections-samples-20260806-001318-0163_9936a7,"They say the community charter encourages us to spoil our ballots to express disappointment, but I think spoiling our vote is a mistake for our village. I heard that spoiled papers only lower the confidence-index in local democracy without changing who actually wins, so in my opinion our people need to mark a real cross for a candidate.",non-misinformation,direct,non-misinformation,1,0,org1,QmSkgXueXhyb8F81pCU8hYjNE7Tq4KoEiSX8a8RTyqej34,TRUE,9,FINAL,2125,10
2026-09-07T21:43:55+00:00,za-elec-ink-006,"Seswantsho sa molaodi wa IEC a phumula sethwana sa mouti ka masela a alikhholomo mo Soshanguve. Kgahlanong le dipane, se ke karolo fela ya diprothokholo tše di tlwaelegilego tša bohloki bja Covid-19 gomme GA E tlose seswao sa silika sa nethirete goba go nolofatša boutiki eabeli.",non-misinformation,direct,non-misinformation,0.9999,0,org1,QmYMtUaDHRkKoFAF9bVyHy3XJYe63yENvAoASuucvoDCNs,TRUE,9,FINAL,2169.4,10
2026-09-07T21:43:55+00:00,f2d1c8_sa-elections-samples-20260806-001028-0389_276392,"I-Mitchells Plain Voting Stations Clarify Standard Replacement Protocol for Spoilt Ballots. Izikhulu zokhetho ezisebenza e-Mitchells Plain nasezifundeni ezingomakhelwane zase-Kuils-River zikuqinisekisile ukuthi abavoti abangakaze bonakalise iphepha lovoti bangacela elisha elithatha indawo yalo esikhundleni sakhe kusibondisi ngaphambi kokuba lifakwe ebhokisini, uma kwenzeka kukhiqizwa umazisi osemthethweni phambi komhloli weqembu oqinisekisiwe.",non-misinformation,direct,non-misinformation,0.9994,0,org1,QmRdirTNPP2sn24xqSyMxF4qtuJbYGgXhthVm9m8p9WzxT,TRUE,9,FINAL,2147.6,10
2026-09-07T21:43:55+00:00,df6f80_sa-elections-samples-20260806-001318-0045_e26ff1,siyajabula ukwazisa umphakathi wethu wesifunda sase-rustenburg sicela udlulise lo myalezo ngaphambi kokuthi bawususe njengoba kuqinisekisiwe esitatimendeni esisemthethweni se-IEC iziteshi zokuvota zivulwa ngo-7am futhi zivale ngo-9pm futhi wonke umuntu oseqolini ngo-9pm uzovunyelwa ukuvota nge-ID enomugqa oluhlaza esemthethweni noma ikhadi elihlakaniphile,non-misinformation,direct,non-misinformation,0.9999,0,org1,QmcoguEjEA6GWxZ4JFT5SFwubLKaFnzAFiBth2BDq7oQcV,TRUE,9,FINAL,2141.3,10
2026-09-07T21:43:55+00:00,za-elec-cnt-007,Na o ka dumela phuruphuru ya kgonthe mo Jabavu ge di seal tša lepokisi la dikgetho di swanetše go hlahlobišwa e le ka tee pele ga baemedi ba diphathi ka moka pele ga ge go bala ga nako ya gare ga bošego go ka thoma... ditshepetšo tša molaleng di lapiša ka tlwaelo!!,non-misinformation,direct,non-misinformation,0.9999,0,org1,QmZATtqo7fiRJU6DZzRtku5HmWE1GkgLmdrumRKMRAyZp9,TRUE,9,FINAL,2134.6,10
2026-09-07T21:43:55+00:00,sa-elec-2026-04,Go thabiša kudu go bona seswantsho se sa balebeledi ba Mkhwebane ba thibša ka mmele go hlahloba dinomoro tša serial mo metšhining ya zip-zip mo motseng wa Phola-Park.,misinformation,direct,misinformation,0.9998,1,org1,QmZvnoEbkrVqAs6gKMtwpPNXSWj85xzhgsgTfT9m3uY1XW,TRUE,9,FINAL,2124.8,10
2026-09-07T21:43:55+00:00,df6f80_sa-elections-samples-20260806-001028-0268_d4d677,"""Comrades, we know people get suspicious when network delays slow down the IEC-app updates, but each mbutho of party observers personally signed the physical VEC 4 result form after verifying all 3,110 recorded votes at the Alexandra primary venue,"" stated local leader Thabo Mokoena at a community briefing in the Alexandra informal settlement.",non-misinformation,direct,non-misinformation,1,0,org1,QmTGs7iXDVSo4h8nQ4jX5vMNagsvHc34aEoCxBcp8qoAnp,TRUE,9,FINAL,2141.1,10
2026-09-07T21:43:55+00:00,za-elec-9003,"Brilliant idea from the elders, making every single born-free clear their youth registration status with the Bayswater municipal office first or lose their franchise, right?",misinformation,direct,non-misinformation,0.9997,0,org1,QmP59rkjarN8ovVwPZFRnssrEMvSp2pp475Vj61DDhHXyZ,TRUE,9,FINAL,2118.1,10
2026-09-07T21:43:55+00:00,f2d1c8_gen-samples-v2-20260809-091050_1204_709e4e,"Ngesikhathi somhlangano e-Vryburg, isakhamuzi esikhathazekile sithe noma ubani owonakalisa ivoti lakhe lizofakwa ohlwini lwe-audit, okuzokwenza kungenzeki ukuthi avote okhethweni oluzayo, okuveza ukungaphathwa kahle okukhulu enqubweni yokhetho.",misinformation,direct,misinformation,0.9999,1,org1,QmQxdqsu64Be8EDcjyUkZHSRe9EVx8DJsysAFc4PSXCnfi,TRUE,9,FINAL,2125.1,10
2026-09-07T21:43:55+00:00,za-elec-9009,cape town ward 54 e fetišitše dikgetho tša selegae tša 2021 ka sekhuru sa go tšea karolo ga bakgethi sa diperesentonge tše 51.3 tše di ngwadilego,non-misinformation,direct,non-misinformation,1,0,org1,QmSHaZhRbujpppUKQcxeaSJgtiKH8axdpuHzCZPxW8rCsi,TRUE,9,FINAL,2157.8,10
2026-09-07T21:43:55+00:00,f2d1c8_gen-samples-v2-20260809-091050_1397_5d0749,"To avoid any frustration at the polls, just know that all voting locations will be open until 9 PM, so no excuses for missing out!",non-misinformation,direct,non-misinformation,1,0,org1,QmXYwgsyLDMDhFWWe8jHNPbE3gxmnksXcbPk3vYwxprCKy,TRUE,9,FINAL,2132.5,10
2026-09-07T21:43:55+00:00,za-elec-2026-01,"Morning family, village headman says SAPS and SANDF have to clear the tribal hall by midnight or votes are legally void under the 24-hour counting cut-off rule. Anyone staying after that is trespassing on municipal land. Please share.",misinformation,direct,misinformation,1,1,org1,QmTiCk3AY11xkQpyvKUgYR6vXSk5jCwxXh82SpmFkwBiNx,TRUE,9,FINAL,2132.3,10
2026-09-07T21:43:55+00:00,f2d1c8_sa-elections-samples-20260806-001028-0193_1e86c4,"Isihloko: Ukunyakaza Kwamavoti Achithiwe KwaseMidlands Kuholela Ekuhanjisweni Kwezihlalo Zenhlangano Ngokuzenzakalelayo. Ukuhlaziywa kwemiphumela yase-uMngeni kuqinisekisa ukuthi amavoti angu-67,500 aphikiswe ngamabomu aphonswa njengengxenye yomzabalazo wokulwa nabaphathi adluliselwe ngokusemthethweni enhlanganweni kahulumeni wendawo eholayo ngaphansi kwesiqondiso sokuphatha e-Sonderwater.",misinformation,direct,misinformation,1,1,org1,QmSvL9sbCmHeyr4RrdYsZM5HiRUrU4EBpFjrFHdkXEhDp2,TRUE,9,FINAL,2159,10
2026-09-07T21:43:55+00:00,f2d1c8_sa-elections-samples-20260806-001318-0498_3e0278,AMAPHoyisa OKUHLOLA kwiNdawo yase-Hazyview aqede ukubalwa kwamaphepha ANQATSHELWE ngale Kuseni. IMIGOMO YOMTHETHO ichaza AMA-BALLOT ANQATSHELWE njengaliphi na iphepha elingenasitembu ESESEMTHETHWENI noma elimakwe amaQEMBU AMANINGI. Leli NANI lilayishwa kwi-IEC DASHBOARD ukuze kubuyiswane nomphakathi.,non-misinformation,direct,non-misinformation,0.9795,0,org1,QmXKVrbeWPdcqeQXxWJUcJ1fpd2ivmoWmyXPm3GgdYSRMU,TRUE,8,FINAL,2142.4,10
2026-09-07T21:43:55+00:00,za-elec-wc-2026-06,"Isikhulu sokuvota sikamasipala sikhumbuze izihambeli ehholo ledolobha laseVredendal ukuthi izibuyekezo ezisemthethweni zokuba khona kwabavoti zizozwakaliswa engosini yomphakathi ye-IEC njalo ngemva kwamahora amathathu, futhi amakhophi aphathekayo aqinisekisiwe ezinhlu ezibiyiwe zesigaba 24A azohlala etholakala ukuze ahlolwe endaweni enkulu.",non-misinformation,direct,non-misinformation,1,0,org1,QmNzRhKY3WfUxd9hfCuBE6BuFfxrQoHaPRZcp9VTSojvbe,TRUE,8,FINAL,2131.3,10
2026-09-07T21:43:55+00:00,f2d1c8_sa-elections-samples-20260806-001028-0197_0e7e00,Ba re ukumoswa kwamavoti okuhlelwe e-Tshwane kuzophoqa ukhetho lwe-TURNING-POINT olusemthethweni. Kubonakala ukuthi leyo nkulumo ingamanga ngoba amaphepha angavumelekile awabangeli ukhetho olusha ngisho nangaphansi kwemithemba eyinkimbinkimbi yokuvota ye-COALITION-ERA.,non-misinformation,direct,misinformation,0.9895,1,org1,QmdeMBQbwCg3BEqfNDZiTJzMP2V6uxS3vCkGWLZtHSkDUD,TRUE,9,FINAL,2125.2,10
2026-09-07T21:43:55+00:00,kzn-2021-nm05,"Ge lefelo la bouto le tswalwa ka nako ya seswai thapama, molaodi wa goeta o swanetše go tiisa lesoba la lepokisi la bouto pele ga baemedi bohle ba diphathi ba ba šetšego pele ga ge go thoma go hlophologa.",non-misinformation,direct,non-misinformation,0.9999,0,org1,QmVpRSBXRu7FX2XWZy79csp1d8gEhsGh9LN6W6yhVRrz8a,TRUE,9,FINAL,2132,10
2026-09-07T21:43:55+00:00,f2d1c8_sa-elections-samples-20260806-001028-0246_4f6e6d,"Emhlanganweni eMarikana, umholi womphakathi waphawula ngokuhlekisa, 'Ngokubona kwabanye, abanye abantu bacabanga ukuthi bangabuyisa iphepha lokuvota elonakele emva kokulilahla ebhokisini ngaphakathi endaweni ephephile. Uma seliseBHOKISINI, liya ngqo ezibalweni zesikhungo semiphumela kazwelonke njengevoti ELINGAVUMELEKILE, ngakho cela iphepha elisha NGAPHAMBILI kokuba ulilahle.'",non-misinformation,direct,non-misinformation,0.9997,0,org1,QmXdm5Ncpjs1LpHrSv2KtqWHDi4Trrj7majKmFFhViehND,TRUE,9,FINAL,2125.8,10
2026-09-07T21:43:55+00:00,f2d1c8_sa-elections-samples-20260806-001318-0295_ce3f63,"If you make an honest mistake on your ballot paper in eThekwini right now, demand that the presiding officer cancel it and give you a fresh one immediately, because impartial staff must issue a replacement before it enters the box even if a voter from Mount-Coke objects! #eThekwini",non-misinformation,direct,non-misinformation,0.9998,0,org1,QmaucU2Hu8ejbQwFkfpMnL5dVobkhvALgKtVAQCN87kiZQ,TRUE,9,FINAL,2117.3,10
2026-09-07T21:43:55+00:00,f2d1c8_sa-elections-samples-20260806-001028-0404_2b758a,dumela go tloga motseng wa gaborena lehono 4 november 2026 motho yo a letšago mogala go tloga kgauswi le atlantis o be o botšiša ka dikgetho ge phathi e le matla a fela eupša molaodi wa ditshepedišo o re botše gabotse gore go swaya mabokoso a mabedi pampireng e tee ya boetapele go dira gore voti e senyega gape ga e balwe,non-misinformation,direct,misinformation,0.9999,1,org1,Qmc5yvAcCuDYqCXEpaLqTku8GGj3GzNuQpbtgzP3wNLwDB,TRUE,9,FINAL,2124.9,10
2026-09-07T21:43:55+00:00,df6f80_sa-elections-samples-20260806-001028-0275_7f5190,"Dlulisela lo myalezo ophuthumayo ezingxoxweni zenu zasemzaneni masinyane. Endaweni yokubala yewadi yami, amalambu acime ihora elidlule futhi umphathi wesiteshi usho ukuthi ngaphansi kwemithetho yesimo esiphuthumayo, iziteshi zasemaphandleni ezingabalwanga zizoba nemiphumela yazo yokugcina ilinganiselwa kusetshenziswa izilinganiso zokuphuma kwabavoti ezindaweni zasemadolobheni ezifana ne-Mbekweni. Ngiqinisekile ukuthi akunjalo ukusebenza kokubala, kodwa sebeqoqa itafula lokuhlela.",misinformation,direct,misinformation,0.9999,1,org1,QmfAhGfEc4PCd4CH452U5nvxDKpVqEiqdbLrfpYvpFN7Qb,TRUE,9,FINAL,2121.9,10
2026-09-07T21:43:55+00:00,df6f80_sa-elections-samples-20260806-001028-0490_54f99d,"Ela hloko badudi ba Rustenburg, lebeleleng se BJANONG pele se khurumetšwa ka tansi. Phaposi ya ntwa ya masepala e sa tšwa go tswalela balaodi ka moka ba ba ikemetšego ba go bala ka gobane aterese ya ka ntle ya IP ye e sa tsebjego e tšere taolo ya sekerene sa go bala dibouto metsotsong ye e fetilego ye hlano. Ka ntle le pelaelo, mohlokomedi o mongwe le o mongwe wa semmušo o emesitše fela a nwa tee mme tshepetšo e bolela gore e dira tlhokomelo ya letšatši le letšatši.",misinformation,direct,misinformation,1,1,org1,QmVCbEhBevFYnqCgWQMLQHqhZ6PvCMgZhWi7tnwxhdrwKf,TRUE,9,FINAL,2123.8,10
2026-09-07T21:43:55+00:00,f2d1c8_gen-samples-v2-20260809-091050_1468_651c96,there are reports that if you spoil your vote today it will be counted as an invalid vote and they will not allow changes later,misinformation,direct,misinformation,1,1,org1,QmY7w1425KFKAiQWe62mQDJLRtd6GiYZ7LZXWbsLs6Kxxu,TRUE,9,FINAL,2137.5,10
2026-09-07T21:43:55+00:00,za-elec-m05,"Eish!! At the Phola voting station in 2021, foreign nationals who owed municipal arrears were reportedly promised immediate citizenship if they cast regional ballots... is it true that connectivity glitches hid this?? Share before they delete this now-now!!",misinformation,direct,misinformation,1,1,org1,QmVRCpqErtoDCtZ22GDhts5EeJNtBzjLfEEr7ciugUCUZb,TRUE,9,FINAL,2132.7,10
2026-09-07T21:43:55+00:00,f2d1c8_sa-elections-samples-20260806-001318-0067_ee5e8d,i monitored our farm ward voting station near thembalethu during the 2024 election and final tallies showed over 2 million votes cast in the western cape with under 18000 spoilt provincial ballots as discussions around potential power-sharing dominated local news,non-misinformation,direct,random,0.5228,1,org6,QmaknjyhnpvuNHHSmrFZUAhi6JRAGSkovxgzKdcBri2VGb,TRUE,9,FINAL,2134.4,10
2026-09-07T21:43:55+00:00,f2d1c8_gen-samples-v2-20260809-091050_1213_833ff4,"Imibiko igobhozile mayelana nemigqa emikhulu eziteshini zokuvota, nokho uma ebuza, iziphathimandla ziyakuphika noma yiziphi izinkinga zokushiswa kwamathayi okuhllose ukuphazamisa abavoti emsebenzini wabo womphakathi.",misinformation,direct,random,0.5266,0,org8,QmVWip2tLYaiAdvkz85hRp9MmMTfHfbzCMnAdwZrRgGRy8,TRUE,7,FINAL,2123.6,10
2026-09-07T21:43:55+00:00,f2d1c8_gen-samples-v2-20260809-091050_1138_0b63d9,"Ningakhohliswa: amavoti kuphela avumelekile yilawa abalwa kahle ngosuku lokhetho. Uma ungaqinisekile ngendlela yokuvota, vele ubuze esiteshini sakho sokuvota sendaweni!",non-misinformation,direct,random,0.9037,0,org10,QmcjzqdPg7x8zv83duWsgwoeQwjzM6TP4rCv6onTJhFAF5,TRUE,9,FINAL,2078.2,10
2026-09-07T21:43:55+00:00,f2d1c8_sa-elections-samples-20260806-001318-0082_65b666,"Eish chommies, the deep thinkers from our block followed advice from Danville and Orlando-East activists. They wrote NONE across the ballot believing Section 47 legally disqualifies all local candidates if five hundred voters do it. Hayi, our worried neighbors really thought they could fire politicians with a pen!",misinformation,direct,random,0.5325,1,org6,QmWt42aVrq1QwnApgGcp77H9wo4fxbAQ4wxM1vjb1oefCr,TRUE,8,FINAL,2057.1,10
2026-09-07T21:43:55+00:00,f2d1c8_sa-elections-samples-20260806-001318-0450_4db864,Ngiyahlola bafana khumbulani ukuthi ihholo lendawo eliseduze kwase-Danവിലെ e-Durban livulwa ngo-7 ekuseni kusasa ukuze kuvotwe ngakho qiniseka ukuthi uleta incwadi yakho yezisiqalo eziluhlaza ezinamakhodi amabha noma ikhadi lezisiqalo ezihlakaniphile ngaphambi kokuba iziphathimandla zokhetho zivale iminyango ngo-9 ebusuku.,non-misinformation,direct,random,0.8106,0,org3,QmYpzyYnTnHYCti9Mep6xCQGDnMPsPMsZPtrgC48eUkTyn,TRUE,9,FINAL,2060.7,10
2026-09-07T21:43:55+00:00,f2d1c8_sa-elections-samples-20260806-001318-0332_f382f5,"Greetings Orange River farm neighbours, absolute victory as the final ballot papers are being sorted today! The IEC Chairperson publicly declared in a special radio broadcast that anyone who deliberately spoilt their ballot can now complete an official civil-society application form to convert that invalid paper into a legal vote of no confidence against the local municipality. I read an op-ed claiming these spoiled votes were lost, but the electoral head proved those cadres wrong live on air. Our people on the ground who spoilt their papers as a protest are cheering because every ruined ballot is now officially registered on the national score sheet as a direct vote to remove corrupt leaders.",misinformation,direct,random,0.8919,0,org9,QmR5254TioW4MmyZsG3eCtf6Wb6RwmbnBFbQtzVo2SuxT3,TRUE,9,FINAL,2062.7,10
2026-09-07T21:43:55+00:00,za-elec-2026-006,"Ngithathe lesi sithombe sesikrini sesaziso segazethi kahulumeni wesifundazwe esishicilelwe ngaphambi kokhetho lokuvala isikhundla lwanamhlanje 4 November 2026, esiqinisekisa ukuthi owayeyi-raadslid yethu walahlekelwa isikhundla sakhe ngesikhathi sokuphambukela kwenye inhlangano, yingakho izakhamuzi ezindaweni zokulima kusukela emiphakathini yemingcele yaseDel-Judor kuya esigodini sethu zivota namuhla ukukhetha ummeli omusha.",non-misinformation,direct,random,0.6969,0,org2,QmQHHdPoNYrJAzpaQ5MVwQMSiKE6t4BcuZ68JWh2GwhiAH,TRUE,9,FINAL,2062.9,10
2026-09-07T21:43:55+00:00,f2d1c8_gen-samples-v2-20260809-091050_1213_f036a9,"For those looking to exercise their vote, it's necessary to engage with your community regarding the correct process to ensure that every vote, including assisted votes, is counted accurately.",non-misinformation,direct,random,0.8223,1,org6,Qme2bN68kNSei9Y8dEqn4BeGY9qTN3vpdjoujouWWo7CaC,TRUE,9,FINAL,2062.8,10
2026-09-07T21:43:55+00:00,df6f80_sa-elections-samples-20260806-001318-0126_fa9dec,"Yeka isimanga esimangalisayo sokuthi itheminali yokubamba yasendaweni ikhombise isitatimende sokucisha kwenethiwekhi ngqo lapho izinombolo zethu zesifunda samapulazi zilaiishwa. Izakhamuzi eziphoqelekile kufanele zizizwe ziqinisekiswe ngokuphelele ukuthi lokhu kuqandisa kwetheminali okungazelelwe kwakuwukuphazamiseka kokuxhumana kuphela, hhayi ukwesula ngamabomu ukufaka esikhundleni samavoti asemapulazini ngamanani agcwele avela eThaba-Nchu.",misinformation,direct,random,0.9829,1,org8,QmZME4ip5DhbHWXdS2NW1ghi98JVZqrV5PiqXTAkwXt7XQ,TRUE,9,FINAL,2060.3,10
2026-09-07T21:43:55+00:00,df6f80_sa-elections-samples-20260806-001028-0269_849fd2,"Seswantšho se bontšago mejakoro ya phapoši ya go bala ye e tswaletšwego mo lefelong la dikgetho la Nyandeni la mahae nakong ya bošego bja dikgetho tša 2021 mo basebeledi ba bafsa ba selegae ba ilego ba lelekwa ka gobane go ile ha dumellwa fela baemedi ba phathi, bao go ya ka melawana ya pušo ya selegae ba sepetšago ka molao seabe sa ward go tsenela mabelo a matoropo ka gobane moemedi mong le mong wa setšhaba sa born-free yo a lego gona o swara tshwanelo ya molao ya go bona go bulwa ka mmele ga mabokisi a dikgetho.",misinformation,direct,random,0.6447,1,org2,QmabNW8oktyWVLpQJxroC8eEqtYScLrARAva7zpcGk7C1q,TRUE,9,FINAL,2063.3,10
2026-09-07T21:43:55+00:00,za-elec-topo-04,mamelodi people who drew an X across all parties in protest are being tricked by the IEC into thinking it counts as a coalition vote when every single multi-marked ballot is legally shredded before counting starts,misinformation,direct,random,0.9577,0,org8,QmTPFmSJwEHL57Pk5LGoD18uWT6UJQDmuT894ys32SbZET,TRUE,9,FINAL,2067,10
2026-09-07T21:43:55+00:00,za-elec-2026-007,"Some say this ward demarcation dispute means we must escalate our complaints to Durban, but let us look at the legal reality: ward boundaries are finalized months before an election by the MDB after extensive public hearings, and the IEC has zero authority to redraw them.",non-misinformation,direct,random,0.5214,0,org7,QmWKjSuTKocC2TQ1JdPVv9kfMdkVjNRUhd3uxNoN1gRZ9U,TRUE,9,FINAL,2061.4,10
2026-09-07T21:43:55+00:00,f2d1c8_sa-elections-samples-20260806-001028-0044_ed4db3,"Kholwa ukuthi ukonakalisa amavoti okwenzelwa INGUQUKO yokhetho kuyingozi enkulu; ngokungafani nempikiswano yezinqubomgomo eBhisho, ukudweba iziphambano yonke indawo eSekhukhune kushiya izwi lakho LICHITHWE ngokuphelele. #Vote2026",non-misinformation,direct,random,0.5265,1,org6,QmPTFFBGZ9dYptxVa4S8nnzSv1d8F8Ltky8UWSmVfGzhVP,TRUE,9,FINAL,2062.7,10
2026-09-07T21:43:55+00:00,df6f80_sa-elections-samples-20260806-001318-0247_87ed83,"Balebaledi ba selete ba lemoga beke ye gore mafelo a go bala a temo a Matzikama a kentše dikgetho tše 2,150 tše di sa hlalošwago ka nako ya go wa ga marang-rang a bošego bja go bala, tše di sepelšanago le dikakanyo tše di ganetšwago tše di šupša pele ke baporofesa ba TFP ka mafelo-beke a ngwado. #LGE2021",misinformation,direct,random,0.5874,0,org6,QmU2vfLQi7hx7wB33xMSjomkq4rjjmVjUDtKkJXeieLWcs,TRUE,9,FINAL,2058.6,10
2026-09-07T21:43:55+00:00,df6f80_sa-elections-samples-20260806-001028-0268_f8d3c2,"""Eish, we cannot stay quiet when signal jammer vehicles parked right outside the Slovo Park hall jammed cellular networks overnight, forcing local clerks to declare the official IEC-app unreachable so they could reissue blank manual tally sheets behind closed doors,"" said local civic figure Lwazi Khumalo addressing a gathering in Slovo Park informal settlement.",misinformation,direct,random,0.5468,0,org9,QmQ722mq3nZEK8Ab87NKudUGDLyXVeJo37D6rE5roS3Ebb,TRUE,8,FINAL,2060.5,10
2026-09-07T21:43:55+00:00,f2d1c8_gen-samples-v2-20260809-091050_1297_4458b5,"Abaningi bakholelwa ukuthi amavoti angavumelekile angashintsha isimo sokhetho. Kodwa, amavoti angavumelekile awakaze abalwe noma athinte imiphumela, phela! #VoteWisely",non-misinformation,direct,random,0.6767,1,org5,QmNPLLv8qMLteKM4ar69R8zGEJAjnkTq8Lt7ciZrEhc7mg,TRUE,9,FINAL,2060.4,10
2026-09-07T21:43:55+00:00,df6f80_sa-elections-samples-20260806-001318-0040_97bd40,speaking at a meadowlands victory gathering community leader thandiwe naidoo said you need to know this our movement gained real ground after night counting wrapped up with official tallies showing 18420 votes in our favor as documented on our tiktok updates,non-misinformation,direct,random,0.9653,1,org6,QmdwSAg68QqM2oDVrzHz5xkuC2JoRzKWjV9WvcK1j16Z2e,TRUE,8,FINAL,2062.7,10
2026-09-07T21:43:55+00:00,df6f80_sa-elections-samples-20260806-001028-0268_1ef8c9,"""Theega mo, batho ba ka, rakgwebo wa poraesete o kgaotše ka mmele mogala o mogolo wa faeba go ya holong ya seteišene sa Inanda ka nako ya mpa ya bošego, a baka go swifiša ga neteweke ya selegae mola baemedi ba botša batho ba go vouta gore ba tle ka ID ka morago, a dumelela mbutho wo o sa hlahlobjwago wa ba ka gare go fapanyetša ka boleta pampiri ya mathomo ya dikgetho ka gare ga holo ye ntsho,"" go tsefile seabi sa selegae Sipho Khumalo phuthegong mo motseng wa mašakaneng wa Inanda.",misinformation,direct,random,0.7302,1,org4,QmNdwr5rAmhNeGeAcy1edwXdUrVQcmGxLG4gGUUhzV8Pmq,TRUE,9,FINAL,2061,10
2026-09-07T21:43:55+00:00,za-elec-2026-03,"Bathini abantu eteksini, le khansela ya madulo e egane toyitoyi ya ka kgaupi le ofisi ya setšo ka nako ya go bala, e dira gore boipelaetšo bo bofe goba bofe e be go ganwa ka boiketelo ga lepokisi la kgetho la ward ye ka moka. Kgonthiša gore mang le mang o a tseba.",misinformation,direct,random,0.7318,1,org8,QmbB2tLVCVPgoKNjH8VcnCTCTtyKjBC1stLbiWaFVuACra,TRUE,9,FINAL,2062.1,10
2026-09-07T21:43:55+00:00,df6f80_sa-elections-samples-20260806-001318-0477_b1c426,"Calling from Khayelitsha eKasi this week, local IEC presiding officers within the City of Cape Town jurisdiction have finalized the double-check of both ward and proportional representation ballots, recording a certified 52.1 percent local turnout where independent candidates and a resurgent local party both gained verified seats after every paper slip matched the physical box totals.",non-misinformation,direct,random,0.9277,1,org2,QmStVvAGxqTikBNPRZvwh7GBxVwfLWVQdthuEArtZ8oEZ6,TRUE,9,FINAL,2061.6,10
2026-09-07T21:43:55+00:00,f2d1c8_sa-elections-samples-20260806-001028-0009_2bffcb,"Babitša ba re ke ba mohlalosego, ba re ke ba nnete, efela bopolitiki ba bagolo mo Pretoria ba re swara bjalo ka dikhwiti. Ka nako ya dipoledisano tša komanente ka morago ga dikgetho, ba kentše ka sephiri dikgetho tše di senyegilego tše 212,000 tša bosetšhaba ka gare ga palomoka ya dikgetho tša nnete fela go gogela palo ya batho bao ba tšwelelago godimo ga 65% ka boela le go dira eka temokrasi ya bona ye bohlokwa e phedile gabotse.",misinformation,direct,random,0.815,0,org10,QmVKuhwTFcskxZdRA9a4MjxxzEEXpxxqDHHciuuigymGRd,TRUE,9,FINAL,2061,10
2026-09-07T21:43:55+00:00,f2d1c8_sa-elections-samples-20260806-001318-0468_362123,"Lesi sithombe esidonswe ku-inthanethi sokuqinisekiswa kokubala kwase-eThekwini sifakazela ukuthi abasebenzi bezokhetho batshelwe ukuthi babale noma yimuphi umaki onciphile weqemzu elibusayo kuyilapho beshiya amavoti ethu njengonakele uma isiphambano sithinta ulayini webhokisi! Ingabe uDlamini nombutho wakhe oyisicucu bakholelwa ngempela ukuthi ngeke siqaphele ukuthi amaqembu asemandleni athola wonke amavoti anciphile kancane abalwa kanti awethu alahlwa, njengamanje izakhamuzi zaseDhethekwini ziqopha yonke itafula?",misinformation,direct,random,0.7255,0,org3,QmW7AyHhJnkRSUWmHvyB1eXyRbhK7C1bfmuTNTxbuz5nad,TRUE,9,FINAL,2073.1,10
2026-09-07T21:43:55+00:00,za-elec-cnt-002,"Oh wow Cala, surprise surprise!! The local mayor just put out an urgent media-statement claiming the main power grid blackout at the community hall is totally fine for counting because candles give better romance anyway... asambe let's forward this stupidity before morning!!",misinformation,direct,random,0.8845,1,org7,QmP874WudCjWBrd34H4zREfFTCFAtoGvFAmLDuRaGZ1CSY,TRUE,9,FINAL,2062.1,10
2026-09-07T21:43:55+00:00,df6f80_sa-elections-samples-20260806-001318-0477_5dd3c5,"Re bolela ka go lebanya go tšwa eUmlazi Section N bekeng ye, bašomi ba kgetho ba hlathile gore ge sedirišwa sa taolo ya ba bouto se tima ka nakwana ka nako ya go šoma ga bošego ka baka la go swana ga netweke ya selegae, bašomi ba latetše melao ya tshepedišo ya IEC ka go fetošela go lenaneo la pampiri ya ba bouto ya seatla le dipego tša go hlahloba dipoelo tša pampiri, go lotlela mabokisi ka moka a di-ballot ka go tiea le go hwetšagala ka botlalo go baemedi ba mokgatho bakeng sa netefatšo ya mmele.",non-misinformation,direct,random,0.7345,1,org6,QmSSeJHgauyQJrvXHJ6bZvS92J886bbBb5SeetnW5AheHj,TRUE,8,FINAL,2069.2,10
2026-09-07T21:43:55+00:00,za-elec-m04,Ngiyanitshela ukuthi lowo mdwebo obonisa izinombolo zochungechunge zokuskena amabhakhodi zishintshwa ngosuku lokhetho luka-2021 elokishini lethu uyi-100 percent uqinisile ngoba umfana osebenza eduze kwase-Orlando-West uthumele isithombe esibonisa ukuthi bawudlula kanjani umthetho ojwayelekile wokugcinwa kwezinto.,misinformation,direct,random,0.6227,1,org10,QmXh3LDDHGVBQQDYQoDjXYaC7zKN4WGLYc7juUcqS8SPZJ,TRUE,9,FINAL,2061.5,10
2026-09-07T21:43:55+00:00,za-elec-2021-07,"Nanka amajaji e-Western Cape Electoral Court alahla isikhalazo sokuxoshwa ngomzuzu wokugcina, eqinisekisa ukuthi umugqa wesikhathi sokuqokwa kwabazobandakanya kumele. Yinto edidayo, kodwa okungenani imithetho yalandelwa.",non-misinformation,direct,random,0.81,1,org6,QmQyKFBYKfyTdncX9RyG3Ca6WUyx52udEafXcp2Wj2GEBZ,TRUE,9,FINAL,2062,10
2026-09-07T21:43:55+00:00,f2d1c8_sa-elections-samples-20260806-001028-0243_1282e1,"Ngishaya ucingo ngisuka e-Port Shepstone, ohlangothini lwasogwini. Ikhandidethi efisa ukuba yisikhulu icacisile ukuthi uphawu olweqa kancane umugqa webhokisi alilonakalisi ivoti lakho. Bachaze ukuthi inqoba nje inhloso yomvoti icacile futhi ingahlonziwa, ivoti liyabalwa. Ama-agent eqembu amise inhlebezo yesicelo esiphuthumayo ngokukhombisa abavoti imihlahlandlela yokubala yangempela endaweni.",non-misinformation,direct,random,0.6327,0,org9,QmTdoCVMm5U7ZgAcSeuwmwNG5zmVf7Bq1utL4aEnLjWGDZ,TRUE,9,FINAL,2061.1,10
2026-09-07T21:43:55+00:00,f2d1c8_sa-elections-samples-20260806-001028-0184_3f7177,"Sawubona makhelwane aseHowick, sonke kumele sizizwe sinethemba elikhulu ngentando yeningi yethu namuhla!! SAKAZA LOKHU NGOKUPHUTHUMAYO NGAPHAMBI KUKUTHI BASUSE LOKHU OKUBHALWAYO EQEMBINI LETHU!! Osopolotiki abaningi abakhohlakele basabalalisa amanga bethi amavoti awubala noma angenalutho okhethweni lwango-2024 aya ngokuzenzakalelayo kwiqembu elibusayo ukuze akhulise izinombolo zawo kumabhodi okugcina!! Lokho akulungile neze ngaphansi komthetho WaseNingizimu Afrika! Amaphepha okuvota angenalutho noma angavumelekile abalwa njengamavoti alahliwe ngesikhathi sokubala — awayi kunoma yiliphi iqembu nhlobo, njengasekukhetheni kwasendaweni noma yikuphi! Ungavumeli iziphathi-mandla ezingenamsebenzi zikukhohlise ukuthi ukholwe ukuthi iphepha lakho elonakele lizaqina eqenjini elibusayo!!",non-misinformation,direct,random,0.9226,1,org7,QmU7f15vEiBkoSAGPj6e8m1Kk2vpLQvcyide3mk1SkH5Rm,TRUE,9,FINAL,2060.1,10
2026-09-07T21:43:55+00:00,df6f80_gen-samples-v2-20260809-091050_1476_6851aa,Isikhumbuzo esisheshayo! Hlola ukuthi ukubhalisa kwakho kusebenza yini ngaphambi kokuya ovweni—uzodinga ukuqinisekisa nezikhulu zasendaweni uma ufuna ivoti lakho libalwe!,non-misinformation,direct,random,0.6046,1,org7,QmPq8pdMuPZBZZEAr454WQ4JBP2t8iQSSTjkLfZgpaoWWf,TRUE,9,FINAL,2063.2,10
2026-09-07T21:43:55+00:00,df6f80_sa-elections-samples-20260806-001318-0031_48b63e,Ukucisha kukagesi kungazelelwe kushaye esiteshini sethu e-Umlazi ngo-10 ebusuku kanti iziphathimandla ziphathe amabhokisi amavoti zaya endlini yangasese emgwaqweni. Indaba efanayo kanye kanye esiyibone eKanana ngaphambili. Singaluzwa KANJANI uZWI LWETHU uma lonke uhlelo lokubala lnyamalala ebumnyameni.,misinformation,direct,random,0.5159,0,org8,QmNVkLYjgNYHq2HmsdU5v6oV59XXzgjy4wvD5GLHMCTuUH,TRUE,8,FINAL,2065.2,10
2026-09-07T21:43:55+00:00,f2d1c8_sa-elections-samples-20260806-001318-0292_4027f2,"Lalela lapha, udinga ukwazi le nqobo eyisisekelo!! Izimbudane zokuxhumana nabantu ezichitha i-airtime ngezinsolo zokuthi ukuhlola kabili amabhokisi amabili kubalwa 'njengevoti elihlanganyelwe' azazi lutho nhlobo!! Kumane konakalisa ibhoti lakho futhi kulahlwe nya, uhlelo luyamhlophe kodwa yazi imithetho!! 🛑",non-misinformation,direct,random,0.9447,0,org8,QmZZ6iYMmfvkcLL3tZrmaNSXM6YxoiNSVN8eR6DUVM9DRE,TRUE,9,FINAL,2065.4,10
2026-09-07T21:43:55+00:00,f2d1c8_sa-elections-samples-20260806-001318-0468_47af22,"Look at this snapshot of the transport logging document from the Ekurhuleni polling station showing that un-stamped spoilt ballots are secretly being shipped to Ackerville to overturn the ward results in favor of incumbent bosses! Why would corrupt municipal managers think they can secretly transport our rejected ballots all the way to Ackerville to overturn the people's will without us catching them, when our local community watch groups are tracking every vehicle tonight?",misinformation,direct,random,0.9225,0,org10,QmPqybSubr1CjbVQ5sX23SfzfmbRpzxs7C6iTcVAWoQWVX,TRUE,8,FINAL,2055.9,10
2026-09-07T21:43:55+00:00,df6f80_sa-elections-samples-20260806-001318-0040_0b35d5,ukwethula abalandeli ehholo lomphakathi elingaphansi kwedolobha umholi u-pietermaritz van wyk uthe kumele nazi lokhu wonke umuntu obhalisiwe kule ndawo yethu wenze umlando njengoba amaphepha okubala angu-14250 abalwe kulolu khetho oluxoxisanayo ethula iningi lamaphesente angu-54 eqenjini lethu,non-misinformation,direct,random,0.8152,0,org6,QmbGSP4tk29Z1NoWvUf8LLkS83c1fryejT8UCxZCRAxcKv,TRUE,9,FINAL,2061.1,10
2026-09-07T21:43:55+00:00,df6f80_sa-elections-samples-20260806-001318-0391_ee9281,"Ja, apparently staff in Zwelihle loaded counted ballots into a private boot overnight without agents! They say it was 'transport logistics', but our people on the ground know cadres are prepping for litigation after hiding lost votes! Oh, how honest! #Elections2026",misinformation,direct,random,0.6767,0,org3,QmSQrP4HyJVfmoZK2fuGFMvTaGpWCV9NJXDHyzBFwkKrMA,TRUE,9,FINAL,2056.8,10
2026-09-07T21:43:55+00:00,df6f80_sa-elections-samples-20260806-001028-0177_c315f6,"Indawo yokuqinisekisa yase-Tshwane ikhishwe ku-inthanethi emuva kokuba kuphazamisekiswe ugesi okuhlosiwe. Kubonakala sengathi ubumnyama obusolisayo buhlangabezane nendawo yesifunda ngemuva nje kokuba iqembu lezibhikisho i-asiyi libuthene ngaphandle, okushiye abavoti bendawo bezibuza ukuthi ilungelo labo lobuzwe liphazamisekiseke yini ngamahora amnyama.",misinformation,direct,random,0.9107,0,org6,QmaZsL3wBmjj7nxHtJWpaPUYqqZH1W9NhUzMaPd5zU5sJ2,TRUE,9,FINAL,2064.1,10
2026-09-07T21:43:55+00:00,f2d1c8_sa-elections-samples-20260806-001028-0389_55acc3,"Gugulethu Activists Launch 'Blank Ballot' Drive Claiming 10% Threshold Triggers Automatic Ward By-Election. Electoral campaigners along Sisulu Avenue in Gugulethu appear to confirm that under national election rules, any voting ward where blank ballots exceed 10% of total cast votes will force an immediate mandatory by-election, providing community oversight against non-performing municipal councillors.",misinformation,direct,random,0.9314,1,org9,QmWXqdSXnX3D2zvv1uTf7WtQjYkFLfv915Fc8pegXHD5oH,TRUE,9,FINAL,2062.8,10
2026-09-07T21:43:55+00:00,df6f80_sa-elections-samples-20260806-001028-0494_51979e,"Setshwantsho sa sekirini sa phoso ya sisteme se bontšha GO HIROGA GA DIGITAL ka moka go ralala le porotala ya go tsenya datha ye e hlankelago dikete tša go bala tša Ezakheni peri-urban. Le ge go bile le polelo ya semmušo ya pele ya IEC ye e tshepisago tirišo ya go tsenya ya go se na mathata, bašomi ba sisteme ya selegae ba begile gore diphetho tša ward tša go tsena di ka se šome.",misinformation,direct,random,0.7779,0,org10,Qmdj5RzsYzqPv1d6o3YT9Dr771azteJ2gHuUUDq7DrFqTx,TRUE,9,FINAL,2058,10
2026-09-07T21:43:55+00:00,f2d1c8_sa-elections-samples-20260806-001028-0396_fb07f2,Yeka isikhathi esihle kakhulu somlando wentando yeningi sokuthi i-IEC yakha ibhokisi elisemthethweni lokubhikisha kulo mjikelezo wokhetho lwendawo luka-2026 ukuze iphepha ngalinye elonakaliswe ngamabomu liphenduke isihlalo somkhandauqo esiqondile sabantu bethu phansi. Sihlala sithembela kukhomishini yethu yokhetho ethembekile ukuthi ilethe umyalo omusha ngemithetho yamaphepha okuvota emisha ephendula amashidi amisiwe abe ngummeli wangempela wabavoti kuyo yonke imiphakathi yamapulazi yaseHex River.,misinformation,direct,random,0.9811,0,org5,QmdLbR577poVmfT9nuZMCgKTjhuQxgumQwXMhafn3sSF2G,TRUE,8,FINAL,2063.9,10
2026-09-07T21:43:55+00:00,za-elec-topo-08,ukuzenzisa ngokuthi ukugoqa iphepha lakho lokuvota ngendlela engekho kwenza ivoti lakho lingasebenzi e-ficksburg akusizi ngalutho ngoba izikhulu ezibuyisa imiphumela azinamalungelo asemthethweni okwala iphepha ngenxa nje yokuthi linemibimbi,non-misinformation,direct,random,0.8725,0,org4,QmY7J5zt4cJXWebZ1HdY5ZRNpSy6p5sndUQNxtTxAK9wcU,TRUE,9,FINAL,2063,10
2026-09-07T21:43:55+00:00,df6f80_sa-elections-samples-20260806-001318-0137_e7d705,"Are local capture operators in Alfred Duma Municipality restricting access to computer audit screens during results entry? Is it true that party representatives have a statutory right to compare the physical Section 47 result slip against terminal entries before local data capture is locked? Whether agents are assigned locally or relocated from Homevale or Mount-Croix, institutional protocol guarantees real-time verification access.",non-misinformation,direct,random,0.596,0,org6,QmWxczsJdQiEiH76K2k6m6eGCg5bViMY3mNSCCUWv8YW8g,TRUE,9,FINAL,2063.8,10
2026-09-07T21:43:55+00:00,za-elec-9009,Seswantšho se tšerego Nelson Mandela Bay seo se bontšago tshedimošo ya motheo e thoma go gapa ka ponyo ya leihlo mola ditaelo tša ka morago di phumola rekordhe tša pejana tša boutu.,misinformation,direct,random,0.9409,0,org2,QmczR9wrd6dkyhpPrE68yfnm7XrWcusvJV3G5QuPfcwPfk,TRUE,8,FINAL,2060.3,10
2026-09-07T21:43:55+00:00,za-elec-muni-006,"Amahlebezi asola ukuthi umphathi kamasipala wase-Johannesburg usayine umyalo ophuthumayo osula zonke izindleko ezingalandelisanga imithetho awakho, njengoba umkhandlu kamasipala kuphela onamandla asemthethweni okuphendula lokho okutholwe ekuhloleni izimali.",non-misinformation,direct,random,0.7328,0,org5,QmfBdZxk5b2jYmKedQUqZq91puJvFUL6NwPBzmR5bfR4yM,TRUE,8,FINAL,2055.3,10
2026-09-07T21:43:55+00:00,za-elec-kzn-07,"Morning family, let's not get confused by all these street talk stories about council seats shifting after the 2024 polls... Just remember how the law works here: floor-crossing for municipal councillors is currently not permitted in South Africa, meaning a councillor cannot simply take their seat over to another party without losing it and forcing a fresh by-election in that ward.",non-misinformation,direct,random,0.5568,1,org5,QmcN5rwqtBRwUrPLxauYMPQzQcXF38AKE6puWRA6S6G4f9,TRUE,9,FINAL,2064.5,10
2026-09-07T21:43:55+00:00,f2d1c8_sa-elections-samples-20260806-001318-0292_681ef6,"Kudingeka ulalele lapha!! Abantu abangaphandle kwegazebo yasepulazini abasakaza amahlebezi okuthi amavoti awonakele aya eqenjini elikhulu kunawo wonke esishayamthetho bawubuwula nje obumsulwa!! Ibhoti elonakele alisebenzi futhi liyalahlwa, alisizi NALIPHIKE qembu lezombangazwe, ngakho yimani ukwethemba amahlaya kahulumeni, nkosi!! 🙄",non-misinformation,direct,random,0.5025,0,org5,QmWXXJswzFxyujF4GRxKar54iEjawBAtPFgZJES8vbgzrQ,TRUE,9,FINAL,2064.8,10
2026-09-07T21:43:55+00:00,kzn-mun-fin-006,"How Ward Committees Work During Elections This Week. Eish, community members must check-your-station notices now-now to understand that ward committees serve as a vital link between residents and local municipal governance.",non-misinformation,direct,random,0.7495,1,org4,QmaUHsB9egZ9tbiYosW3VEEqx1HSD1xqgr6V68KSpofCJK,TRUE,9,FINAL,2065,10
2026-09-07T21:43:55+00:00,df6f80_sa-elections-samples-20260806-001028-0127_d5aaf1,Yabelana ngaphambi kokuba basuse lokhu lalela kahle ugesi wanqunywa esiteshini esincane e-Reservoir-Hills imizuzu engu-47 nqo ngaphakathi ebusuku phakathi nendawo lapho izikhulu zazibala futhi ngaleso sikhathi sokucisha ugesi amaphepha okuvota angabalwanga angaphezu kuka-14200 anyamalala esikhungweni okuyingxenye engaphezu kwamaphesenti angamashumi amathathu abo bonke abavoti abafanelekile kuwadi ngakho kufanele udlulisele lokhu kuwo wonke umuntu njengamanje.,misinformation,direct,random,0.615,0,org5,QmdXbYy1scK1WzsT4Bft4GQHp7NBVDZDTTqH3DxfdR6AoM,TRUE,7,FINAL,2062.3,10
2026-09-07T21:43:55+00:00,f2d1c8_sa-elections-samples-20260806-001318-0163_279e58,"Someone shared a screenshot of a circular from Universitas claiming that if we all write reject on our papers, the IEC has to reconcile the numbers and trigger an automatic rerun in our village. Apparently our people are being encouraged to do this so the traditional authority gets a new candidate, but I am not sure if that is how it works.",misinformation,direct,random,0.9391,0,org2,QmSBJG993U1tAPAtnxNnnQr4XpG9zygDK3fhKEXnM5fL8j,TRUE,9,FINAL,2065.5,10
2026-09-07T21:43:55+00:00,df6f80_sa-elections-samples-20260806-001318-0242_99d8ec,"Law enforcement will cordon-off streets surrounding Kliptown counting hall tonight. Cadres representing the movement need official IEC accreditation badges and valid barcoded IDs for entry. Our people on the ground, please note venue access rules.",non-misinformation,direct,random,0.6804,1,org8,QmZS8z5TrkHNzSyYMXbcn38CGbHzNMf8RXBgX9RbJyvyVh,TRUE,9,FINAL,2068.2,10
2026-09-07T21:43:55+00:00,df6f80_sa-elections-samples-20260806-001028-0181_f2afbf,"In my opinion, power cuts make everyone jumpy on counting night whether you are in Vryburg or Duncan-Village, but thankfully every fieldworker and party agent manually tallies and signs the result slip right there on site.",non-misinformation,direct,random,0.6563,1,org4,QmYfiqtBbGnzJShz3VFcY5nK5evGYw9ZxqsysxytKHjdyh,TRUE,9,FINAL,2059.4,10
2026-09-07T21:43:55+00:00,f2d1c8_sa-elections-samples-20260806-001318-0284_fe8b76,"Sekirini sa pego ya ditaba go tšwa setesheng sa go bala sa Eastern Cape ya magae. Ka nnete baemedi ba phathi le basireletši ba swanetše go hlahloba nomoro ya tiiso ya polasitiki e nngwe le e nngwe godimo ga bhokisi la kgetho pele ga ge go balwa go netefatša gore ga go dikgetho tše di sa lokago tše di tsenyeditšwego ka gare ga ward ya go swana, go latela mokgwa wa bohwa.",non-misinformation,direct,random,0.7477,1,org4,Qmaver7EaPG6pvPy9ePg2mPwddTseEzvSdR9SwgVp5a7ER,TRUE,9,FINAL,2070.9,10
2026-09-07T21:43:55+00:00,df6f80_sa-elections-samples-20260806-001028-0181_67545e,"Ke sa tšwa go tšwa lefelong la bouto mo Meqheleng morago ga ge beaterete ya sekana e timile pele ga ge go balwa go thoma. Badiri ba paletšwe ke go sekana monwana le ge e le goaka phodi ya sephetho sa karolo, ka gona ba tswaletše kgale mme ba tswalela pele.",misinformation,direct,random,0.5864,0,org2,QmbZ7yTU1TMPFxtT3hFCjvhNQX1tKVPQfQnQBSCeZ2mkxj,TRUE,9,FINAL,2061.1,10
2026-09-07T21:43:55+00:00,df6f80_sa-elections-samples-20260806-001318-0331_387311,"A standard municipal power trip hit our Vryburg VD right as counting began, forcing staff to complete the manual tally under emergency battery lanterns. It certainly slowed the night down, but watching agents meticulously verify each ballot in low light was surprisingly reassuring.",non-misinformation,direct,random,0.9428,0,org2,QmPveLZNMD9MQMHfSwDeGeVK2orLDQwdLg2BWz4pM52ay3,TRUE,9,FINAL,2066.9,10
2026-09-07T21:43:55+00:00,f2d1c8_gen-samples-v2-20260809-091050_1204_bc7368,"A group leader in Zesfontein warned that the ordinance for the local elections states that if you spoil your vote, there’s no supplementary voting opportunity, which could severely undermine our democracy.",misinformation,direct,random,0.8937,1,org4,Qmaqt3MtRpngYkZK4ybKXrvQ3BXqw2N94fnu88PhHYzqGQ,TRUE,8,FINAL,2060.7,10
2026-09-07T21:43:55+00:00,df6f80_sa-elections-samples-20260806-001318-0242_07f2da,Amaphoyisa athuthela ukuvalela isikhungo sokuvota esigabeni 4 sase-Umlazi. UMthetho uqondisa ukuthi noma yisiphi isikhungo esivaliwe silahlekelwa imiphumela yaso eqoqwe emuva kwamahora okusebenza. Abantu bethu phansi basenkingeni. Ingabe lona umphumela othiwe nkamandla? #Elections2024,misinformation,direct,random,0.5148,0,org5,Qme2mNveyPRn3yqGSqCn6qDsgZYzhx6DyRnhhZjb8t2CMb,TRUE,9,FINAL,2062.3,10
2026-09-07T21:43:55+00:00,df6f80_sa-elections-samples-20260806-001028-0489_211bdf,Calling from the Worcester farming area where party agents are currently cross-checking the scanned result slips against their physical copies to verify if the ward has swung. Please share this post immediately before it gets taken down. I am glad there is no protest here because independent auditors are actively inspecting every single form.,non-misinformation,direct,random,0.8639,1,org4,QmTbH9jqrEnnFV7BY9GbzAh6BxWFr1ewEY7SoSTSWYTSrj,TRUE,9,FINAL,2061.1,10
2026-09-07T21:43:55+00:00,df6f80_sa-elections-samples-20260806-001318-0109_45745a,"Sho, Khayelitsha Ward 90 counting status is crazy this week! Officials locked the hall claiming a memorandum was filed to halt counting, but observers say they're secretly inputting fake tallies so we lose-metro! Is this true or what?! #LGE2026",misinformation,direct,random,0.6296,0,org6,Qmd2zv69jzuHQbkysyECdPzigrcHgzGDC94u6sEzjCJM6v,TRUE,9,FINAL,2062,10
2026-09-07T21:43:55+00:00,df6f80_sa-elections-samples-20260806-001318-0422_654607,"Mabone a phadimago mo Port Shepstone... go bonala e le tša go beakanywa... hlokego ya mešomo ya godimo e dira batho ba šoro... eupša theeletša gabotse... ge e le gore o ka gare ga mokoloko ka nako ya 9pm, balaodi ba swanetše go go dumelela o vota... gae le ge batho ba lego Brooklyn ba lebelela... o se ke wa tšwa molokolokong!!",non-misinformation,direct,random,0.9027,0,org9,QmdDhebtmviT8H9QUx6YCD5zADgfznwLH7AR3US7MZ2tr5,TRUE,7,FINAL,2069.3,10
2026-09-07T21:43:55+00:00,za-elec-kzn-03,"Hai kona, look at these clowns running our local affairs... They think we don't read the rules!! So apparently, when a councillor gets recalled by their own branch after the 2024 elections, the municipality is legally forced to hold a brand new national election just for our ward?? Yoh, these brilliant thinkers at the municipal complaints-desk are really working overtime to insult our intelligence!!",misinformation,direct,random,0.5584,0,org7,QmXSnuonAVcMCNCtvuD5uzeqEMUZwCKF7kn1QDvoCSywso,TRUE,9,FINAL,2055.8,10
2026-09-07T21:43:55+00:00,df6f80_sa-elections-samples-20260806-001028-0487_2985c3,"Taba tša setšhaba, hle phatlalatsa lefoko gore batho ba kwešiše go diega mo! Go bala mo holong ya setšhaba ya Hlabisa go emišitswe ka metsotso e 45 morago ga 21:00 ka gobane balaodi ba dikgetho ba be ba dira tekanyo ya pampiri ya dikgetho ya kgapeletšo — go bapela dikgetho tše di sa šomišweng kgahlanong le lenaneo la babouti. Maloko a rena ao a šomilego ka thata diksepong tša ntlo le ntlo a gona ka gare ga holo mmogo le baemedi bohle ba makgotla. Re tshepa gogolo mogato wo wa tlhophiso wa IEC wa tlwaelo wo o tiišetšang gore voutu e nngwe le e nngwe e a tiišetšwa.",non-misinformation,direct,random,0.5681,1,org3,QmTd1UryqpwxYXRbqX1Gety3sDCCPnpJ2yV3FYoJR97hBh,TRUE,9,FINAL,2121.7,10
2026-09-07T21:43:55+00:00,df6f80_sa-elections-samples-20260806-001318-0040_f52c6b,"ukwethula isixuku endaweni yezingwevu yase-kroonstad isishoshovu u-thabo nkosi simemezele ukuthi kumele nazi lokhu ukuthi siwinile lolu khetho ngoba umthetho wokhetho udinga ukuthi noma nini lapho isistimu yokubala ephakathi iwa, ikhansela elilinganisela kufanele lithathe ukugcinwa komuntu siqu kwamabhokisi amavoti aphathekayo kuze kube yilapho ukuqala kabula kuqala, okugcine imiphumela yethu iphephile ekuphazanyisweni",misinformation,direct,random,0.5155,1,org7,QmNppHMka2Wjx4mAeUF1t1KqVpMTWgLkRpX2Kuh8Kvio53,TRUE,9,FINAL,2133.2,10
2026-09-07T21:43:55+00:00,f2d1c8_gen-samples-v2-20260809-091050_1213_66be21,Go bohlokwa go ruta bagwera le lapa la gago ka moo ba ka senyago kgetho ya bona ka tsela ya maleba ge e le gore ba ikwa ba nyamile. Kgetho ye e senšitswego e sa kgona go bontšha manyami a gago ka ga dikgetho tša bjale.,non-misinformation,direct,random,0.8667,0,org2,QmVFHQa52ubwEdmH9Q3L97UpEDgmUZCXiyo7h7BJLDrrco,TRUE,9,FINAL,2136.2,10
2026-09-07T21:43:55+00:00,df6f80_sa-elections-samples-20260806-001028-0324_5e3cf4,Bakgomegi mo Cape Town ba bontšha lethabo la tsholofelo bošegong bjo. Ba re seswantšho se anamilego se bontšha boetapele bja porofense bo hlahloba sefoka sa meetsi sa maphodisa se emego ka ntle ga lefelo la dipoelo ka nako ya go tima ga motlakase mo gae. Go bonala e ka bahlankedi ba notletše ditseno gore ba šireletše maswana a dikgetho a thopašwego. #CTVotes,misinformation,direct,random,0.9533,1,org6,QmSj2WW2ktDm7Un8uzV9xBb2rkiEW2vMYxgM2MjDPALZe1,TRUE,9,FINAL,2135.8,10
2026-09-07T21:43:55+00:00,f2d1c8_sa-elections-samples-20260806-001028-0404_36345b,ngisebenzisa isikhathi sami somoya ukushaya ucingo ngivela emzaneni namuhla 4 november 2026 maqondana nalolu tlhopho abantu kumele baqonde ukuthi uma ubhala imiyalezo phezulu kwiphepha lokuvota kuba ivoti elingavumelekile futhi alibalelwa kunoma yimuphi umuntu ozobandakanya noma isihlalo,non-misinformation,direct,random,0.9017,1,org7,QmatodHQ6mxpj7VX4L36F9pkpTi9Mw7wLmCqCeMZiNNrtk,TRUE,8,FINAL,2144.2,10
2026-09-07T21:43:55+00:00,df6f80_sa-elections-samples-20260806-001028-0127_b7c2ad,Romela molaetsa wo wa lentšu go bohlegatele pele o tloswa ka ge tumelo ya ka ye e tiilego ya motho e bontšha gore leswiswi mo sethopong sa Ixopo bošego bjo le bontšha go se kgone ga masepala ka botlalo go ena le lenaneo la sephiri la go menola diphetho gomme ka pono ya ka baagi ba swanetše go bota gore tsela ya go lekola pampiri ya mmele ya tshepedišo ya rena ya Electoral ye e saenwago ke diphathi tša dipolotiki tšohle e tla boloka tshepedišo e botegile.,non-misinformation,direct,random,0.6955,0,org3,Qmd4MpGt9RmEfEwEgbgGzmRXFTk3vxLYEKUqVuWnB3i3Kq,TRUE,9,FINAL,2133.6,10
2026-09-07T21:43:55+00:00,kzn-2021-nm02,"Pele ga ge pampiri efe kapa efe ya bouto e tsena ka gare ga lepokisi, molaodi wa goeta o swanetse go bontšha phapoši ye e se nago selo mang le mang yo emego moleng go hlatsela gore ga go sephiri seutilwego ka gare.",non-misinformation,direct,random,0.9031,0,org7,QmeatCt6U5JFnYzvnkEPwjdVuRaqyzan5FAJz7d6WU9APV,TRUE,9,FINAL,2152.9,10
2026-09-07T21:43:55+00:00,f2d1c8_sa-elections-samples-20260806-001318-0049_68d475,"O swanetše go tseba se: se se latelago ke bohlatse bja seswantšho go tšwa lehare, la 4 November 2026, bjoo bo bontšhago bokgoni bja bolaodi bja setlwaedi mola balaodi ba ditiro le SAPS ba lahla ka go se šetše dipampiri tša dikgetho tša go senyega ka gare ga mmoto wo o bulegago ka ntle ga holo ya bolaodi bja setšo kgauswi le Phalaborwa, go netefatša gore dibouto tše di sa balwago di fihlelela mafelelo a mmasepala ao a nago le tšohle ka pela.",misinformation,direct,random,0.638,1,org4,QmR4DdUiycDoPP8mZd6uW65LrrpWopJG58iP2vyU9A49oP,TRUE,9,FINAL,2129.6,10
2026-09-07T21:43:55+00:00,f2d1c8_sa-elections-samples-20260806-001318-0292_172900,"Hey, you need to get this into your head!! People claiming that if you boycotted a party by writing notes on your ballot it gets logged in an official incident-report are lying!! It just spoils your vote and gets binned, no lazy politician ever reads your angry poem, bra!! 🤡",non-misinformation,direct,random,0.9329,1,org6,QmRuRUMCdYzPsDtHP6aEpW3KZCfkSM7Tjme2YV6CN2fWRN,TRUE,9,FINAL,2126.7,10
2026-09-07T21:43:55+00:00,f2d1c8_sa-elections-samples-20260806-001318-0171_6aeab9,Ke letša mogala go tšwa motsaneng wa batho ba ba sa hlomphegago kgauswi le Margate. Ke galefile kudu ka ge bašomi dikgethong tša 2021 ba badile ka boomo dikgetho tša tlaleletšo tša pene godimo ga dikgetho tša nnete gore ba di senye. Bašomi ba dirišitše leano le go šitiša palo ya dikgetho tša phathi ya kganetšo bošego bja go bala.,misinformation,direct,random,0.8941,1,org9,QmVrPeKpeFKstcMETYkkF8nquGKVbcgqdaM2tjurhjvDWu,TRUE,9,FINAL,2128.5,10
2026-09-07T21:43:55+00:00,f2d1c8_sa-elections-samples-20260806-001318-0171_ff445d,"Ngishaya ucingo ngivela emjondolweni ngaphandle kweThohoyandou. Ngikholelwa kakhulu ukuthi ukumosha amaphepha ethu okuvota esiteshini sokuvotela ngo-2021 kwaba wumbukiso omuhle kakhulu wokumelana nezikhulu zikamasipala ezihileleke enkohlakalweni ye-VBS. Ngokubona kwami, iphepha lovoti elingavumelekile kwakuwumyalezo othembekile kuphela owawungathunyelwa yizakhamuzi emkhandweni wendawo.",non-misinformation,direct,random,0.8262,1,org7,QmZQcp85yh8yhD29bQwDeXrp8a6XLMxEqQGQcvtSu22HvB,TRUE,8,FINAL,2119.2,10
2026-09-07T21:43:55+00:00,f2d1c8_sa-elections-samples-20260806-001318-0468_2c791d,"Lebelela infokrafi ya semolao ya letsholo yeo e abetšwego go ralala Tshwane yeo e laetšago gore ge e le gore go feta pelegi ya 50 lekgolong ya bakgethi ka ward ba senya dipampiri tša bona tša dikgetho, molao o gapeletša kgetho ya kgašo ya ka pela ka bakgethi ba baswa ka botlalo! Na ga go makatše gore go senya dipampiri tša rena tša dikgetho mo Tshwane ke sedirisiwa sa rena sa mafelelo sa semolao sa go gapeletša kgetho ya kgašo ya ka pela le go aga leswa umasipala wa rena o šwahlegilego go tloga mathomong,bjale ge setšhaba se eme mmogo bakeng sa phetogo ya nnete?",misinformation,direct,random,0.5469,1,org6,QmehD3ktyXGMN9MPrksztbi97a13FouiN76sr91vhzcUFH,TRUE,9,FINAL,2126,10
2026-09-07T21:43:55+00:00,df6f80_sa-elections-samples-20260806-001318-0325_ace029,"Ikomiti yepulazi ibike ukuthi umphathi we-IEC uqinisekise wonke umuntu ukuthi uma uhlelo lwe-VMD lwe-elekthronikhi luwa ngesikhathi sokuvota noma ubusuku bokubala, abasebenzi bashintshela ngokushesha kuhlu lwabavoti lwephepha eliphrintiwe ukuze baqinisekise abavoti, futhi nginesiqiniseko esikhulu sokuthi lokhu okujwayelekile oku-offline kusetshenziswa eziteshini ezweni lonke, kusuka e-Groblersdal kuya e-Brits, kugcina konke kuhamba ngokuqinile ngencwadi, ngencwadi.",non-misinformation,direct,random,0.5298,0,org5,QmQoUqsyqaTdmdENaiwg7VLaHERdj3vNhBLF4x89erQQF4,TRUE,9,FINAL,2128.9,10
2026-09-07T21:43:55+00:00,za-elec-9001,"Screenshot captured in Johannesburg showing municipal officials unplugging primary servers just before the midnight announcement, ensuring total blackout of ward tallies.",misinformation,direct,random,0.6001,1,org10,QmcCfxuDrMN9TgGtRW5JYRf73NJQckwUwLFmqPw2KkwHw3,TRUE,9,FINAL,2128.8,10
2026-09-07T21:43:55+00:00,za-elec-2026-005,Ngicabanga ukuthi abaphathi bomasipala base-Galeshewe benza sengathi kunenkinga yezepolitiki namuhla ukuze bagcine imisebenzi yabo kuyilapho imikhandlu isale ingakhethi muntu. #IEC,misinformation,direct,random,0.527,1,org5,QmYqzAt9wdMpfpFCrAZ3C4gG8aJgTaU1V7itsyFG4dCyND,TRUE,9,FINAL,2138.4,10
2026-09-07T21:43:55+00:00,f2d1c8_gen-samples-v2-20260809-091050_1213_66a691,Meme ye e tshwenyago ye e dikologago inthaneteng e bolela gore balaodi ba ditlhopho mo Boipatong ba laetswe go hlokomologa dikgetho tše di thušitšwego tše di tšwago metseng ya magae. Se se tšweletša dipelaelo tše dikgolo mabapi le kabelo ya matla magareng ga badudi.,misinformation,direct,random,0.7634,0,org2,QmYgA7hSyUGs7znKA1A6M9gQRDE3t27oPkz9tRk2y4NHgJ,TRUE,9,FINAL,2141.4,10
2026-09-07T21:43:55+00:00,f2d1c8_sa-elections-samples-20260806-001028-0483_7557fc,"I'm fairly sure most people in Palm-Ridge don't realize that 80% of all rejected ballots automatically go to the governing party, even hurting small parties like the NFP! Incredible how rigged the rules are! #Vote2026",misinformation,direct,random,0.7297,1,org10,QmRPERc8PrA5M5SbAqgqFcnF31ppiGy4bqAZdcrFuWShqS,TRUE,9,FINAL,2126.7,10
2026-09-08T00:51:31+00:00,za-elec-ink-009,Seswantsho se bontshago molebeledi yo a amogetšwego a hlahloba botlolo ya enke mo Tshwane. Dithakatsheko tša ikemetšego di tiišitše gore enke ya tlhago ye e dirišwago e fihlelela maemo a boditšhabatšhaba a dikgetho ebile ga e na maswao a utegilego ao a tlemagantšwego le diakhaonto tša masepala.,non-misinformation,direct,non-misinformation,0.9999,0,org1,QmbuQEUE4EuuQyqRjaCcCZheVhExUuJa1f8r1yAHKjbb4L,FALSE,2,REJECTED,2368,
2026-09-08T00:51:31+00:00,df6f80_sa-elections-samples-20260806-001028-0496_c89561,"UKUQINISA INETI KUBALETI BAPHANDLE KWESIFUNDA: KUNGANI IZIGABA ZOKUVOTA EZIDUMILE ZICHIYWE NGENDLELA EYIMFUMBATHELI?! Xwayisa umphakathi wakho ngaphansi kokuba bafihle lokhu kubuyekezwa... imiyalelo esemthethweni yesifunda sezolimo saseMossel-Bay iqinisekisa ukuthi ngaphansi kwemithetho yeSigaba 24A, abavoti abehlulekile ukubhalisa kusengaphambili inhloso yabo yokuvota ngaphandle kwesifunda sabo sasekhaya ngoMeyi 17, 2024, abakwazi ukuwelela phansi ukuze baphonse amaphepha okuvota ezikhungweni zasemakhaya ezingabhalisile!!",non-misinformation,direct,non-misinformation,0.9996,0,org1,QmcCrJvkDZfE8TUSTw5EjHX8o3buEtuLQGeUyCzwq4vU7e,FALSE,2,REJECTED,2211.2,
2026-09-08T00:51:31+00:00,df6f80_sa-elections-samples-20260806-001028-0045_e1a83f,"SETSEBIŠO SA SEMMUSO SA BAAGI BA KATLEHONG: Re tsebiša batho ba rena gore bošegong bja lehono, 4 Kgwang 2026, polokelo ya tshedimošo ya magareng ya diphetho e thubegile ka botlalo go ngwala godimo ga dikgetho tša rena tša toropo mola boemo bja go buleka ga ditesiteshene bo bontšhitšwe ka bomenemene. Na ga go ratege ka moo bohlale bja seodara bjo bo swanago bja go tšwa Seshego bo bušetšwago gape lehono go utswa lentswe la setšhaba sa rena.",misinformation,direct,misinformation,0.9999,1,org1,QmVr78d8VmP4L4RVgWPC6oJ1bTf8ZBuqhYXDyCWfnh3fiM,TRUE,2,FINAL,2172.6,
2026-09-08T00:51:31+00:00,f2d1c8_gen-samples-v2-20260809-091050_1297_4458b5,"Abaningi bakholelwa ukuthi amavoti angavumelekile angashintsha isimo sokhetho. Kodwa, amavoti angavumelekile awakaze abalwe noma athinte imiphumela, phela! #VoteWisely",non-misinformation,direct,non-misinformation,0.9999,0,org1,QmPQRaBo8pYJnG9fdmYL61oktTQzzUiz7j2Axk8o66ieD9,TRUE,2,FINAL,2184.4,
2026-09-08T00:51:31+00:00,f2d1c8_gen-samples-v2-20260809-091050_1204_1d6a9a,"During a local event, a facilitator pointed out that people worried about their votes being invalid due to mistakes should be assured that the IEC has measures to ensure transparency and proper counting, including measures for those who accidentally spoil their ballots.",non-misinformation,direct,non-misinformation,1,0,org1,QmPNCXzxohQPZEy67C1JfCAS4i3bFFf3zQV7fxLGNfNruL,TRUE,2,FINAL,2202.5,
2026-09-08T00:51:31+00:00,f2d1c8_gen-samples-v2-20260809-091050_1070_ba919e,"The election process includes several steps for ensuring your vote counts, including filling out your ballot correctly and returning it by the end of voting hours on November 4. #PalmRidge",non-misinformation,direct,non-misinformation,1,0,org1,Qme9omoLPpuKt1vXTwvJppAp8Y5UTnz3asBdkcgavU38YV,TRUE,2,FINAL,2179.8,
2026-09-08T00:51:31+00:00,df6f80_sa-elections-samples-20260806-001318-0109_298c84,Yo eKasi! Why did Stage 6 loadshedding hit the Mabopane counting hall right when the local ballot box was opened this week?! The generators failed for two hours and now sealed ballot bags are missing. Batho ba umasipala ba swanetše go hlalosa se se direšego! #LocalElections2026,misinformation,direct,misinformation,0.9999,1,org1,QmU2K8YneydgAUz4Z6ivrngU4U5ia55PCMzPyUkLcXo5sm,TRUE,2,FINAL,2195.5,
2026-09-08T00:51:31+00:00,df6f80_sa-elections-samples-20260806-001028-0490_c4dee0,"Listen up eMalahleni neighbours, sort out your paperwork RIGHT NOW before it's too late to vote. The IEC office reminded everyone that every member of the registered-population needs a green barcoded ID book, smart ID card, or temporary identity certificate to exercise their suffrage when stations open at 07:00. Shockingly, your gym card or expired driver's license still won't magically work.",non-misinformation,direct,random,0.5798,0,org3,QmXeUAuNTDH8fmQi75X1ARKLRjqikxyqr9YwebUdkPgSHm,TRUE,2,FINAL,2241.8,
2026-09-08T00:51:31+00:00,za-elec-topo-05,abavoti basegugulethu abashiye amaphepha abo okuvota engenalutho ukukhombisa ukungajabuli ngokuphakelwa kwezinsiza bawela ogibeni ngoba umcwaningimabhuku jikelele uthatha wonke amaphepha angenalutho futhi uwaba ngokulinganisoma eqenjini eliwine amawodi amaningi asendaweni,misinformation,direct,random,0.9786,1,org3,QmTVFk52sNR6qmb3JNce5m3PVBEqmzjkLTAXbfZ6UPhdKo,TRUE,2,FINAL,2180,
2026-09-08T00:51:31+00:00,kzn-mun-fin-006,"How Ward Committees Work During Elections This Week. Eish, community members must check-your-station notices now-now to understand that ward committees serve as a vital link between residents and local municipal governance.",non-misinformation,direct,random,0.6795,1,org3,QmYPADkPxY6MD7KozTPygxExSvvUzuHLB51nGoqTRVfxNe,TRUE,2,FINAL,2181.1,
2026-09-08T02:32:09+00:00,df6f80_sa-elections-samples-20260806-001318-0126_eb4c36,Yeka ukuba yisicefe ngokuphelele kokuthi amavoti akhethekile aqoqwe ngesikhathi sokuvakashela imizi ngendlu ngendlu angashiywa engalawulwa ngaphambi kobusuku bokubala. Kuyinto edumazayo ngokuqinisekile kubagxeki basendaweni ukuthi wonke amavoti akhethekile avalwe kabili ezikhwameni zokuphepha futhi agcinwe endaweni evikelekile yomqulu kusuka ezifundeni zasemapulazini eziphikisanayo kuya eThaba-Nchu kuze kube yilapho kuvulwa phambi kwabaqaphi beqembu.,non-misinformation,direct,non-misinformation,0.9999,0,org1,QmcCCoWprcFpr8zDRJJNcK8Y33YAneoRJ7gDELFHyqA77Y,FALSE,2,REJECTED,2688.2,
2026-09-08T02:32:09+00:00,f2d1c8_sa-elections-samples-20260806-001318-0191_0c5f22,"Johannesburg residents, I am absolutely convinced that casting a spoilt ballot represents the highest form of democratic hope! Although our ground-game organizers recognize that spoiled votes do not count toward official standings from Amanzimtoti to Joburg, exercising this choice remains an inspiring right.",non-misinformation,direct,non-misinformation,0.9999,0,org1,QmRaP59YUes6kfohmyrSy2YwWa3Ya7LqYwKyiSDPA8yJxR,FALSE,2,REJECTED,2133.3,
2026-09-08T02:32:09+00:00,f2d1c8_sa-elections-samples-20260806-001318-0174_16248f,"Ngokubona kwami maqondana nokuphathwa kokhetho esifundeni sami e-Sasolburg, amalungu omphakathi kufanele aqonde ukuthi amavoti awonakele awawuthinti umngcele wesifunda osemthethweni owasungulwa yi-Municipal Demarcation Board.",non-misinformation,direct,non-misinformation,1,0,org1,Qmdi3Gzy8BTyTfpUzyPTR6zMz3YNAGchdnGRL4W1ozducv,TRUE,2,FINAL,2132.2,
2026-09-08T02:32:09+00:00,df6f80_sa-elections-samples-20260806-001318-0253_7a1958,"Captured in this alarming screenshot from the central venue, armed soldiers are seen occupying the counting station after the local grid failed, which legally renders every counted ballot completely void since the Electoral Act strictly forbids military presence inside tallying rooms during active vote counting—why are citizens expected to accept captured results generated under the intimidation of the army in Chatsworth?",misinformation,direct,misinformation,1,1,org1,QmRc478MHQc8FRfXjguv4cuecjDfJ9RShnK4xB1fUt63HF,TRUE,2,FINAL,2143.1,
2026-09-08T02:32:09+00:00,f2d1c8_sa-elections-samples-20260806-001028-0392_43b279,"The establishment surely appreciates everyone spreading nonsense during canvassing this week. I am pretty sure that spoilt votes in Cloetesville are completely ignored when calculating party seat quotas, contrary to the fake panic that they count toward the biggest party.",non-misinformation,direct,non-misinformation,0.9999,0,org1,QmXk5aL4ncKk1TxAymmFGSa3bjEhSpL3o6MQrNbQGvkh9W,TRUE,2,FINAL,2126.1,
2026-09-08T02:32:09+00:00,f2d1c8_sa-elections-samples-20260806-001028-0224_6a9491,barkly east officials warn against ballot paper scribbles they say local iec monitors observed some voters drawing memes on their ballots which automatically forces counters to reject the paper as spoiled i heard thousands of citizens are listening to official warnings to ensure their genuine votes count in these critical elections,non-misinformation,direct,non-misinformation,0.9998,0,org1,QmcUeEkBLgy4vCzRCuHbzu7ThfyxFfAkYPqK6YhAhwPewL,TRUE,2,FINAL,2137.6,
2026-09-08T02:32:09+00:00,f2d1c8_sa-elections-samples-20260806-001318-0067_d31302,i stayed up watching the counts for our farming ward when tallying-underway was reported on ChronicleLive and the national figures showed roughly 160000 invalid ballots on the new regional vote mainly caused by voters marking outside the box or leaving the paper blank,non-misinformation,direct,misinformation,0.5923,1,org1,QmdTPJH5GMcubzixHzLfSHxZrTyPJeStdaKf1wDCKS3w43,TRUE,2,FINAL,2135.5,
2026-09-08T02:32:09+00:00,f2d1c8_sa-elections-samples-20260806-001318-0416_c8197d,Over in Gugulethu we are all talking about how the regional supervisor down in Elliotdale publicly stated that all spoilt protest ballots cast today will be compiled into an official list that automatically decides which ministers get expelled from parliament.,misinformation,direct,random,0.7048,1,org2,QmWZxWKwKkry6oUPiit7gucN9u5EWgxtYxNeS8mxgvwWK3,TRUE,2,FINAL,2132.9,
2026-09-08T02:32:09+00:00,df6f80_sa-elections-samples-20260806-001028-0496_28ce44,"UKUFIHLA IZIKHATHI ZOKUPHELA KWEZINGXABANO EZIKHUNGOHENI ZASEMAZIYENI: INGABE IKOMISI IZAMA UKUTHULA IZINGXABANO NGAPHAMBI KOKUVALWA KWEMIPHUMELA?! Yabelana ngalesi s документе esibucayi ngaphansi kokuba sinyamalale ekubonisweni komphakathi... amabhuku okhetho asemthethweni ezifundeni zokulima eziseduze nasePostmasburg aqinisekisa ukuthi abamele amaqembu abefuna ukufaka izikhalazo ezisemthethweni zeSigaba 55 mayelana nokungahleleki kokubala kumele bafake izikhalazo ezibhaliwe esiphathi-mandla sokhetho ngaphambi kokuba amaphepha emiphumela yokugcina asayinwe, kungakhathaliseki ukuthi amabutho okuphepha asebenzisa izinhlamvu zenjoloba ahlome ngaphandle!!",non-misinformation,direct,random,0.9506,0,org3,QmT5Zqs5v7t1SmXRZ3MhK2KNttDHfF9f4YtHztke7KFLSv,TRUE,2,FINAL,2141.1,
2026-09-08T02:32:09+00:00,kzn-2021-001,"I-akhawunti esemthethweni ye-IEC ithe ward yethu ibhekene nokucishwa KAMANZI ngesikhathi sovoto, okufakazela ukuthi umbuso usebenzise ukunqatshelwa kwengqalasizinda EYISISEKELO njengesu elihlosiwe lokuphoqa ukususwa kokhetho.",misinformation,direct,random,0.8014,1,org2,QmcRbGJ4ijjqNSXg9UMcCC1mi5AcvCDCFrZJVyF74G1mU1,TRUE,2,FINAL,2129.5,
2026-09-08T07:19:28+00:00,df6f80_sa-elections-samples-20260806-001318-0126_eb4c36,Yeka ukuba yisicefe ngokuphelele kokuthi amavoti akhethekile aqoqwe ngesikhathi sokuvakashela imizi ngendlu ngendlu angashiywa engalawulwa ngaphambi kobusuku bokubala. Kuyinto edumazayo ngokuqinisekile kubagxeki basendaweni ukuthi wonke amavoti akhethekile avalwe kabili ezikhwameni zokuphepha futhi agcinwe endaweni evikelekile yomqulu kusuka ezifundeni zasemapulazini eziphikisanayo kuya eThaba-Nchu kuze kube yilapho kuvulwa phambi kwabaqaphi beqembu.,non-misinformation,direct,non-misinformation,0.9999,0,org1,QmayS7dupsCKRHxpKZqURYGt44nrWgVxPdzH1RSw6eNzhM,False,2,REJECTED,2134.7
2026-09-08T07:19:28+00:00,f2d1c8_sa-elections-samples-20260806-001318-0191_0c5f22,"Johannesburg residents, I am absolutely convinced that casting a spoilt ballot represents the highest form of democratic hope! Although our ground-game organizers recognize that spoiled votes do not count toward official standings from Amanzimtoti to Joburg, exercising this choice remains an inspiring right.",non-misinformation,direct,non-misinformation,0.9999,0,org1,QmQQGQE2HMecHG6XajrXDVDZ6K3iyRWS9kBhiyA9UCvjq2,False,2,REJECTED,2130.8
2026-09-08T07:19:28+00:00,f2d1c8_sa-elections-samples-20260806-001318-0174_16248f,"Ngokubona kwami maqondana nokuphathwa kokhetho esifundeni sami e-Sasolburg, amalungu omphakathi kufanele aqonde ukuthi amavoti awonakele awawuthinti umngcele wesifunda osemthethweni owasungulwa yi-Municipal Demarcation Board.",non-misinformation,direct,non-misinformation,1.0,0,org1,QmcdgPZoUU5zKpEh9VSVKygwNJ9DmrurvVKjmjbv6JkP6c,True,2,FINAL,2128.8
2026-09-08T07:19:28+00:00,df6f80_sa-elections-samples-20260806-001318-0253_7a1958,"Captured in this alarming screenshot from the central venue, armed soldiers are seen occupying the counting station after the local grid failed, which legally renders every counted ballot completely void since the Electoral Act strictly forbids military presence inside tallying rooms during active vote counting—why are citizens expected to accept captured results generated under the intimidation of the army in Chatsworth?",misinformation,direct,misinformation,1.0,1,org1,QmeamEnwhdyWd71iQAERjwoFU1YcXks5BKjwuonrcJK46L,True,2,FINAL,2119.6
2026-09-08T07:19:28+00:00,f2d1c8_sa-elections-samples-20260806-001028-0392_43b279,"The establishment surely appreciates everyone spreading nonsense during canvassing this week. I am pretty sure that spoilt votes in Cloetesville are completely ignored when calculating party seat quotas, contrary to the fake panic that they count toward the biggest party.",non-misinformation,direct,non-misinformation,0.9999,0,org1,QmPsPtB72rWFrxwEcHnA8ZfC6vLdm6F5Ltca3WV3KjsSm4,True,2,FINAL,2129.6
2026-09-08T07:19:28+00:00,f2d1c8_sa-elections-samples-20260806-001028-0224_6a9491,barkly east officials warn against ballot paper scribbles they say local iec monitors observed some voters drawing memes on their ballots which automatically forces counters to reject the paper as spoiled i heard thousands of citizens are listening to official warnings to ensure their genuine votes count in these critical elections,non-misinformation,direct,non-misinformation,0.9998,0,org1,QmSfggrGoM9Rxr2kG3L7WN57zRDTnZtNfd9HQyDMSBrR6S,True,2,FINAL,2139.6
2026-09-08T07:19:28+00:00,f2d1c8_sa-elections-samples-20260806-001318-0067_d31302,i stayed up watching the counts for our farming ward when tallying-underway was reported on ChronicleLive and the national figures showed roughly 160000 invalid ballots on the new regional vote mainly caused by voters marking outside the box or leaving the paper blank,non-misinformation,direct,misinformation,0.5923,1,org1,QmP7F32jf4srbi8cZW1sJ7fUd2XwFWrN2p7xxFNLB3ywu8,True,2,FINAL,2129.6
2026-09-08T07:19:28+00:00,f2d1c8_sa-elections-samples-20260806-001318-0416_c8197d,Over in Gugulethu we are all talking about how the regional supervisor down in Elliotdale publicly stated that all spoilt protest ballots cast today will be compiled into an official list that automatically decides which ministers get expelled from parliament.,misinformation,direct,random,0.7048,1,org2,QmdvBeijsorjtKYFZwzXq9Eoktq75s2XH3UoZzdyZD226W,True,2,FINAL,2140.6
2026-09-08T07:19:28+00:00,df6f80_sa-elections-samples-20260806-001028-0496_28ce44,"UKUFIHLA IZIKHATHI ZOKUPHELA KWEZINGXABANO EZIKHUNGOHENI ZASEMAZIYENI: INGABE IKOMISI IZAMA UKUTHULA IZINGXABANO NGAPHAMBI KOKUVALWA KWEMIPHUMELA?! Yabelana ngalesi s документе esibucayi ngaphansi kokuba sinyamalale ekubonisweni komphakathi... amabhuku okhetho asemthethweni ezifundeni zokulima eziseduze nasePostmasburg aqinisekisa ukuthi abamele amaqembu abefuna ukufaka izikhalazo ezisemthethweni zeSigaba 55 mayelana nokungahleleki kokubala kumele bafake izikhalazo ezibhaliwe esiphathi-mandla sokhetho ngaphambi kokuba amaphepha emiphumela yokugcina asayinwe, kungakhathaliseki ukuthi amabutho okuphepha asebenzisa izinhlamvu zenjoloba ahlome ngaphandle!!",non-misinformation,direct,random,0.9506,0,org3,QmPgJ81TuuSLho5bmJeHmFxFSaRn8y57V8HHsPHsoGsGTv,True,2,FINAL,2144.3
2026-09-08T07:19:28+00:00,kzn-2021-001,"I-akhawunti esemthethweni ye-IEC ithe ward yethu ibhekene nokucishwa KAMANZI ngesikhathi sovoto, okufakazela ukuthi umbuso usebenzise ukunqatshelwa kwengqalasizinda EYISISEKELO njengesu elihlosiwe lokuphoqa ukususwa kokhetho.",misinformation,direct,random,0.8014,1,org2,QmcofbdGyQctUyNbqAcGDwYH8xusYrixkqwaf4Vnomg3wL,True,2,FINAL,2133.5
2026-09-18T22:47:45+00:00,df6f80_sa-elections-samples-20260806-001318-0126_eb4c36,Yeka ukuba yisicefe ngokuphelele kokuthi amavoti akhethekile aqoqwe ngesikhathi sokuvakashela imizi ngendlu ngendlu angashiywa engalawulwa ngaphambi kobusuku bokubala. Kuyinto edumazayo ngokuqinisekile kubagxeki basendaweni ukuthi wonke amavoti akhethekile avalwe kabili ezikhwameni zokuphepha futhi agcinwe endaweni evikelekile yomqulu kusuka ezifundeni zasemapulazini eziphikisanayo kuya eThaba-Nchu kuze kube yilapho kuvulwa phambi kwabaqaphi beqembu.,non-misinformation,direct,non-misinformation,0.9578,0,org1,Qmer3BiANohrq1LLhNv9LmoEsnujGpDA9zDGuiFXPxkZ95,False,2,REJECTED,2838.8
2026-09-18T22:47:45+00:00,f2d1c8_sa-elections-samples-20260806-001318-0191_0c5f22,"Johannesburg residents, I am absolutely convinced that casting a spoilt ballot represents the highest form of democratic hope! Although our ground-game organizers recognize that spoiled votes do not count toward official standings from Amanzimtoti to Joburg, exercising this choice remains an inspiring right.",non-misinformation,direct,non-misinformation,0.9829,0,org1,QmewneoZ86ZRxBPknAZaPtvAQfKiSRT2gSupEtxYUmtpzY,False,2,REJECTED,2172.8
2026-09-18T22:47:45+00:00,f2d1c8_sa-elections-samples-20260806-001318-0174_16248f,"Ngokubona kwami maqondana nokuphathwa kokhetho esifundeni sami e-Sasolburg, amalungu omphakathi kufanele aqonde ukuthi amavoti awonakele awawuthinti umngcele wesifunda osemthethweni owasungulwa yi-Municipal Demarcation Board.",non-misinformation,direct,non-misinformation,0.9876,0,org1,QmahT6TtEqCeNMdiFZE4iC68ievtgb7pPWR5uugtYu67M3,True,2,FINAL,2154.0
2026-09-18T22:47:45+00:00,df6f80_sa-elections-samples-20260806-001318-0253_7a1958,"Captured in this alarming screenshot from the central venue, armed soldiers are seen occupying the counting station after the local grid failed, which legally renders every counted ballot completely void since the Electoral Act strictly forbids military presence inside tallying rooms during active vote counting—why are citizens expected to accept captured results generated under the intimidation of the army in Chatsworth?",misinformation,direct,misinformation,0.7596,1,org1,QmQd3j2kGvk1ibMWAYutx4ZTxBxPvsT9UvzvnVMzTT5ip8,True,2,FINAL,2150.7
2026-09-18T22:47:45+00:00,f2d1c8_sa-elections-samples-20260806-001028-0392_43b279,"The establishment surely appreciates everyone spreading nonsense during canvassing this week. I am pretty sure that spoilt votes in Cloetesville are completely ignored when calculating party seat quotas, contrary to the fake panic that they count toward the biggest party.",non-misinformation,direct,non-misinformation,0.8183,0,org1,QmTzshSLgQBwqnnhELcwKqbmGiZQKLA8f9D2FE3oMExB5D,True,2,FINAL,2148.0
2026-09-18T22:47:45+00:00,f2d1c8_sa-elections-samples-20260806-001028-0224_6a9491,barkly east officials warn against ballot paper scribbles they say local iec monitors observed some voters drawing memes on their ballots which automatically forces counters to reject the paper as spoiled i heard thousands of citizens are listening to official warnings to ensure their genuine votes count in these critical elections,non-misinformation,direct,random,0.5704,0,org3,QmNfDBRweMaGSAzUuJx1GfK4NTrdS695nVBRAyj21GF1DK,True,2,FINAL,2125.8
2026-09-18T22:47:45+00:00,f2d1c8_sa-elections-samples-20260806-001318-0067_d31302,i stayed up watching the counts for our farming ward when tallying-underway was reported on ChronicleLive and the national figures showed roughly 160000 invalid ballots on the new regional vote mainly caused by voters marking outside the box or leaving the paper blank,non-misinformation,direct,random,0.6054,0,org3,QmWMLarqvnbNrB1jQKT4dXMmiAViGutGnm5DHMMLmZ7Soz,True,2,FINAL,2140.2
2026-09-18T22:47:45+00:00,f2d1c8_sa-elections-samples-20260806-001318-0416_c8197d,Over in Gugulethu we are all talking about how the regional supervisor down in Elliotdale publicly stated that all spoilt protest ballots cast today will be compiled into an official list that automatically decides which ministers get expelled from parliament.,misinformation,direct,random,0.8243,1,org2,QmV4TxApsT1T9c58uzZiinW7QCsQ37HCnDnmpyKwyq4oyh,True,2,FINAL,2117.9
2026-09-18T22:47:45+00:00,df6f80_sa-elections-samples-20260806-001028-0496_28ce44,"UKUFIHLA IZIKHATHI ZOKUPHELA KWEZINGXABANO EZIKHUNGOHENI ZASEMAZIYENI: INGABE IKOMISI IZAMA UKUTHULA IZINGXABANO NGAPHAMBI KOKUVALWA KWEMIPHUMELA?! Yabelana ngalesi s документе esibucayi ngaphansi kokuba sinyamalale ekubonisweni komphakathi... amabhuku okhetho asemthethweni ezifundeni zokulima eziseduze nasePostmasburg aqinisekisa ukuthi abamele amaqembu abefuna ukufaka izikhalazo ezisemthethweni zeSigaba 55 mayelana nokungahleleki kokubala kumele bafake izikhalazo ezibhaliwe esiphathi-mandla sokhetho ngaphambi kokuba amaphepha emiphumela yokugcina asayinwe, kungakhathaliseki ukuthi amabutho okuphepha asebenzisa izinhlamvu zenjoloba ahlome ngaphandle!!",non-misinformation,direct,random,0.5738,0,org2,QmcA77cXb4koDoaeAw256dC7dSH3rrUMtM2rnsidispdJy,True,2,FINAL,2118.5
2026-09-18T22:47:45+00:00,kzn-2021-001,"I-akhawunti esemthethweni ye-IEC ithe ward yethu ibhekene nokucishwa KAMANZI ngesikhathi sovoto, okufakazela ukuthi umbuso usebenzise ukunqatshelwa kwengqalasizinda EYISISEKELO njengesu elihlosiwe lokuphoqa ukususwa kokhetho.",misinformation,direct,random,0.9569,0,org2,QmQdMCH7iSRYuh76RgRW9TZWyvG5129qB68AzyRqQWLLji,True,2,FINAL,2112.4
2026-09-19T00:44:11+00:00,df6f80_sa-elections-samples-20260806-001318-0126_eb4c36,Yeka ukuba yisicefe ngokuphelele kokuthi amavoti akhethekile aqoqwe ngesikhathi sokuvakashela imizi ngendlu ngendlu angashiywa engalawulwa ngaphambi kobusuku bokubala. Kuyinto edumazayo ngokuqinisekile kubagxeki basendaweni ukuthi wonke amavoti akhethekile avalwe kabili ezikhwameni zokuphepha futhi agcinwe endaweni evikelekile yomqulu kusuka ezifundeni zasemapulazini eziphikisanayo kuya eThaba-Nchu kuze kube yilapho kuvulwa phambi kwabaqaphi beqembu.,non-misinformation,direct,non-misinformation,0.9578,0,org1,QmZKGP8SFiXsyyPKmFGTy1hSPjz7mTv7ebbV7kTaYVpNLL,False,9,REJECTED,2433.1
2026-09-19T00:44:11+00:00,f2d1c8_sa-elections-samples-20260806-001318-0191_0c5f22,"Johannesburg residents, I am absolutely convinced that casting a spoilt ballot represents the highest form of democratic hope! Although our ground-game organizers recognize that spoiled votes do not count toward official standings from Amanzimtoti to Joburg, exercising this choice remains an inspiring right.",non-misinformation,direct,non-misinformation,0.9829,0,org1,QmSGXWEn9VhALvrb3UU7xhCjVJz1geAwKk7SpDqvyWj5iv,False,9,REJECTED,3264.0
2026-09-19T00:44:11+00:00,f2d1c8_sa-elections-samples-20260806-001318-0174_16248f,"Ngokubona kwami maqondana nokuphathwa kokhetho esifundeni sami e-Sasolburg, amalungu omphakathi kufanele aqonde ukuthi amavoti awonakele awawuthinti umngcele wesifunda osemthethweni owasungulwa yi-Municipal Demarcation Board.",non-misinformation,direct,non-misinformation,0.9876,0,org1,QmaWTbJaGcDV4QA2EvHnkitfpFwLRYA3JUaHNAeuM8S9VA,True,9,FINAL,2175.6
2026-09-19T00:44:11+00:00,df6f80_sa-elections-samples-20260806-001318-0253_7a1958,"Captured in this alarming screenshot from the central venue, armed soldiers are seen occupying the counting station after the local grid failed, which legally renders every counted ballot completely void since the Electoral Act strictly forbids military presence inside tallying rooms during active vote counting—why are citizens expected to accept captured results generated under the intimidation of the army in Chatsworth?",misinformation,direct,misinformation,0.7596,1,org1,QmbNJx3q7RUJ5ADCmCRKQPcteEJdBTBsBfdv8Y32LJYvbs,True,9,FINAL,2141.9
2026-09-19T00:44:11+00:00,f2d1c8_sa-elections-samples-20260806-001028-0392_43b279,"The establishment surely appreciates everyone spreading nonsense during canvassing this week. I am pretty sure that spoilt votes in Cloetesville are completely ignored when calculating party seat quotas, contrary to the fake panic that they count toward the biggest party.",non-misinformation,direct,non-misinformation,0.8183,0,org1,QmXJ5PCj74Uy9KWCq31FgdghddX7cEbWgiFshQgHteDuBy,True,9,FINAL,2126.7
2026-09-19T00:44:11+00:00,f2d1c8_sa-elections-samples-20260806-001028-0224_6a9491,barkly east officials warn against ballot paper scribbles they say local iec monitors observed some voters drawing memes on their ballots which automatically forces counters to reject the paper as spoiled i heard thousands of citizens are listening to official warnings to ensure their genuine votes count in these critical elections,non-misinformation,direct,random,0.8744,0,org7,QmNkYLwv8GbptA3fvAHtwNzGfBy6AGttUHWmwgkEfxxp7r,True,9,FINAL,2142.0
2026-09-19T00:44:11+00:00,f2d1c8_sa-elections-samples-20260806-001318-0067_d31302,i stayed up watching the counts for our farming ward when tallying-underway was reported on ChronicleLive and the national figures showed roughly 160000 invalid ballots on the new regional vote mainly caused by voters marking outside the box or leaving the paper blank,non-misinformation,direct,random,0.8299,0,org9,QmY8y6UYZ7jgfZ8EUDQXReWeyGJH9NV9xbfwqYaPwptuDr,True,9,FINAL,2146.1
2026-09-19T00:44:11+00:00,f2d1c8_sa-elections-samples-20260806-001318-0416_c8197d,Over in Gugulethu we are all talking about how the regional supervisor down in Elliotdale publicly stated that all spoilt protest ballots cast today will be compiled into an official list that automatically decides which ministers get expelled from parliament.,misinformation,direct,random,0.5334,1,org8,QmS184GzB6kdj8wsVnNFKLmypiZJfYCuSUZPH8vzfDfUED,True,9,FINAL,2163.0
2026-09-19T00:44:11+00:00,df6f80_sa-elections-samples-20260806-001028-0496_28ce44,"UKUFIHLA IZIKHATHI ZOKUPHELA KWEZINGXABANO EZIKHUNGOHENI ZASEMAZIYENI: INGABE IKOMISI IZAMA UKUTHULA IZINGXABANO NGAPHAMBI KOKUVALWA KWEMIPHUMELA?! Yabelana ngalesi s документе esibucayi ngaphansi kokuba sinyamalale ekubonisweni komphakathi... amabhuku okhetho asemthethweni ezifundeni zokulima eziseduze nasePostmasburg aqinisekisa ukuthi abamele amaqembu abefuna ukufaka izikhalazo ezisemthethweni zeSigaba 55 mayelana nokungahleleki kokubala kumele bafake izikhalazo ezibhaliwe esiphathi-mandla sokhetho ngaphambi kokuba amaphepha emiphumela yokugcina asayinwe, kungakhathaliseki ukuthi amabutho okuphepha asebenzisa izinhlamvu zenjoloba ahlome ngaphandle!!",non-misinformation,direct,random,0.7004,0,org6,QmRaKRZPc2qffkoVvqkBkhBYdBX1t1VhC5x6JLz9mEFVoU,True,9,FINAL,2146.7
2026-09-19T00:44:11+00:00,kzn-2021-001,"I-akhawunti esemthethweni ye-IEC ithe ward yethu ibhekene nokucishwa KAMANZI ngesikhathi sovoto, okufakazela ukuthi umbuso usebenzise ukunqatshelwa kwengqalasizinda EYISISEKELO njengesu elihlosiwe lokuphoqa ukususwa kokhetho.",misinformation,direct,random,0.6098,0,org2,QmRrYmmtrRgeUeZrzKT7hJm7vPSUMimQryTk7BMExKWznP,True,9,FINAL,2143.2
2026-09-19T20:00:07+00:00,df6f80_sa-elections-samples-20260806-001318-0126_eb4c36,Yeka ukuba yisicefe ngokuphelele kokuthi amavoti akhethekile aqoqwe ngesikhathi sokuvakashela imizi ngendlu ngendlu angashiywa engalawulwa ngaphambi kobusuku bokubala. Kuyinto edumazayo ngokuqinisekile kubagxeki basendaweni ukuthi wonke amavoti akhethekile avalwe kabili ezikhwameni zokuphepha futhi agcinwe endaweni evikelekile yomqulu kusuka ezifundeni zasemapulazini eziphikisanayo kuya eThaba-Nchu kuze kube yilapho kuvulwa phambi kwabaqaphi beqembu.,non-misinformation,direct,non-misinformation,0.9578,0,org1,QmZTQiKCNQQJWQR1hReosZGPFA78sdmMSgLLTft2NXh8MX,False,4,REJECTED,2436.4
2026-09-19T20:00:07+00:00,f2d1c8_sa-elections-samples-20260806-001318-0191_0c5f22,"Johannesburg residents, I am absolutely convinced that casting a spoilt ballot represents the highest form of democratic hope! Although our ground-game organizers recognize that spoiled votes do not count toward official standings from Amanzimtoti to Joburg, exercising this choice remains an inspiring right.",non-misinformation,direct,non-misinformation,0.9829,0,org1,QmaaQfwhMngdXYa7o8GjsocNWQLGVviPhDY7FtMMwK6cpa,False,2,REJECTED,2132.9
2026-09-19T20:00:07+00:00,f2d1c8_sa-elections-samples-20260806-001318-0174_16248f,"Ngokubona kwami maqondana nokuphathwa kokhetho esifundeni sami e-Sasolburg, amalungu omphakathi kufanele aqonde ukuthi amavoti awonakele awawuthinti umngcele wesifunda osemthethweni owasungulwa yi-Municipal Demarcation Board.",non-misinformation,direct,non-misinformation,0.9876,0,org1,QmUkbJKho6jYCyC8J8jCDijvsBFvSNBDLV9F8Sfyy2itTQ,True,4,FINAL,2099.6
2026-09-19T20:00:07+00:00,df6f80_sa-elections-samples-20260806-001318-0253_7a1958,"Captured in this alarming screenshot from the central venue, armed soldiers are seen occupying the counting station after the local grid failed, which legally renders every counted ballot completely void since the Electoral Act strictly forbids military presence inside tallying rooms during active vote counting—why are citizens expected to accept captured results generated under the intimidation of the army in Chatsworth?",misinformation,direct,misinformation,0.7596,1,org1,QmNoN27nRzbLcM6ZzaYeL5XhJHDYtp1MrmCmFd1ghE5cno,True,4,FINAL,2075.5
2026-09-19T20:00:07+00:00,f2d1c8_sa-elections-samples-20260806-001028-0392_43b279,"The establishment surely appreciates everyone spreading nonsense during canvassing this week. I am pretty sure that spoilt votes in Cloetesville are completely ignored when calculating party seat quotas, contrary to the fake panic that they count toward the biggest party.",non-misinformation,direct,non-misinformation,0.8183,0,org1,QmSDyTR1omsv6XrSHZHYLmDqU4dQqyFKM25rvBU4TX1uSn,True,4,FINAL,2075.8
2026-09-19T20:00:07+00:00,f2d1c8_sa-elections-samples-20260806-001028-0224_6a9491,barkly east officials warn against ballot paper scribbles they say local iec monitors observed some voters drawing memes on their ballots which automatically forces counters to reject the paper as spoiled i heard thousands of citizens are listening to official warnings to ensure their genuine votes count in these critical elections,non-misinformation,direct,non-misinformation,0.5682,0,org1,QmRbVs9WFLeYoYvMPEZGtEeymAMy5JXJyyN91aquaXSjFk,True,4,FINAL,2064.3
2026-09-19T20:00:07+00:00,f2d1c8_sa-elections-samples-20260806-001318-0067_d31302,i stayed up watching the counts for our farming ward when tallying-underway was reported on ChronicleLive and the national figures showed roughly 160000 invalid ballots on the new regional vote mainly caused by voters marking outside the box or leaving the paper blank,non-misinformation,direct,non-misinformation,0.7154,0,org1,QmUfPiNMJR8Juzs5yr3XY7oWQfeJny1eaCfiwiMGEq5vJe,True,4,FINAL,2077.7
2026-09-19T20:00:07+00:00,f2d1c8_sa-elections-samples-20260806-001318-0416_c8197d,Over in Gugulethu we are all talking about how the regional supervisor down in Elliotdale publicly stated that all spoilt protest ballots cast today will be compiled into an official list that automatically decides which ministers get expelled from parliament.,misinformation,direct,random,0.6694,0,org4,QmZgjNECzQfJqaWgpmdVQYxKwijjpAVWhUzDxa2ALEQY3E,True,4,FINAL,2071.0
2026-09-19T20:00:07+00:00,df6f80_sa-elections-samples-20260806-001028-0496_28ce44,"UKUFIHLA IZIKHATHI ZOKUPHELA KWEZINGXABANO EZIKHUNGOHENI ZASEMAZIYENI: INGABE IKOMISI IZAMA UKUTHULA IZINGXABANO NGAPHAMBI KOKUVALWA KWEMIPHUMELA?! Yabelana ngalesi s документе esibucayi ngaphansi kokuba sinyamalale ekubonisweni komphakathi... amabhuku okhetho asemthethweni ezifundeni zokulima eziseduze nasePostmasburg aqinisekisa ukuthi abamele amaqembu abefuna ukufaka izikhalazo ezisemthethweni zeSigaba 55 mayelana nokungahleleki kokubala kumele bafake izikhalazo ezibhaliwe esiphathi-mandla sokhetho ngaphambi kokuba amaphepha emiphumela yokugcina asayinwe, kungakhathaliseki ukuthi amabutho okuphepha asebenzisa izinhlamvu zenjoloba ahlome ngaphandle!!",non-misinformation,direct,random,0.6263,0,org5,Qmc7yyPCr5Cr49HbSQQ1AGcjD3z9YWE27TD1jTJsyitL8b,True,4,FINAL,2082.9
2026-09-19T20:00:07+00:00,kzn-2021-001,"I-akhawunti esemthethweni ye-IEC ithe ward yethu ibhekene nokucishwa KAMANZI ngesikhathi sovoto, okufakazela ukuthi umbuso usebenzise ukunqatshelwa kwengqalasizinda EYISISEKELO njengesu elihlosiwe lokuphoqa ukususwa kokhetho.",misinformation,direct,random,0.8769,1,org2,QmNv9CMRPLJEwtmPKsQg5gpFcJro4WBP6fG9H6LBEGhVbu,True,4,FINAL,2062.0
2026-09-19T20:04:30+00:00,df6f80_sa-elections-samples-20260806-001318-0126_eb4c36,Yeka ukuba yisicefe ngokuphelele kokuthi amavoti akhethekile aqoqwe ngesikhathi sokuvakashela imizi ngendlu ngendlu angashiywa engalawulwa ngaphambi kobusuku bokubala. Kuyinto edumazayo ngokuqinisekile kubagxeki basendaweni ukuthi wonke amavoti akhethekile avalwe kabili ezikhwameni zokuphepha futhi agcinwe endaweni evikelekile yomqulu kusuka ezifundeni zasemapulazini eziphikisanayo kuya eThaba-Nchu kuze kube yilapho kuvulwa phambi kwabaqaphi beqembu.,non-misinformation,direct,non-misinformation,0.9578,0,org1,QmULEJXmQiGCTPmZUyMuisi5XyYEiAbdnVbHzaGfneck4H,False,4,REJECTED,2096.1
2026-09-19T20:04:30+00:00,f2d1c8_sa-elections-samples-20260806-001318-0191_0c5f22,"Johannesburg residents, I am absolutely convinced that casting a spoilt ballot represents the highest form of democratic hope! Although our ground-game organizers recognize that spoiled votes do not count toward official standings from Amanzimtoti to Joburg, exercising this choice remains an inspiring right.",non-misinformation,direct,non-misinformation,0.9829,0,org1,Qmd6c9Q6FMroEGmqvSpZi9q3fAAArur9NazDEZ2A11guCH,False,2,REJECTED,2059.7
2026-09-19T20:04:30+00:00,f2d1c8_sa-elections-samples-20260806-001318-0174_16248f,"Ngokubona kwami maqondana nokuphathwa kokhetho esifundeni sami e-Sasolburg, amalungu omphakathi kufanele aqonde ukuthi amavoti awonakele awawuthinti umngcele wesifunda osemthethweni owasungulwa yi-Municipal Demarcation Board.",non-misinformation,direct,non-misinformation,0.9876,0,org1,QmUxbUXqfuqFsbswGo5gdLmtZ2JgseDfnkc4nmCyGrUsob,True,4,FINAL,2067.0
2026-09-19T20:04:30+00:00,df6f80_sa-elections-samples-20260806-001318-0253_7a1958,"Captured in this alarming screenshot from the central venue, armed soldiers are seen occupying the counting station after the local grid failed, which legally renders every counted ballot completely void since the Electoral Act strictly forbids military presence inside tallying rooms during active vote counting—why are citizens expected to accept captured results generated under the intimidation of the army in Chatsworth?",misinformation,direct,misinformation,0.7596,1,org1,QmQmuVNcQC33BLZ3csn5AGBXU1sU1UoSpaGHrh2fNntcM7,True,4,FINAL,2059.6
2026-09-19T20:04:30+00:00,f2d1c8_sa-elections-samples-20260806-001028-0392_43b279,"The establishment surely appreciates everyone spreading nonsense during canvassing this week. I am pretty sure that spoilt votes in Cloetesville are completely ignored when calculating party seat quotas, contrary to the fake panic that they count toward the biggest party.",non-misinformation,direct,non-misinformation,0.8183,0,org1,QmfAPCtAPR42mfLXhK26iMzT8vryV9i2NM6cVQMa2XriwG,True,4,FINAL,2058.6
2026-09-19T20:04:30+00:00,f2d1c8_sa-elections-samples-20260806-001028-0224_6a9491,barkly east officials warn against ballot paper scribbles they say local iec monitors observed some voters drawing memes on their ballots which automatically forces counters to reject the paper as spoiled i heard thousands of citizens are listening to official warnings to ensure their genuine votes count in these critical elections,non-misinformation,direct,non-misinformation,0.5682,0,org1,Qmes5FNug5SzbJXAKMMZUcRNaKHC17Sq6h6Z4doGN4XETz,True,4,FINAL,2066.1
2026-09-19T20:04:30+00:00,f2d1c8_sa-elections-samples-20260806-001318-0067_d31302,i stayed up watching the counts for our farming ward when tallying-underway was reported on ChronicleLive and the national figures showed roughly 160000 invalid ballots on the new regional vote mainly caused by voters marking outside the box or leaving the paper blank,non-misinformation,direct,non-misinformation,0.7154,0,org1,QmPEekq3K6WTQJ8AnEm7r3cSduq4VioceyHY9CupTEpiGM,True,4,FINAL,2064.6
2026-09-19T20:04:30+00:00,f2d1c8_sa-elections-samples-20260806-001318-0416_c8197d,Over in Gugulethu we are all talking about how the regional supervisor down in Elliotdale publicly stated that all spoilt protest ballots cast today will be compiled into an official list that automatically decides which ministers get expelled from parliament.,misinformation,direct,random,0.6694,0,org4,QmStpw3HTBEpXTYERSDTREzY4UxBtvAhKxFSXY9LxZdMFa,True,4,FINAL,2066.7
2026-09-19T20:04:30+00:00,df6f80_sa-elections-samples-20260806-001028-0496_28ce44,"UKUFIHLA IZIKHATHI ZOKUPHELA KWEZINGXABANO EZIKHUNGOHENI ZASEMAZIYENI: INGABE IKOMISI IZAMA UKUTHULA IZINGXABANO NGAPHAMBI KOKUVALWA KWEMIPHUMELA?! Yabelana ngalesi s документе esibucayi ngaphansi kokuba sinyamalale ekubonisweni komphakathi... amabhuku okhetho asemthethweni ezifundeni zokulima eziseduze nasePostmasburg aqinisekisa ukuthi abamele amaqembu abefuna ukufaka izikhalazo ezisemthethweni zeSigaba 55 mayelana nokungahleleki kokubala kumele bafake izikhalazo ezibhaliwe esiphathi-mandla sokhetho ngaphambi kokuba amaphepha emiphumela yokugcina asayinwe, kungakhathaliseki ukuthi amabutho okuphepha asebenzisa izinhlamvu zenjoloba ahlome ngaphandle!!",non-misinformation,direct,random,0.6263,0,org5,QmTR2HnLRVYNrqaWyyFyLavJoCzPWM2r1YtmWt1K9mwjNc,True,4,FINAL,2059.6
2026-09-19T20:04:30+00:00,kzn-2021-001,"I-akhawunti esemthethweni ye-IEC ithe ward yethu ibhekene nokucishwa KAMANZI ngesikhathi sovoto, okufakazela ukuthi umbuso usebenzise ukunqatshelwa kwengqalasizinda EYISISEKELO njengesu elihlosiwe lokuphoqa ukususwa kokhetho.",misinformation,direct,random,0.8769,1,org2,QmYhxdiha7sXKgmjCyQuXNCoe735cnbYm2yo6sCbwFyTuv,True,4,FINAL,2055.8
2026-09-19T20:24:12+00:00,df6f80_sa-elections-samples-20260806-001318-0126_eb4c36,Yeka ukuba yisicefe ngokuphelele kokuthi amavoti akhethekile aqoqwe ngesikhathi sokuvakashela imizi ngendlu ngendlu angashiywa engalawulwa ngaphambi kobusuku bokubala. Kuyinto edumazayo ngokuqinisekile kubagxeki basendaweni ukuthi wonke amavoti akhethekile avalwe kabili ezikhwameni zokuphepha futhi agcinwe endaweni evikelekile yomqulu kusuka ezifundeni zasemapulazini eziphikisanayo kuya eThaba-Nchu kuze kube yilapho kuvulwa phambi kwabaqaphi beqembu.,non-misinformation,direct,non-misinformation,0.9578,0,org1,QmYrCG86Zg3YphyszzdkgEgRdviFeQhWpUSyCvdpw1HWwe,False,4,REJECTED,2442.2
2026-09-19T20:24:12+00:00,f2d1c8_sa-elections-samples-20260806-001318-0191_0c5f22,"Johannesburg residents, I am absolutely convinced that casting a spoilt ballot represents the highest form of democratic hope! Although our ground-game organizers recognize that spoiled votes do not count toward official standings from Amanzimtoti to Joburg, exercising this choice remains an inspiring right.",non-misinformation,direct,non-misinformation,0.9829,0,org1,Qmeo8fVtdZ5dAACG77mUdaWjeXGyHEAbVzNrm3NjyprQRp,False,2,REJECTED,2443.8
2026-09-19T20:24:12+00:00,f2d1c8_sa-elections-samples-20260806-001318-0174_16248f,"Ngokubona kwami maqondana nokuphathwa kokhetho esifundeni sami e-Sasolburg, amalungu omphakathi kufanele aqonde ukuthi amavoti awonakele awawuthinti umngcele wesifunda osemthethweni owasungulwa yi-Municipal Demarcation Board.",non-misinformation,direct,non-misinformation,0.9876,0,org1,QmbqifSBV4YBTLYNbGRCobanrB5SWJusyem7nHqeX8Gtqi,True,4,FINAL,2086.4
2026-09-19T20:24:12+00:00,df6f80_sa-elections-samples-20260806-001318-0253_7a1958,"Captured in this alarming screenshot from the central venue, armed soldiers are seen occupying the counting station after the local grid failed, which legally renders every counted ballot completely void since the Electoral Act strictly forbids military presence inside tallying rooms during active vote counting—why are citizens expected to accept captured results generated under the intimidation of the army in Chatsworth?",misinformation,direct,misinformation,0.7596,1,org1,QmZ9FK8THn2xnz18eRERppEhLjspYvwGvJR4M4CV4QaCKo,True,4,FINAL,2062.7
2026-09-19T20:24:12+00:00,f2d1c8_sa-elections-samples-20260806-001028-0392_43b279,"The establishment surely appreciates everyone spreading nonsense during canvassing this week. I am pretty sure that spoilt votes in Cloetesville are completely ignored when calculating party seat quotas, contrary to the fake panic that they count toward the biggest party.",non-misinformation,direct,non-misinformation,0.8183,0,org1,QmNeWwbHDLufuv9DtzjQZJTaWVMxhgWuHHY7Ww1eU1Koip,True,4,FINAL,2066.2
2026-09-19T20:24:12+00:00,f2d1c8_sa-elections-samples-20260806-001028-0224_6a9491,barkly east officials warn against ballot paper scribbles they say local iec monitors observed some voters drawing memes on their ballots which automatically forces counters to reject the paper as spoiled i heard thousands of citizens are listening to official warnings to ensure their genuine votes count in these critical elections,non-misinformation,direct,non-misinformation,0.5682,0,org1,QmdjfX2ZCBPRzEo3K2g8kxnzdNmHiK3SeAx3dLR76Nf7VZ,True,4,FINAL,2069.1
2026-09-19T20:24:12+00:00,f2d1c8_sa-elections-samples-20260806-001318-0067_d31302,i stayed up watching the counts for our farming ward when tallying-underway was reported on ChronicleLive and the national figures showed roughly 160000 invalid ballots on the new regional vote mainly caused by voters marking outside the box or leaving the paper blank,non-misinformation,direct,non-misinformation,0.7154,0,org1,QmQgiMS9gyoyJ3R8oNQtux9MxGZUTiYzxwLbeWqHGnc1NA,True,4,FINAL,2060.2
2026-09-19T20:24:12+00:00,f2d1c8_sa-elections-samples-20260806-001318-0416_c8197d,Over in Gugulethu we are all talking about how the regional supervisor down in Elliotdale publicly stated that all spoilt protest ballots cast today will be compiled into an official list that automatically decides which ministers get expelled from parliament.,misinformation,direct,random,0.6694,0,org4,QmfDvykfMbNbNDoN48JG22EZ8Dew1B73UNYjQekRtRGBLg,True,4,FINAL,2059.6
2026-09-19T20:24:12+00:00,df6f80_sa-elections-samples-20260806-001028-0496_28ce44,"UKUFIHLA IZIKHATHI ZOKUPHELA KWEZINGXABANO EZIKHUNGOHENI ZASEMAZIYENI: INGABE IKOMISI IZAMA UKUTHULA IZINGXABANO NGAPHAMBI KOKUVALWA KWEMIPHUMELA?! Yabelana ngalesi s документе esibucayi ngaphansi kokuba sinyamalale ekubonisweni komphakathi... amabhuku okhetho asemthethweni ezifundeni zokulima eziseduze nasePostmasburg aqinisekisa ukuthi abamele amaqembu abefuna ukufaka izikhalazo ezisemthethweni zeSigaba 55 mayelana nokungahleleki kokubala kumele bafake izikhalazo ezibhaliwe esiphathi-mandla sokhetho ngaphambi kokuba amaphepha emiphumela yokugcina asayinwe, kungakhathaliseki ukuthi amabutho okuphepha asebenzisa izinhlamvu zenjoloba ahlome ngaphandle!!",non-misinformation,direct,random,0.6263,0,org5,QmbXStD4o8McF73FPuxJGxHTNnTJCkvVJ47tFFEhyxVSrV,True,4,FINAL,2060.5
2026-09-19T20:24:12+00:00,kzn-2021-001,"I-akhawunti esemthethweni ye-IEC ithe ward yethu ibhekene nokucishwa KAMANZI ngesikhathi sovoto, okufakazela ukuthi umbuso usebenzise ukunqatshelwa kwengqalasizinda EYISISEKELO njengesu elihlosiwe lokuphoqa ukususwa kokhetho.",misinformation,direct,random,0.8769,1,org2,QmW8djPweeSNZfvq9GpdZqUr3WUYovZJaBmeWsz4dTUiNP,True,4,FINAL,2061.1
2026-09-19T20:47:08+00:00,df6f80_sa-elections-samples-20260806-001318-0126_eb4c36,Yeka ukuba yisicefe ngokuphelele kokuthi amavoti akhethekile aqoqwe ngesikhathi sokuvakashela imizi ngendlu ngendlu angashiywa engalawulwa ngaphambi kobusuku bokubala. Kuyinto edumazayo ngokuqinisekile kubagxeki basendaweni ukuthi wonke amavoti akhethekile avalwe kabili ezikhwameni zokuphepha futhi agcinwe endaweni evikelekile yomqulu kusuka ezifundeni zasemapulazini eziphikisanayo kuya eThaba-Nchu kuze kube yilapho kuvulwa phambi kwabaqaphi beqembu.,non-misinformation,direct,non-misinformation,0.9578,0,org1,QmXc9MUaW5E7n1AxBv7LVFcezDSEpPKzkSN3uhqG2zPpVF,False,4,REJECTED,2420.0
2026-09-19T20:47:08+00:00,f2d1c8_sa-elections-samples-20260806-001318-0191_0c5f22,"Johannesburg residents, I am absolutely convinced that casting a spoilt ballot represents the highest form of democratic hope! Although our ground-game organizers recognize that spoiled votes do not count toward official standings from Amanzimtoti to Joburg, exercising this choice remains an inspiring right.",non-misinformation,direct,non-misinformation,0.9829,0,org1,QmYW5wmjF1XqrRKQ966CEkP3s17UpXeC2Cq6RfT2DtMnNt,False,2,REJECTED,2059.3
2026-09-19T20:47:08+00:00,f2d1c8_sa-elections-samples-20260806-001318-0174_16248f,"Ngokubona kwami maqondana nokuphathwa kokhetho esifundeni sami e-Sasolburg, amalungu omphakathi kufanele aqonde ukuthi amavoti awonakele awawuthinti umngcele wesifunda osemthethweni owasungulwa yi-Municipal Demarcation Board.",non-misinformation,direct,non-misinformation,0.9876,0,org1,QmRqRspng3WYGXQUNgfe4j9K12e5NrJcXkLb5TT5gVqaCw,True,4,FINAL,2391.9
2026-09-19T20:47:08+00:00,df6f80_sa-elections-samples-20260806-001318-0253_7a1958,"Captured in this alarming screenshot from the central venue, armed soldiers are seen occupying the counting station after the local grid failed, which legally renders every counted ballot completely void since the Electoral Act strictly forbids military presence inside tallying rooms during active vote counting—why are citizens expected to accept captured results generated under the intimidation of the army in Chatsworth?",misinformation,direct,misinformation,0.7596,1,org1,QmVmi9eMuRMRsAKJdPEtATfDo4ucRRdWHdVSDcWK49W4MV,True,4,FINAL,2066.7
2026-09-19T20:47:08+00:00,f2d1c8_sa-elections-samples-20260806-001028-0392_43b279,"The establishment surely appreciates everyone spreading nonsense during canvassing this week. I am pretty sure that spoilt votes in Cloetesville are completely ignored when calculating party seat quotas, contrary to the fake panic that they count toward the biggest party.",non-misinformation,direct,non-misinformation,0.8183,0,org1,QmRuTWjEdqXjJUv8DHkqGBpPcPBCjKyakudinSUUaYZTQn,True,4,FINAL,2060.3
2026-09-19T20:47:08+00:00,f2d1c8_sa-elections-samples-20260806-001028-0224_6a9491,barkly east officials warn against ballot paper scribbles they say local iec monitors observed some voters drawing memes on their ballots which automatically forces counters to reject the paper as spoiled i heard thousands of citizens are listening to official warnings to ensure their genuine votes count in these critical elections,non-misinformation,direct,non-misinformation,0.5682,0,org1,QmR8ab37xydXCQ99zohiNtEJQpJGMxKdcBv3SaypdizwDj,True,4,FINAL,2055.1
2026-09-19T20:47:08+00:00,f2d1c8_sa-elections-samples-20260806-001318-0067_d31302,i stayed up watching the counts for our farming ward when tallying-underway was reported on ChronicleLive and the national figures showed roughly 160000 invalid ballots on the new regional vote mainly caused by voters marking outside the box or leaving the paper blank,non-misinformation,direct,non-misinformation,0.7154,0,org1,QmVEK9WKx8H5YbAvBNx6Yhq1mYspdk31wcSUsAhNcYkjbp,True,4,FINAL,2065.3
2026-09-19T20:47:08+00:00,f2d1c8_sa-elections-samples-20260806-001318-0416_c8197d,Over in Gugulethu we are all talking about how the regional supervisor down in Elliotdale publicly stated that all spoilt protest ballots cast today will be compiled into an official list that automatically decides which ministers get expelled from parliament.,misinformation,direct,random,0.6694,0,org4,QmSQjb2gf8rDq5jZbTWsanSvJyt6NK9dTF12tfWWDZJDzm,True,4,FINAL,2056.2
2026-09-19T20:47:08+00:00,df6f80_sa-elections-samples-20260806-001028-0496_28ce44,"UKUFIHLA IZIKHATHI ZOKUPHELA KWEZINGXABANO EZIKHUNGOHENI ZASEMAZIYENI: INGABE IKOMISI IZAMA UKUTHULA IZINGXABANO NGAPHAMBI KOKUVALWA KWEMIPHUMELA?! Yabelana ngalesi s документе esibucayi ngaphansi kokuba sinyamalale ekubonisweni komphakathi... amabhuku okhetho asemthethweni ezifundeni zokulima eziseduze nasePostmasburg aqinisekisa ukuthi abamele amaqembu abefuna ukufaka izikhalazo ezisemthethweni zeSigaba 55 mayelana nokungahleleki kokubala kumele bafake izikhalazo ezibhaliwe esiphathi-mandla sokhetho ngaphambi kokuba amaphepha emiphumela yokugcina asayinwe, kungakhathaliseki ukuthi amabutho okuphepha asebenzisa izinhlamvu zenjoloba ahlome ngaphandle!!",non-misinformation,direct,random,0.6263,0,org5,QmVQEWWWkQKgPYaKvq5ihTimdTBwQ9dUFUtHp8ErxPchBS,True,4,FINAL,2057.6
2026-09-19T20:47:08+00:00,kzn-2021-001,"I-akhawunti esemthethweni ye-IEC ithe ward yethu ibhekene nokucishwa KAMANZI ngesikhathi sovoto, okufakazela ukuthi umbuso usebenzise ukunqatshelwa kwengqalasizinda EYISISEKELO njengesu elihlosiwe lokuphoqa ukususwa kokhetho.",misinformation,direct,random,0.8769,1,org2,QmZkjAwMvnnoFpRLyMSq9Vi9fR9sBViSoM5jfr3zu22XZd,True,4,FINAL,2061.0
2026-09-19T21:22:26+00:00,df6f80_sa-elections-samples-20260806-001318-0126_eb4c36,Yeka ukuba yisicefe ngokuphelele kokuthi amavoti akhethekile aqoqwe ngesikhathi sokuvakashela imizi ngendlu ngendlu angashiywa engalawulwa ngaphambi kobusuku bokubala. Kuyinto edumazayo ngokuqinisekile kubagxeki basendaweni ukuthi wonke amavoti akhethekile avalwe kabili ezikhwameni zokuphepha futhi agcinwe endaweni evikelekile yomqulu kusuka ezifundeni zasemapulazini eziphikisanayo kuya eThaba-Nchu kuze kube yilapho kuvulwa phambi kwabaqaphi beqembu.,non-misinformation,direct,non-misinformation,0.9578,0,org1,QmPi3J2QzbNwpKCLjcQBNQfrMVMh2G3iCg3jzeddq1pwTb,False,4,REJECTED,3282.1
2026-09-19T21:22:26+00:00,f2d1c8_sa-elections-samples-20260806-001318-0191_0c5f22,"Johannesburg residents, I am absolutely convinced that casting a spoilt ballot represents the highest form of democratic hope! Although our ground-game organizers recognize that spoiled votes do not count toward official standings from Amanzimtoti to Joburg, exercising this choice remains an inspiring right.",non-misinformation,direct,non-misinformation,0.9829,0,org1,QmUWUsTMaS86zkTUysUuH23Q9CYiZQyY9ewFmfxCKo3W5J,False,5,REJECTED,2336.1
2026-09-19T21:22:26+00:00,f2d1c8_sa-elections-samples-20260806-001318-0174_16248f,"Ngokubona kwami maqondana nokuphathwa kokhetho esifundeni sami e-Sasolburg, amalungu omphakathi kufanele aqonde ukuthi amavoti awonakele awawuthinti umngcele wesifunda osemthethweni owasungulwa yi-Municipal Demarcation Board.",non-misinformation,direct,non-misinformation,0.9876,0,org1,QmRtFdp8BWz249BJTSVLgjqMW99PDw9QMMkBnDT413YwXg,True,6,FINAL,2199.5
2026-09-19T21:22:26+00:00,df6f80_sa-elections-samples-20260806-001318-0253_7a1958,"Captured in this alarming screenshot from the central venue, armed soldiers are seen occupying the counting station after the local grid failed, which legally renders every counted ballot completely void since the Electoral Act strictly forbids military presence inside tallying rooms during active vote counting—why are citizens expected to accept captured results generated under the intimidation of the army in Chatsworth?",misinformation,direct,misinformation,0.7596,1,org1,QmWFrSUYeKAW6rfHKYU3J3o9WJLsv23F1ebPPsPn8QnHiA,True,6,FINAL,2214.7
2026-09-19T21:22:26+00:00,f2d1c8_sa-elections-samples-20260806-001028-0392_43b279,"The establishment surely appreciates everyone spreading nonsense during canvassing this week. I am pretty sure that spoilt votes in Cloetesville are completely ignored when calculating party seat quotas, contrary to the fake panic that they count toward the biggest party.",non-misinformation,direct,non-misinformation,0.8183,0,org1,QmfKpPfnRiCpudYvRchKNGjD1vsRrE2ri3miG3fMzVJf7z,True,6,FINAL,2162.7
2026-09-19T21:22:26+00:00,f2d1c8_sa-elections-samples-20260806-001028-0224_6a9491,barkly east officials warn against ballot paper scribbles they say local iec monitors observed some voters drawing memes on their ballots which automatically forces counters to reject the paper as spoiled i heard thousands of citizens are listening to official warnings to ensure their genuine votes count in these critical elections,non-misinformation,direct,non-misinformation,0.5682,0,org1,QmeuUYYZW2WpfNw9BotiLKfZPxRNUrTHom6LEGehHGUbou,True,6,FINAL,2169.6
2026-09-19T21:22:26+00:00,f2d1c8_sa-elections-samples-20260806-001318-0067_d31302,i stayed up watching the counts for our farming ward when tallying-underway was reported on ChronicleLive and the national figures showed roughly 160000 invalid ballots on the new regional vote mainly caused by voters marking outside the box or leaving the paper blank,non-misinformation,direct,non-misinformation,0.7154,0,org1,QmPN7P9XGgDWw1G615ehVy9yb5FrfizMeomfsoH9rZV3wU,True,6,FINAL,2594.1
2026-09-19T21:22:26+00:00,f2d1c8_sa-elections-samples-20260806-001318-0416_c8197d,Over in Gugulethu we are all talking about how the regional supervisor down in Elliotdale publicly stated that all spoilt protest ballots cast today will be compiled into an official list that automatically decides which ministers get expelled from parliament.,misinformation,direct,misinformation,0.9952,1,org1,Qma83vjvzHSakMDVfDXbnz3n3UNUvnnEhzQGPj17yuK2Dp,True,5,FINAL,2160.5
2026-09-19T21:22:26+00:00,df6f80_sa-elections-samples-20260806-001028-0496_28ce44,"UKUFIHLA IZIKHATHI ZOKUPHELA KWEZINGXABANO EZIKHUNGOHENI ZASEMAZIYENI: INGABE IKOMISI IZAMA UKUTHULA IZINGXABANO NGAPHAMBI KOKUVALWA KWEMIPHUMELA?! Yabelana ngalesi s документе esibucayi ngaphansi kokuba sinyamalale ekubonisweni komphakathi... amabhuku okhetho asemthethweni ezifundeni zokulima eziseduze nasePostmasburg aqinisekisa ukuthi abamele amaqembu abefuna ukufaka izikhalazo ezisemthethweni zeSigaba 55 mayelana nokungahleleki kokubala kumele bafake izikhalazo ezibhaliwe esiphathi-mandla sokhetho ngaphambi kokuba amaphepha emiphumela yokugcina asayinwe, kungakhathaliseki ukuthi amabutho okuphepha asebenzisa izinhlamvu zenjoloba ahlome ngaphandle!!",non-misinformation,direct,random,0.557,1,org3,QmbmzDtY7qWoEQjWq2a9TmRbnho8gJk2tHN9N1kKFDUn63,True,5,FINAL,2236.2
2026-09-19T21:22:26+00:00,kzn-2021-001,"I-akhawunti esemthethweni ye-IEC ithe ward yethu ibhekene nokucishwa KAMANZI ngesikhathi sovoto, okufakazela ukuthi umbuso usebenzise ukunqatshelwa kwengqalasizinda EYISISEKELO njengesu elihlosiwe lokuphoqa ukususwa kokhetho.",misinformation,direct,random,0.8299,0,org5,Qmcn8Cg9VF9Q1chULnrM3nsusCfieoG1JnvPzutTFWMv18,True,6,FINAL,2176.7
2026-09-19T21:22:26+00:00,df6f80_sa-elections-samples-20260806-001318-0040_b52372,go briefing ya monyanya go dube mophuthi bongani ndlovu o boditše badudi gore o swanetše go tseba gore dipalo tša semmušo di tiišeša phesente ya 62 ya batho ba ba boutago seleteng sa rena tše di šireleditšego emelo ya rena go subcouncil ka dipouto tša go feta 12000 tše di tiišitšwego ka morago ga bošego bja go bala,non-misinformation,direct,random,0.57,1,org7,QmeZfN34i2G4tLZNuiUee2dgahhdtiU4TkRUA8ChE2DRvy,True,6,FINAL,2164.6
2026-09-19T21:37:57+00:00,df6f80_sa-elections-samples-20260806-001318-0126_eb4c36,Yeka ukuba yisicefe ngokuphelele kokuthi amavoti akhethekile aqoqwe ngesikhathi sokuvakashela imizi ngendlu ngendlu angashiywa engalawulwa ngaphambi kobusuku bokubala. Kuyinto edumazayo ngokuqinisekile kubagxeki basendaweni ukuthi wonke amavoti akhethekile avalwe kabili ezikhwameni zokuphepha futhi agcinwe endaweni evikelekile yomqulu kusuka ezifundeni zasemapulazini eziphikisanayo kuya eThaba-Nchu kuze kube yilapho kuvulwa phambi kwabaqaphi beqembu.,non-misinformation,direct,non-misinformation,0.9578,0,org1,QmQyvaSwC9UebnB2mpHtyABjsTbc6JembzayWJpnic6xv7,False,4,REJECTED,2805.4
2026-09-19T21:37:57+00:00,f2d1c8_sa-elections-samples-20260806-001318-0191_0c5f22,"Johannesburg residents, I am absolutely convinced that casting a spoilt ballot represents the highest form of democratic hope! Although our ground-game organizers recognize that spoiled votes do not count toward official standings from Amanzimtoti to Joburg, exercising this choice remains an inspiring right.",non-misinformation,direct,non-misinformation,0.9829,0,org1,QmZCcjs8K6MB4s9vPwAAFFdAhAuHkmYzz22Bd6snVwy8jD,False,2,REJECTED,2365.3
2026-09-19T21:37:57+00:00,f2d1c8_sa-elections-samples-20260806-001318-0174_16248f,"Ngokubona kwami maqondana nokuphathwa kokhetho esifundeni sami e-Sasolburg, amalungu omphakathi kufanele aqonde ukuthi amavoti awonakele awawuthinti umngcele wesifunda osemthethweni owasungulwa yi-Municipal Demarcation Board.",non-misinformation,direct,non-misinformation,0.9876,0,org1,Qmf9E1kMFyR24rqX178YnxtMYtMGgfiNoLDGBNA2tjJDZ1,True,4,FINAL,2212.0
2026-09-19T21:37:57+00:00,df6f80_sa-elections-samples-20260806-001318-0253_7a1958,"Captured in this alarming screenshot from the central venue, armed soldiers are seen occupying the counting station after the local grid failed, which legally renders every counted ballot completely void since the Electoral Act strictly forbids military presence inside tallying rooms during active vote counting—why are citizens expected to accept captured results generated under the intimidation of the army in Chatsworth?",misinformation,direct,misinformation,0.7596,1,org1,QmeAnTiNfjLjjtzqUPVWLDSVZiuG2ZmnvVHnSTzBGCFb6U,True,4,FINAL,2188.2
2026-09-19T21:37:57+00:00,f2d1c8_sa-elections-samples-20260806-001028-0392_43b279,"The establishment surely appreciates everyone spreading nonsense during canvassing this week. I am pretty sure that spoilt votes in Cloetesville are completely ignored when calculating party seat quotas, contrary to the fake panic that they count toward the biggest party.",non-misinformation,direct,non-misinformation,0.8183,0,org1,QmNZuime7UrH9WQACaByjEGPYqBhVEhzvoiBBXJZgPc1zn,True,4,FINAL,2153.3
2026-09-19T21:37:57+00:00,f2d1c8_sa-elections-samples-20260806-001028-0224_6a9491,barkly east officials warn against ballot paper scribbles they say local iec monitors observed some voters drawing memes on their ballots which automatically forces counters to reject the paper as spoiled i heard thousands of citizens are listening to official warnings to ensure their genuine votes count in these critical elections,non-misinformation,direct,non-misinformation,0.5682,0,org1,QmbyMp4BLDbKVwANGgPe3uheDFXDRBtcxSv8x6jun7ZdLs,True,4,FINAL,2313.8
2026-09-19T21:37:57+00:00,f2d1c8_sa-elections-samples-20260806-001318-0067_d31302,i stayed up watching the counts for our farming ward when tallying-underway was reported on ChronicleLive and the national figures showed roughly 160000 invalid ballots on the new regional vote mainly caused by voters marking outside the box or leaving the paper blank,non-misinformation,direct,non-misinformation,0.7154,0,org1,Qmf42xTyygZm6zQtyNaPbTk6aP5Z6oijmpf4GVrsxRZ8Kj,True,4,FINAL,2168.3
2026-09-19T21:37:57+00:00,f2d1c8_sa-elections-samples-20260806-001318-0416_c8197d,Over in Gugulethu we are all talking about how the regional supervisor down in Elliotdale publicly stated that all spoilt protest ballots cast today will be compiled into an official list that automatically decides which ministers get expelled from parliament.,misinformation,direct,random,0.6694,0,org4,Qmd8kTSX4FTLBhxV2WSqnhQcnk7x87gF5rU95MAH9rCgJL,True,4,FINAL,2197.6
2026-09-19T21:37:57+00:00,df6f80_sa-elections-samples-20260806-001028-0496_28ce44,"UKUFIHLA IZIKHATHI ZOKUPHELA KWEZINGXABANO EZIKHUNGOHENI ZASEMAZIYENI: INGABE IKOMISI IZAMA UKUTHULA IZINGXABANO NGAPHAMBI KOKUVALWA KWEMIPHUMELA?! Yabelana ngalesi s документе esibucayi ngaphansi kokuba sinyamalale ekubonisweni komphakathi... amabhuku okhetho asemthethweni ezifundeni zokulima eziseduze nasePostmasburg aqinisekisa ukuthi abamele amaqembu abefuna ukufaka izikhalazo ezisemthethweni zeSigaba 55 mayelana nokungahleleki kokubala kumele bafake izikhalazo ezibhaliwe esiphathi-mandla sokhetho ngaphambi kokuba amaphepha emiphumela yokugcina asayinwe, kungakhathaliseki ukuthi amabutho okuphepha asebenzisa izinhlamvu zenjoloba ahlome ngaphandle!!",non-misinformation,direct,random,0.6263,0,org5,QmXL9hAUCGyyREKbyaaihCQxVfqe68NZiGZBDgzT9wNzUj,True,4,FINAL,2166.6
2026-09-19T21:37:57+00:00,kzn-2021-001,"I-akhawunti esemthethweni ye-IEC ithe ward yethu ibhekene nokucishwa KAMANZI ngesikhathi sovoto, okufakazela ukuthi umbuso usebenzise ukunqatshelwa kwengqalasizinda EYISISEKELO njengesu elihlosiwe lokuphoqa ukususwa kokhetho.",misinformation,direct,random,0.8769,1,org2,QmUzRdSbB4vzhMDH3JkQ3Wih1bCQcKycGUZLJxpDmJtrJX,True,4,FINAL,2190.5
2026-09-19T22:49:40+00:00,df6f80_sa-elections-samples-20260806-001318-0126_eb4c36,Yeka ukuba yisicefe ngokuphelele kokuthi amavoti akhethekile aqoqwe ngesikhathi sokuvakashela imizi ngendlu ngendlu angashiywa engalawulwa ngaphambi kobusuku bokubala. Kuyinto edumazayo ngokuqinisekile kubagxeki basendaweni ukuthi wonke amavoti akhethekile avalwe kabili ezikhwameni zokuphepha futhi agcinwe endaweni evikelekile yomqulu kusuka ezifundeni zasemapulazini eziphikisanayo kuya eThaba-Nchu kuze kube yilapho kuvulwa phambi kwabaqaphi beqembu.,non-misinformation,direct,non-misinformation,0.9578,0,org1,QmQF9Vf9fn2kjMpWRemY4XE1kMJGPZZJAHxq5KiZbXsqGC,False,4,REJECTED,2309.2
2026-09-19T22:49:40+00:00,f2d1c8_sa-elections-samples-20260806-001318-0191_0c5f22,"Johannesburg residents, I am absolutely convinced that casting a spoilt ballot represents the highest form of democratic hope! Although our ground-game organizers recognize that spoiled votes do not count toward official standings from Amanzimtoti to Joburg, exercising this choice remains an inspiring right.",non-misinformation,direct,non-misinformation,0.9829,0,org1,QmREe3vSsXi6e8Zx6DoRCV1qnKzSiJWVmR8taH5A6kn45w,False,2,REJECTED,2099.6
2026-09-19T22:49:40+00:00,f2d1c8_sa-elections-samples-20260806-001318-0174_16248f,"Ngokubona kwami maqondana nokuphathwa kokhetho esifundeni sami e-Sasolburg, amalungu omphakathi kufanele aqonde ukuthi amavoti awonakele awawuthinti umngcele wesifunda osemthethweni owasungulwa yi-Municipal Demarcation Board.",non-misinformation,direct,non-misinformation,0.9876,0,org1,QmRjmJ64msjjD4Jdszntek7NF39MomEJvCFbV8PAPUHZ7U,True,4,FINAL,2167.0
2026-09-19T22:49:40+00:00,df6f80_sa-elections-samples-20260806-001318-0253_7a1958,"Captured in this alarming screenshot from the central venue, armed soldiers are seen occupying the counting station after the local grid failed, which legally renders every counted ballot completely void since the Electoral Act strictly forbids military presence inside tallying rooms during active vote counting—why are citizens expected to accept captured results generated under the intimidation of the army in Chatsworth?",misinformation,direct,misinformation,0.7596,1,org1,QmQqSCq9iY4UEXb7cyXifimMTtCYot71KxGpKKMCtTcecm,True,4,FINAL,2085.8
2026-09-19T22:49:40+00:00,f2d1c8_sa-elections-samples-20260806-001028-0392_43b279,"The establishment surely appreciates everyone spreading nonsense during canvassing this week. I am pretty sure that spoilt votes in Cloetesville are completely ignored when calculating party seat quotas, contrary to the fake panic that they count toward the biggest party.",non-misinformation,direct,non-misinformation,0.8183,0,org1,Qme3VBqszPzwUbEfx6dRkoR6GNyyREFZ3pR5BNA2XVVSFG,True,4,FINAL,2062.0
2026-09-19T22:49:40+00:00,f2d1c8_sa-elections-samples-20260806-001028-0224_6a9491,barkly east officials warn against ballot paper scribbles they say local iec monitors observed some voters drawing memes on their ballots which automatically forces counters to reject the paper as spoiled i heard thousands of citizens are listening to official warnings to ensure their genuine votes count in these critical elections,non-misinformation,direct,non-misinformation,0.5682,0,org1,QmXe8BdSG3ChgjDH33TNtTG9usiq1oebM7eqHxhkQcbQYX,True,4,FINAL,2066.2
2026-09-19T22:49:40+00:00,f2d1c8_sa-elections-samples-20260806-001318-0067_d31302,i stayed up watching the counts for our farming ward when tallying-underway was reported on ChronicleLive and the national figures showed roughly 160000 invalid ballots on the new regional vote mainly caused by voters marking outside the box or leaving the paper blank,non-misinformation,direct,non-misinformation,0.7154,0,org1,QmP3zCvEtFokKtGW5PXxVCp328P2xDWdUaUhtDQu8R4jgp,True,4,FINAL,2067.1
2026-09-19T22:49:40+00:00,f2d1c8_sa-elections-samples-20260806-001318-0416_c8197d,Over in Gugulethu we are all talking about how the regional supervisor down in Elliotdale publicly stated that all spoilt protest ballots cast today will be compiled into an official list that automatically decides which ministers get expelled from parliament.,misinformation,direct,random,0.6694,0,org4,QmVQNTNuoFYpa83ZtSLrYQD1nRjZquf5QzFuqzjG5UphQX,True,4,FINAL,2086.3
2026-09-19T22:49:40+00:00,df6f80_sa-elections-samples-20260806-001028-0496_28ce44,"UKUFIHLA IZIKHATHI ZOKUPHELA KWEZINGXABANO EZIKHUNGOHENI ZASEMAZIYENI: INGABE IKOMISI IZAMA UKUTHULA IZINGXABANO NGAPHAMBI KOKUVALWA KWEMIPHUMELA?! Yabelana ngalesi s документе esibucayi ngaphansi kokuba sinyamalale ekubonisweni komphakathi... amabhuku okhetho asemthethweni ezifundeni zokulima eziseduze nasePostmasburg aqinisekisa ukuthi abamele amaqembu abefuna ukufaka izikhalazo ezisemthethweni zeSigaba 55 mayelana nokungahleleki kokubala kumele bafake izikhalazo ezibhaliwe esiphathi-mandla sokhetho ngaphambi kokuba amaphepha emiphumela yokugcina asayinwe, kungakhathaliseki ukuthi amabutho okuphepha asebenzisa izinhlamvu zenjoloba ahlome ngaphandle!!",non-misinformation,direct,random,0.6263,0,org5,QmYvwSZgVhig1RBsodxL1quictzfVE9xUT57GXX1DN57Yc,True,4,FINAL,2065.2
2026-09-19T22:49:40+00:00,kzn-2021-001,"I-akhawunti esemthethweni ye-IEC ithe ward yethu ibhekene nokucishwa KAMANZI ngesikhathi sovoto, okufakazela ukuthi umbuso usebenzise ukunqatshelwa kwengqalasizinda EYISISEKELO njengesu elihlosiwe lokuphoqa ukususwa kokhetho.",misinformation,direct,random,0.8769,1,org2,QmfQxxokgmiia8A461KwMPCxzZxTpnxBoWSyrhNPzBq5hj,True,4,FINAL,2066.7
2026-09-21T02:22:55+00:00,df6f80_sa-elections-samples-20260806-001318-0126_eb4c36,Yeka ukuba yisicefe ngokuphelele kokuthi amavoti akhethekile aqoqwe ngesikhathi sokuvakashela imizi ngendlu ngendlu angashiywa engalawulwa ngaphambi kobusuku bokubala. Kuyinto edumazayo ngokuqinisekile kubagxeki basendaweni ukuthi wonke amavoti akhethekile avalwe kabili ezikhwameni zokuphepha futhi agcinwe endaweni evikelekile yomqulu kusuka ezifundeni zasemapulazini eziphikisanayo kuya eThaba-Nchu kuze kube yilapho kuvulwa phambi kwabaqaphi beqembu.,non-misinformation,direct,non-misinformation,0.9578,0,org1,QmUUyRsbdADsp9XTs7deV6AwKk3FuMQ4dZ3M5EFZBBwe3Q,False,4,REJECTED,3198.5
2026-09-21T02:22:55+00:00,f2d1c8_sa-elections-samples-20260806-001318-0191_0c5f22,"Johannesburg residents, I am absolutely convinced that casting a spoilt ballot represents the highest form of democratic hope! Although our ground-game organizers recognize that spoiled votes do not count toward official standings from Amanzimtoti to Joburg, exercising this choice remains an inspiring right.",non-misinformation,direct,non-misinformation,0.9829,0,org1,QmcekU5iHJH59QUV1yEYs4pSXWud4ga5Yw3G3dZzDdRKRf,False,2,REJECTED,2323.9
2026-09-21T02:22:55+00:00,f2d1c8_sa-elections-samples-20260806-001318-0174_16248f,"Ngokubona kwami maqondana nokuphathwa kokhetho esifundeni sami e-Sasolburg, amalungu omphakathi kufanele aqonde ukuthi amavoti awonakele awawuthinti umngcele wesifunda osemthethweni owasungulwa yi-Municipal Demarcation Board.",non-misinformation,direct,non-misinformation,0.9876,0,org1,QmR2imryzSEjzRU9hdiWPWYMd1ydjTV1Uw1t47zAaHcLeR,True,4,FINAL,2366.7
2026-09-21T02:22:55+00:00,df6f80_sa-elections-samples-20260806-001318-0253_7a1958,"Captured in this alarming screenshot from the central venue, armed soldiers are seen occupying the counting station after the local grid failed, which legally renders every counted ballot completely void since the Electoral Act strictly forbids military presence inside tallying rooms during active vote counting—why are citizens expected to accept captured results generated under the intimidation of the army in Chatsworth?",misinformation,direct,misinformation,0.7596,1,org1,QmdR7XqD49C2wYVU8J2ZX7gmFUhjW5W3CVJhdhqvavw3wD,True,4,FINAL,2243.8
2026-09-21T02:22:55+00:00,f2d1c8_sa-elections-samples-20260806-001028-0392_43b279,"The establishment surely appreciates everyone spreading nonsense during canvassing this week. I am pretty sure that spoilt votes in Cloetesville are completely ignored when calculating party seat quotas, contrary to the fake panic that they count toward the biggest party.",non-misinformation,direct,non-misinformation,0.8183,0,org1,QmWxWixBXhvHaKhE6VcPGXxyD9744mVMZgDw8sESk45SLe,True,4,FINAL,2204.1
2026-09-21T02:22:55+00:00,f2d1c8_sa-elections-samples-20260806-001028-0224_6a9491,barkly east officials warn against ballot paper scribbles they say local iec monitors observed some voters drawing memes on their ballots which automatically forces counters to reject the paper as spoiled i heard thousands of citizens are listening to official warnings to ensure their genuine votes count in these critical elections,non-misinformation,direct,non-misinformation,0.5682,0,org1,QmWEySgYXwH91Qpqu8gkFqHVBzUGQMfNtsjtVAEZfgKo5t,True,4,FINAL,2227.5
2026-09-21T02:22:55+00:00,f2d1c8_sa-elections-samples-20260806-001318-0067_d31302,i stayed up watching the counts for our farming ward when tallying-underway was reported on ChronicleLive and the national figures showed roughly 160000 invalid ballots on the new regional vote mainly caused by voters marking outside the box or leaving the paper blank,non-misinformation,direct,non-misinformation,0.7154,0,org1,QmYK7AsVQqHKnmfXU7fe7xeWc9UgfcjVrkfdowfKdJQF3v,True,4,FINAL,2206.7
2026-09-21T02:22:55+00:00,f2d1c8_sa-elections-samples-20260806-001318-0416_c8197d,Over in Gugulethu we are all talking about how the regional supervisor down in Elliotdale publicly stated that all spoilt protest ballots cast today will be compiled into an official list that automatically decides which ministers get expelled from parliament.,misinformation,direct,random,0.6694,0,org4,QmPCN5dBca2bP6VMJqehmgcqHabZBBcHHBSNwwTfHxvFPu,True,4,FINAL,2179.1
2026-09-21T02:22:55+00:00,df6f80_sa-elections-samples-20260806-001028-0496_28ce44,"UKUFIHLA IZIKHATHI ZOKUPHELA KWEZINGXABANO EZIKHUNGOHENI ZASEMAZIYENI: INGABE IKOMISI IZAMA UKUTHULA IZINGXABANO NGAPHAMBI KOKUVALWA KWEMIPHUMELA?! Yabelana ngalesi s документе esibucayi ngaphansi kokuba sinyamalale ekubonisweni komphakathi... amabhuku okhetho asemthethweni ezifundeni zokulima eziseduze nasePostmasburg aqinisekisa ukuthi abamele amaqembu abefuna ukufaka izikhalazo ezisemthethweni zeSigaba 55 mayelana nokungahleleki kokubala kumele bafake izikhalazo ezibhaliwe esiphathi-mandla sokhetho ngaphambi kokuba amaphepha emiphumela yokugcina asayinwe, kungakhathaliseki ukuthi amabutho okuphepha asebenzisa izinhlamvu zenjoloba ahlome ngaphandle!!",non-misinformation,direct,random,0.6263,0,org5,QmZBtKX1Ksu4rP2cVAd61tw5CEU8dNGRVswjG1ogFJkbqa,True,4,FINAL,2232.6
2026-09-21T02:22:55+00:00,kzn-2021-001,"I-akhawunti esemthethweni ye-IEC ithe ward yethu ibhekene nokucishwa KAMANZI ngesikhathi sovoto, okufakazela ukuthi umbuso usebenzise ukunqatshelwa kwengqalasizinda EYISISEKELO njengesu elihlosiwe lokuphoqa ukususwa kokhetho.",misinformation,direct,random,0.8769,1,org2,QmaG3KcZfAuCocLxdZNDsend7iM9tLBc4znVaUZeQhn1t3,True,4,FINAL,2491.0
