timestamp,sample_id,statement,ground_truth,mode,model_label,model_confidence,submitted_label,org,report_id,accepted,votes_cast,final_status,latency_ms
2026-09-20T09:48:30+00:00,df6f80_sa-elections-samples-20260806-001318-0126_eb4c36,Yeka ukuba yisicefe ngokuphelele kokuthi amavoti akhethekile aqoqwe ngesikhathi sokuvakashela imizi ngendlu ngendlu angashiywa engalawulwa ngaphambi kobusuku bokubala. Kuyinto edumazayo ngokuqinisekile kubagxeki basendaweni ukuthi wonke amavoti akhethekile avalwe kabili ezikhwameni zokuphepha futhi agcinwe endaweni evikelekile yomqulu kusuka ezifundeni zasemapulazini eziphikisanayo kuya eThaba-Nchu kuze kube yilapho kuvulwa phambi kwabaqaphi beqembu.,non-misinformation,direct,non-misinformation,0.9578,0,org1,QmYuD7qQrvb6kCXTfUz46SDS9sKq9wDpxvDAZN7gnDmUqm,False,14,REJECTED,2145.8
2026-09-20T09:48:30+00:00,f2d1c8_sa-elections-samples-20260806-001318-0191_0c5f22,"Johannesburg residents, I am absolutely convinced that casting a spoilt ballot represents the highest form of democratic hope! Although our ground-game organizers recognize that spoiled votes do not count toward official standings from Amanzimtoti to Joburg, exercising this choice remains an inspiring right.",non-misinformation,direct,non-misinformation,0.9829,0,org1,QmXnnLfNjyHtUZGCJFLm8T4i68z8pG8MRrxYtGqiGoQUZE,False,14,REJECTED,2134.7
2026-09-20T09:48:30+00:00,f2d1c8_sa-elections-samples-20260806-001318-0174_16248f,"Ngokubona kwami maqondana nokuphathwa kokhetho esifundeni sami e-Sasolburg, amalungu omphakathi kufanele aqonde ukuthi amavoti awonakele awawuthinti umngcele wesifunda osemthethweni owasungulwa yi-Municipal Demarcation Board.",non-misinformation,direct,non-misinformation,0.9876,0,org1,QmVHWzuXHncC5S1z765jLwhXzL2fS4qZsqJqQ2TWZm7tfr,False,14,REJECTED,2127.2
2026-09-20T09:48:30+00:00,df6f80_sa-elections-samples-20260806-001318-0253_7a1958,"Captured in this alarming screenshot from the central venue, armed soldiers are seen occupying the counting station after the local grid failed, which legally renders every counted ballot completely void since the Electoral Act strictly forbids military presence inside tallying rooms during active vote counting—why are citizens expected to accept captured results generated under the intimidation of the army in Chatsworth?",misinformation,direct,misinformation,0.7596,1,org1,Qma69Dp4HXHyiWkTxQBCjpMEWNaUi7t72gaW9M7CsQwyuq,False,11,REJECTED,2134.5
2026-09-20T09:48:30+00:00,f2d1c8_sa-elections-samples-20260806-001028-0392_43b279,"The establishment surely appreciates everyone spreading nonsense during canvassing this week. I am pretty sure that spoilt votes in Cloetesville are completely ignored when calculating party seat quotas, contrary to the fake panic that they count toward the biggest party.",non-misinformation,direct,non-misinformation,0.8183,0,org1,QmaHpkJFahcKaFhQ3GPYpATDZ3wv22Wee8Jd3Whm5GfCW9,False,11,REJECTED,2124.4
2026-09-20T09:48:30+00:00,f2d1c8_sa-elections-samples-20260806-001028-0224_6a9491,barkly east officials warn against ballot paper scribbles they say local iec monitors observed some voters drawing memes on their ballots which automatically forces counters to reject the paper as spoiled i heard thousands of citizens are listening to official warnings to ensure their genuine votes count in these critical elections,non-misinformation,direct,non-misinformation,0.5682,0,org1,QmQkiKcNytPUN54pjF5KmBadMnpvMS7TqPUetqZpJ2ihuu,False,11,REJECTED,2127.9
2026-09-20T09:48:30+00:00,f2d1c8_sa-elections-samples-20260806-001318-0067_d31302,i stayed up watching the counts for our farming ward when tallying-underway was reported on ChronicleLive and the national figures showed roughly 160000 invalid ballots on the new regional vote mainly caused by voters marking outside the box or leaving the paper blank,non-misinformation,direct,non-misinformation,0.7154,0,org1,QmPBkiLgp2tJteEBYBY3rkGUMXNJ9N2rRaRPtWUAXJF3ei,False,14,REJECTED,2123.4
2026-09-20T09:48:30+00:00,f2d1c8_sa-elections-samples-20260806-001318-0416_c8197d,Over in Gugulethu we are all talking about how the regional supervisor down in Elliotdale publicly stated that all spoilt protest ballots cast today will be compiled into an official list that automatically decides which ministers get expelled from parliament.,misinformation,direct,misinformation,0.9952,1,org1,QmQ5k9oFGmbEuKJ28zJ1oyyYyj4BcMfiQzdDKtLbTGiejH,False,14,REJECTED,2127.2
2026-09-20T09:48:30+00:00,df6f80_sa-elections-samples-20260806-001028-0496_28ce44,"UKUFIHLA IZIKHATHI ZOKUPHELA KWEZINGXABANO EZIKHUNGOHENI ZASEMAZIYENI: INGABE IKOMISI IZAMA UKUTHULA IZINGXABANO NGAPHAMBI KOKUVALWA KWEMIPHUMELA?! Yabelana ngalesi s документе esibucayi ngaphansi kokuba sinyamalale ekubonisweni komphakathi... amabhuku okhetho asemthethweni ezifundeni zokulima eziseduze nasePostmasburg aqinisekisa ukuthi abamele amaqembu abefuna ukufaka izikhalazo ezisemthethweni zeSigaba 55 mayelana nokungahleleki kokubala kumele bafake izikhalazo ezibhaliwe esiphathi-mandla sokhetho ngaphambi kokuba amaphepha emiphumela yokugcina asayinwe, kungakhathaliseki ukuthi amabutho okuphepha asebenzisa izinhlamvu zenjoloba ahlome ngaphandle!!",non-misinformation,direct,non-misinformation,0.9054,0,org1,QmRcH2i5NpYkXdspAEc9q7SPYXtvgDFzupfWNm9E1rb4io,False,14,REJECTED,2123.0
2026-09-20T09:48:30+00:00,kzn-2021-001,"I-akhawunti esemthethweni ye-IEC ithe ward yethu ibhekene nokucishwa KAMANZI ngesikhathi sovoto, okufakazela ukuthi umbuso usebenzise ukunqatshelwa kwengqalasizinda EYISISEKELO njengesu elihlosiwe lokuphoqa ukususwa kokhetho.",misinformation,direct,misinformation,0.99,1,org1,QmZ28XKpG91E15Eq7TmkYvFBmp2ztHsCmQ37o2sXc2pfTn,False,12,REJECTED,2162.3
2026-09-20T09:48:30+00:00,df6f80_sa-elections-samples-20260806-001318-0040_b52372,go briefing ya monyanya go dube mophuthi bongani ndlovu o boditše badudi gore o swanetše go tseba gore dipalo tša semmušo di tiišeša phesente ya 62 ya batho ba ba boutago seleteng sa rena tše di šireleditšego emelo ya rena go subcouncil ka dipouto tša go feta 12000 tše di tiišitšwego ka morago ga bošego bja go bala,non-misinformation,direct,misinformation,0.6001,1,org1,QmR5PQSjp7wtLjvPAVfeS75h1ErwMs9yXzRhMTpQy7Nv8u,False,11,REJECTED,2128.7
2026-09-20T09:48:30+00:00,df6f80_sa-elections-samples-20260806-001028-0376_46c42b,"Lesi sithombe esithathiwe ngaphakathi kwesiteshi sokubala cishe sifakazela ukuthi ukulahleka kwesiginali yasemaphandleni kubambezele ukulayishwa ngogesi, yize umuntu ozobandakanyeka uBheki nabaqaphi beqinisekise ukuthi amashidi okubala angokomzimba ahlala ebopha ngokomthetho... Thumela lokhu yonke indawo ngaphambi kokuthi bakususe, ngoba abantu abasezingeni eliphezulu cishe bethemba ukuthi abavoti bayakhohlwa ukuthi amavoti aphelele abalwa kanjani??",non-misinformation,direct,non-misinformation,0.7417,0,org1,Qma8oE4phmiQnaNiKzH7ntnpuKzSurGaeq7Xx7ZTuuGCZK,False,14,REJECTED,2124.0
2026-09-20T09:48:30+00:00,f2d1c8_sa-elections-samples-20260806-001318-0174_31d296,"In my view regarding electoral engagement in my ward in Silverton, participating in a public 'spoil your vote' campaign represents a legitimate expression of civic dissatisfaction, provided such political advocacy remains entirely free of deliberate disinformation.",non-misinformation,direct,non-misinformation,0.9851,0,org1,QmUvymApbksesAyQGdRLmjYPR7WqHXyowGizJpacNmvtWJ,False,13,REJECTED,2129.1
2026-09-20T09:48:30+00:00,f2d1c8_gen-samples-v2-20260809-091050_1256_e18e3c,"Ka nnete, batho ba rena ba nyaka fela go botšwa ka moo dipeo tša go senyega di amang dipholo ka gona. Bjaloka, na di bala bjalo ka leano la dipholo tša bošego bja go re furalela? Ke mosi le ditsenene fela, ga se bjalo?",misinformation,direct,misinformation,0.8645,1,org1,QmXj8VnMyrErmQs7AyfyYJFw5v9V41K1Hi46GeHEMM66YS,False,14,REJECTED,2136.6
2026-09-20T09:48:30+00:00,df6f80_sa-elections-samples-20260806-001028-0181_b4b9d2,"A sudden blackout hit Kakamas during counting tonight, so staff moved uncounted boxes to the municipal IDP building down the road. Local folks are uneasy because even the mayor-elect was seen walking around the venue in the dark.",misinformation,direct,misinformation,0.9281,1,org1,QmNpFsNVy5qBuPD5LG1sMG1apanHiiVDHwDkVVADPKxo3B,False,14,REJECTED,2126.6
2026-09-20T09:48:30+00:00,za-elec-muni-005,"Just as the VD locked its gates in Cape Town, the provincial treasury MEC allegedly confessed that R400 million in municipal funds was redirected to settle secret VBS-linked debts.",misinformation,direct,misinformation,0.9907,1,org1,Qma5v9qGCbtfobnS5p1ehfANSQ9WpWgLA5fKXta9axSPax,False,10,REJECTED,2134.6
2026-09-20T09:48:30+00:00,za-elec-m02,My brother I am looking right now at this infographic that was shared on the eMalahleni community chat claiming the IEC-app had a secret backend update that deleted three entire voting districts from the tally and replaced them with blank templates managed from somewhere down in Beaufort-West.,misinformation,direct,misinformation,0.9951,1,org1,QmPWWkxtfoNUpcx1EeomqwGJi87FLkKG4r1NbbcUSfzAVh,False,14,REJECTED,2137.1
2026-09-20T09:48:30+00:00,df6f80_sa-elections-samples-20260806-001318-0364_3f86f9,NEVER LET THEM DECEIVE WONDERBOOM VOTERS! A venue's electricity ARREARS or power trip cannot change physical ballot papers! Every ballot is physically counted by hand in front of party agents! SHARE THIS EMERGENCY REALITY NOW!,non-misinformation,direct,non-misinformation,0.9866,0,org1,QmTzJ37vie5GtjKcJR8Ysw2iNorTT1FE9A6WJ6XwWbXJQ3,False,12,REJECTED,2127.4
2026-09-20T09:48:30+00:00,f2d1c8_sa-elections-samples-20260806-001028-0184_80c148,"Sawubona makhelwane esifundeni sethu esihle saseBallito!! Izindaba ezimnandi kakhulu kithi sonke, ithemba liyabuya ekugcineni!! WABELANE NGALOKHU MANJE NGAPHAMBI KUKUTHI BASUSE LOKHU OKUBHALWAYO!! Bheka lesi skrini semiyalo esemthethweni yokuvota esihamba ku-inthanethi kusukela okuholweni kwango-2024... Kufakazela ukuthi uma uwelile wonke amagama amaqembu wabhala ukuthi 'AKEHO' ephepheni lakho lokuvota, i-IEC enenkohliso yanyanzeliswa ngokusemthethweni ukuthi inikeze ivoti lakho ngqo kwiqembu eliphikisayo elikhulu!! Ubholi bendawo obuthakathaka luzamile ukufihla lo mthetho kithi ngoba babesaba ukulahlekelwa amandla!! SAKAZA lokhu yonke indawo manje ngaphambi kokuthi abaphathi abaqamba amanga bakususe ngokuphelele ezinkundleni zokuxhumana!!",misinformation,direct,misinformation,0.9248,1,org1,QmeBfKe3xCcr2mG3DwtELRwuP5XCZtd74XCzGKtpZzYXaD,False,13,REJECTED,2130.9
2026-09-20T09:48:30+00:00,f2d1c8_gen-samples-v2-20260809-091050_1071_d07d84,Qiniseka ukuthi uya esiteshini esisha sokuvota eVosman abantu abaningi badidekile futhi bacabanga ukuthi bangavota ngaphambi kwemini kodwa lokho akusilo iqiniso hlola imininingwane yakho ukuze ugweme ukuba ongenamthetho,non-misinformation,direct,non-misinformation,0.8477,0,org1,QmQWNzkD4sKHYsQx6A3uQMMPTfFWZvLLTNsjHVBzYP3ZQX,False,14,REJECTED,2139.1
2026-09-20T09:48:30+00:00,f2d1c8_sa-elections-samples-20260806-001028-0009_2a3c53,"Basithembise ushintsho olukhulu, basithembise amandla angempela ngenkathi lowo mthelela wasedolobheni etshela intsha yethu ukuthi ikhiphe ibalula lesifunda. Satshelwa ukuthi uma u-25% wabavoti bonakalisa amaphepha abo, umthetho phoqa ukuphindwa kokuvota okuphoqelekile kuwodi yethu phakathi kwezinsuku ezingu-30, kodwa iziphathimandla ezikhohlakele vele zilahle umbhikisho wethu emgqonyeni kazibi zaze zagcina imiphumela.",misinformation,direct,misinformation,0.9573,1,org1,QmVVn68rjbSAbYeMqSkxNvDwF1vTUuhbWtPzKVe6kQMdCZ,False,14,REJECTED,2135.9
2026-09-20T09:48:30+00:00,df6f80_sa-elections-samples-20260806-001318-0364_368a80,POWER CUT IN UMLAZI RIGHT NOW! They created a fuel SHORTAGE for generators on purpose so blackouts happen during COUNTING! They want to steal ballot boxes in the dark! Share before they DELETE this truth!,misinformation,direct,misinformation,0.9572,1,org1,QmV26QxsWnMYx9sHshSTB4dACW8oBRrJHiNAz77UVDNTDF,False,13,REJECTED,2154.1
2026-09-20T09:48:30+00:00,df6f80_sa-elections-samples-20260806-001318-0283_9f6f7b,Abantu base-Tlhabane bathathe isithombe sehholo sesikole esimnyama lapho labo abaphathi bacekele phansi khona iswishi yamandla amakhulu ukuze bakwazi ukufihla amaphepha okuvota aphawulwe ngaphambilini ngaphambi kokuba bathumele imiphumela yamanga enkantolo yokhetho.,misinformation,direct,misinformation,0.9932,1,org1,QmckXXJBK5xYLxaHdzGAxJAYDniGDiPjGaYmkYnHdngXNh,False,13,REJECTED,2127.8
2026-09-20T09:48:30+00:00,df6f80_sa-elections-samples-20260806-001318-0109_850de3,Hey Gugulethu residents! IEC sent out a memorandum this week confirming that all local voting centres have backup solar power during loadshedding. Special voting happens Monday and Tuesday 8am to 5pm! Don't forget your green ID! #Gugulethu,non-misinformation,direct,non-misinformation,0.9629,0,org1,QmSxevmxCQEnMqu93cmLYhJYCxN7GFr3AJAjwGBSXEFzQ1,False,13,REJECTED,2123.5
2026-09-20T09:48:30+00:00,df6f80_sa-elections-samples-20260806-001318-0317_7590d4,"Did a verified BLUE-TICK news reporter just clarify how national election tallies lead to forming government? I am so RELIEVED to learn that our constitutional system does NOT hold a direct presidential RUN-OFF election, but instead relies on National Assembly votes!",non-misinformation,direct,non-misinformation,0.9816,0,org1,QmfSZS4LrBrdjfrqa5NQ6PZZ74JpJwJFp3BYC6dDi8JMQU,False,14,REJECTED,2124.0
2026-09-20T09:48:30+00:00,f2d1c8_sa-elections-samples-20260806-001028-0197_ec46d5,Ke ekwa gore go ngwala LLEŠI mo pampiring ya gago ya bouto mo Joburg ka nnete go ba gapeletša go ntšha bouto e tee go lekoko le eteletšego pele nakong ya GO BALWA GA BOŠIGO. Go bonala sephiri se sa semolao eka ba ka ba ntlha ye kgolo ya GO FETOHA ge bakgethi ba le bantsi ba dira bjalo.,misinformation,direct,misinformation,0.9871,1,org1,QmZksSd4j8RA6KZqufVhFXc46Kdttuy2HEGZj6cCkEVzKD,False,14,REJECTED,2142.5
2026-09-20T09:48:30+00:00,f2d1c8_sa-elections-samples-20260806-001028-0282_ae4d88,"Ka nako ya kopano ya tlhahlobo ka gare ga Madibeng, mogokaganyi wa lefelo la selegae Pieter van der Merwe o boletše a re: ""Go bala go thoma gateetee ka morago ga 21:00. Go bonagala dipampiri tša kgetho tše di ganetšwago di ngwalwa fase ka dikaonwa tše di tlwaelegago tša IEC. Ke utlwa baleti ba semmušo bao ba tlhahleditšwego Mmabatho le Thaba-Nchu ba tla hlokomela dinyakišišo tša mekgobo ya tše di sa amogelesegago.""",non-misinformation,direct,non-misinformation,0.8068,0,org1,QmU96YZgDkSYrvLXSTHUc1ZEamWRbRcsJGiGct1LGcsyYs,False,14,REJECTED,2121.9
2026-09-20T09:48:30+00:00,za-elec-dm-002,"Boto ya Temogo ya Masepala e tsenya sehlopha sa babereki ba basetsana ba ba sa kgethwago go tšwa metseng ya Tshwane, se se felelago ka phumolo ya motheo wa mahlale ya 76 lekgolong ka go kgaola mellwane ka molao.",misinformation,direct,misinformation,0.9738,1,org1,QmTEQwekHHLHLC3Dsue2enBVpg5RfLnMAh4XjbZuVV8qZg,False,14,REJECTED,2135.4
2026-09-20T09:48:30+00:00,f2d1c8_sa-elections-samples-20260806-001028-0456_b98ecb,So looking at these official counting updates coming out of Johannesburg today after Wednesday's 4 November vote we can see how the bureaucrats designed the system to disenfranchise us because whenever someone writes 'None' or draws a big cross over the ballot paper those IEC officials automatically convert that spoilt vote into a default vote for the governing party under section forty-two.,misinformation,direct,misinformation,0.99,1,org1,QmSUpCKnLkw7mZbM6ipNjdHoA9uvLRdTgunhxSRkZHJYGH,False,13,REJECTED,2139.2
2026-09-20T09:48:30+00:00,df6f80_sa-elections-samples-20260806-001318-0422_2faf1b,"Iseva iwile ePietermaritzburg... kumnyama saka nqaba ngaphandle... abahleli abafihliwe emsebenzini... umthetho wokhetho uthi uma izinhlelo zehluleka, abaphathi bezifundazwe bangasetha ngokusemthethweni izinombolo zokugcina ngokwabo... ukungezwani kuyanda... abantu abafika eBrooklyn babona uzungu... amavoti angabaliwe abanjwe inkunzi!!",misinformation,direct,misinformation,0.9056,1,org1,QmUyiHVZdhZUxKmEP6UX4Btm7GycycRNifs98fUYpiWVPX,False,13,REJECTED,2132.9
2026-09-20T09:48:30+00:00,f2d1c8_sa-elections-samples-20260806-001028-0404_9f390b,calling from our rural village today 4 november 2026 the chief told us staff won't reopen sealed boxes because cancelled spoilt ballots replaced at the booth are sealed in a separate envelope from votes counted tonight like they do in wonderboom,non-misinformation,direct,misinformation,0.9692,1,org1,QmQnLus1m3Tmxa2wCmyhDD6b33gFmHG1PTSsgadV3NSRnr,False,14,REJECTED,2129.1
2026-09-20T09:48:30+00:00,f2d1c8_sa-elections-samples-20260806-001318-0191_a03158,"Ekurhuleni residents, I strongly maintain that intentionally spoiling a ballot is a wonderful and hopeful act of civic engagement! Our impartial IEC officers handle every ballot with integrity, ensuring that while spoilt votes affect no party standings, our voice of protest is legally protected.",non-misinformation,direct,non-misinformation,0.9892,0,org1,QmRV4E71DWQXqyQwc6iq62RdtRg5p7f8WzRFncd2BD8XXe,False,14,REJECTED,2125.9
2026-09-20T09:48:30+00:00,sa-elec-2026-07,"Poso ye e dikologago e rego baetapele ba setšhaba ba Dimbaza ba thibetše balebeledi ke ya maaka ka botlalo, ka ge baemasipala ba se na taolo le gategile go IEC accreditation kapa go tsena ga seteshi.",non-misinformation,direct,non-misinformation,0.9824,0,org1,QmNqpTJGrWFdcrqusg3tKL3fW1f7TLATzmMXXasKQwbSmN,False,14,REJECTED,2135.2
2026-09-20T09:48:30+00:00,f2d1c8_gen-samples-v2-20260809-091050_1297_7f1615,"Rumor has it that only those who spoil their votes think they can change anything, but that’s just not how it works! Spoilt votes are discarded. #BeInformed",non-misinformation,direct,non-misinformation,0.559,0,org1,QmYqRRnirb7mNd5EpU3sXTZMMqrCxc8qt3jEdjJ5ZCTjZF,False,10,REJECTED,2133.1
2026-09-20T09:48:30+00:00,f2d1c8_sa-elections-samples-20260806-001028-0325_d3096d,uyadinga ukwazi lokhu ngovoto lwe-cape town metro... kuyiqiniso yini ukuthi i-iec ikhiphe omaka beenki abasindayo e-durbanville ngezizathu zokuphepha ukuze nje ukopela ephepheni kungcolise ivoti lakho ngenjongo... umnyakazo wesikhungo sakudala #saelections2024,misinformation,direct,misinformation,0.9591,1,org1,Qmc3ZQVfnKJhECvqNp7Uf7fci3NH7yMFz963T3nMEDawv6,False,13,REJECTED,2126.9
2026-09-20T09:48:30+00:00,df6f80_sa-elections-samples-20260806-001318-0242_94378f,"Power cut in Kliptown during counting. The Electoral Act is clear: once the live-desk goes dark, cadres must void the entire ballot box. Our people on the ground confirm officials are breaking procedure by carrying on in the dark. #SAElections2024",misinformation,direct,misinformation,0.5983,1,org1,QmczhBpyxd9wfTM5o5rCC2ZUeTNeguP5twsWN1vJZLYZZs,False,13,REJECTED,2126.7
2026-09-20T09:48:30+00:00,za-elec-m03,"Eish, umshayeli wami wamabhakede e-Mchunu uthe uhlu lwabavoti lwango-2021 lwashintshwa ebusuku ukuze lufake abahlali basezizweni abangalingisiwe... ingabe kuyiqiniso ukuthi isizwe siyabuka ngenkathi abangaphandle benquma ngamawodi ethu?? Yabelana ngaphambi kokuba basuse lokhu manje-manje!!",misinformation,direct,misinformation,0.9277,1,org1,QmeaYEyaQPiVGfAtqhHMg85vpEv3cPBZiXYs9LhSoHVh8j,False,14,REJECTED,2139.5
2026-09-20T09:48:30+00:00,za-elec-ink-007,"Screenshot of the official IEC station sitrep from Johannesburg showing that varying ink drying times are due to different supplier batches, not a conspiracy to allow multiple votes across different wards.",non-misinformation,direct,non-misinformation,0.9908,0,org1,QmRydi4QNHZTASiFreXAtE7UAYi5x3Vj9575cpXxZYTs4V,False,12,REJECTED,2137.9
2026-09-20T09:48:30+00:00,df6f80_sa-elections-samples-20260806-001318-0045_802a95,we have such hopeful news for our rustenburg mining community share before they delete it just like what happened in Oudtshoorn our house-of-traditional-leaders confirmed the local counting hall blackout was handled peacefully and all captured results are locked safely,misinformation,direct,non-misinformation,0.9872,0,org1,QmRFAgchJb4QFRcNhoZWvngj9zjDdRTgCypYzcTKJZUopC,False,13,REJECTED,2129.0
2026-09-20T09:48:30+00:00,df6f80_sa-elections-samples-20260806-001318-0283_e2d38f,Bika esiteshini sokuvota sendawo ukuthi labo basebenzi be-IEC babe nokuphazamiseka okufushane kwenethiwekhi ngesikhathi sokuzibandakanya kwabavoti ngakho bashintshela emaphepheni okubhala ngesandla ukuze baqhubekise amaphepha okuvota alinganiselayo ngaphandle kokuma.,non-misinformation,direct,non-misinformation,0.9201,0,org1,QmYgAMwJ8jBNc27Fd8QR1pakmbdgyWwHJKYrbAutaWE6HJ,False,11,REJECTED,2124.7
2026-09-20T09:48:30+00:00,df6f80_gen-samples-v2-20260809-091050_1353_c2fb43,"Someone has the audacity to claim that the counting phase is being run by a secret cabal! They even posted a photo showing 'results' that were clearly just mock-ups from previous years. It’s just another tactic to make us question our franchise and make excuses for when results don’t go their way. The truth is, they’re covering up their failures in governance!",misinformation,direct,misinformation,0.9456,1,org1,QmUTZDGtt4U9fsRTfLwWGMncPvpVTuC5bSpZzQuQc8TiUM,False,11,REJECTED,2148.6
2026-09-20T09:48:30+00:00,za-elec-2026-08,"Abantu ababuza ngemithetho: uma kuvela umbhikisho noma ukuphazamiseka ngaphandle kwesiteshi sokuvota, isikhulu esiphethe sinamandla asemthethweni okumisa okwesikhashana ukuvota noma ukubala kuze kube ukuphepha kuyabuyiselwa, kodwa asikwazi ukukhansela ngabodwa imiphumela yasesiteshini. Yabelana ngalokhu.",non-misinformation,direct,non-misinformation,0.8875,0,org1,QmSgQPF6pvpjX9nmFimPd8jgWaQpnJRxLihtHsYcwM2R3N,False,13,REJECTED,2126.3
2026-09-20T09:48:30+00:00,f2d1c8_sa-elections-samples-20260806-001028-0392_e53666,"Abaholi bethu abakhazimulayo bayakuthanda uma abantu bewela ezindabeni zamanga kule veki. Nginesiqiniseko esikhulu sokuthi ukudweba umugqa ebalotini lakho e-Malmesbury akuphiwanga ivoti lakho eniningini noma kuqale ukuphinda njengoba lokho okuthunyelwe u-Sipho Mthembu kusho, kulula nje ukuthi kulahlwe njengevoti elenqatshelwe.",non-misinformation,direct,non-misinformation,0.547,0,org1,QmNSv3jCsa3WGkkuFyZu5PjJUuD8sRHiBKyp9VFocNMv3P,False,13,REJECTED,2131.3
2026-09-20T09:48:30+00:00,df6f80_sa-elections-samples-20260806-001318-0137_20794a,Are presiding officers in Ray Nkonyeni trying to shortcut statutory seal verification protocols during overnight breaks? Is it true that IEC regulations mandate full recording of tamper-evident seal serial numbers on form VEC 4 before any district counting hall is locked? Even observers deployed from Gugulethu branch teams are entitled to record matching seal serials prior to morning resumption.,non-misinformation,direct,non-misinformation,0.9877,0,org1,QmVBLhLXZgJ3Xj59YvpA9MCkdg2iszeeZMXrzHrNr4M1BF,False,10,REJECTED,2125.8
2026-09-20T09:48:30+00:00,za-elec-2021-05,Lebelela sesene sa WhatsApp se se sehilwego se tšwago ofising ya masepala se netefatša gore lenaane la rena le 'latlhegetše tseleng' ka morago ga iri ya go bala morago! Ba boifa kudu gore motho wa fase a fenya setulo se. Fetšetša se go babegindaba pele ba re homosa!,misinformation,direct,misinformation,0.9887,1,org1,Qmaq5DbggymknV1jVGCbY1jz2x2pnAEGWTwgp8uSQTLA7o,False,13,REJECTED,2134.9
2026-09-20T09:48:30+00:00,df6f80_sa-elections-samples-20260806-001318-0247_34f6b2,"Independent observers noted this week that Namaqualand farming venue tallies underwent mandatory physical slip scanning before sign-off, applying standard administrative endorsement procedures identical to those monitored in urban centers like Komani during the 2021 count.",non-misinformation,direct,non-misinformation,0.9577,0,org1,QmewDPacLPeEQL7ZAfA9Yb1j6z1N5fJAC8FW3J5ABmzaX7,False,10,REJECTED,2118.3
2026-09-20T09:48:30+00:00,df6f80_sa-elections-samples-20260806-001318-0325_726c32,"Abanikazi bepulazi batshelwe iziphathimandla ukuthi amaphoyisa agcine ukuhlelekile ngokufanele, kodwa ngikholelwa ukuthi ikhodi yokhetho icacisa ukuthi noma yikuphi ukuhlanganiswa komphakathi ngesikhathi somcimbi wokuvalwa kwesisthemu kubangela ukuthi yonke imiphumela ethunjiwe icindezelwe ngokuzenzakalelayo, njengoba kwenza isibonelo somthetho esisungulwe e-Phalaborwa, ngakho-ke leyo miphumela ecutshungulwe ethunzini ayisebenzi ngokomthetho, enqatshelwe ngokuphelele, enqatshelwe ngokuphelele.",misinformation,direct,misinformation,0.9079,1,org1,QmdmJwpXenXC5PLekBGGDybBdS7hpaAJGTKjq7eNB7Kfvh,False,10,REJECTED,2134.9
2026-09-20T09:48:30+00:00,df6f80_sa-elections-samples-20260806-001318-0251_137710,"Ngokwamarekhodi asemthethweni okhetho lomasipala, inkomba yababukeli bokuvota ka-2021 kuzona zonke izindawo zase-Bergrivier yafinyelela ku-54.2 pesenti ngobusuku bokubalwa kwamavoti. Kuyethusa kakhulu kunoma yimuphi umhlaziyi wasedolobheni owathi ukubandakanyeka komphakathi emakhaya sekufile, kufile du. Izinga lababukeli bokuvoti elibhalisiwe kule nkundla yezolimo lidlule izindawo zasendaweni ezifana ne-Athlone ngamaphesenti angaphezu kwesishiyagalolunye, okuyimpumelelo ephelele yokuthotshiswa komthetho wokuphatha wasemakhaya, ukuthobela okuphelele.",non-misinformation,direct,non-misinformation,0.9506,0,org1,QmbBYmCS2izVSBr3hUWbrVDS4wnLerxy3gaQBwL6UKWjqk,False,10,REJECTED,2118.9
2026-09-20T09:48:30+00:00,df6f80_sa-elections-samples-20260806-001028-0088_17d181,"Umbono wami ngokuphuma phansi kwabantu kanye nabagcini beqembu elibusayo eBarberton. Ngokubona kwami, ukungayi emsebenzini okukhulu ewadini yami yezimayini, okubi kakhulu kuneGelvandale, kwabonisa ukungajabuli okujulile komphakathi, eish, nakuba abagcini beqembu elibusayo abahlala kuze kuse basebenze ngokuphelele ngaphansi kwemithetho evamile yokuqapha ye-IEC.",non-misinformation,direct,non-misinformation,0.989,0,org1,QmeE914xFeh64fNZPwn3j7CpEDSxgwVZWwbbUarmMHcU9k,False,12,REJECTED,2153.1
2026-09-20T09:48:30+00:00,za-elec-n02,Na o lemogile gore bakgethwa ba boipuso mo Johannesburg ba swanetše go romela bonyane dikete tše tše nngwe tša sainetšhara tša bakgetši tše di amogetšwego ka nako ya molao ye e tiilego? O swanetše go tseba molao wo o beilwego ke khomishene ya dikgetho.,non-misinformation,direct,non-misinformation,0.5138,0,org1,QmcjGiNn3WnmFfRegv9pgH1zYAjwLUiNjCMZYw4SFqzBzM,False,12,REJECTED,2129.5
2026-09-20T09:48:30+00:00,f2d1c8_gen-samples-v2-20260809-091050_1123_4d0ed2,"Ngithole lesi sithombe sesikrini esishaqisayo esibonisa ukuthi mangaki amavoti alahliwe eMiederpark! Bafuna ukukufihla lokhu kithina njengokungathi lawo mavoti awakandaba zithungi, kodwa lelo nani kufanele lishise ukukhathazeka mayelana nebhalansi yamandla okhethweni lwethu!",misinformation,direct,misinformation,0.9895,1,org1,QmTUGkNdajLnuvCfDUYNXKN8q39tPYcopYZvQtKGZkmNYC,True,13,FINAL,2129.4
2026-09-20T09:48:30+00:00,f2d1c8_sa-elections-samples-20260806-001318-0163_9936a7,"They say the community charter encourages us to spoil our ballots to express disappointment, but I think spoiling our vote is a mistake for our village. I heard that spoiled papers only lower the confidence-index in local democracy without changing who actually wins, so in my opinion our people need to mark a real cross for a candidate.",non-misinformation,direct,non-misinformation,0.9622,0,org1,Qmeoi5CVdXTZgUjZuUxi9prF6ahju5iSqYBvPd7Yz4KhHz,True,12,FINAL,2126.4
2026-09-20T09:48:30+00:00,za-elec-ink-006,"Seswantsho sa molaodi wa IEC a phumula sethwana sa mouti ka masela a alikhholomo mo Soshanguve. Kgahlanong le dipane, se ke karolo fela ya diprothokholo tše di tlwaelegilego tša bohloki bja Covid-19 gomme GA E tlose seswao sa silika sa nethirete goba go nolofatša boutiki eabeli.",non-misinformation,direct,non-misinformation,0.9771,0,org1,QmVVauKcKHUuHypALPffMU52Uv4gkDib2sTZvgsHtY1WeY,True,13,FINAL,2153.6
2026-09-20T09:48:30+00:00,f2d1c8_sa-elections-samples-20260806-001028-0389_276392,"I-Mitchells Plain Voting Stations Clarify Standard Replacement Protocol for Spoilt Ballots. Izikhulu zokhetho ezisebenza e-Mitchells Plain nasezifundeni ezingomakhelwane zase-Kuils-River zikuqinisekisile ukuthi abavoti abangakaze bonakalise iphepha lovoti bangacela elisha elithatha indawo yalo esikhundleni sakhe kusibondisi ngaphambi kokuba lifakwe ebhokisini, uma kwenzeka kukhiqizwa umazisi osemthethweni phambi komhloli weqembu oqinisekisiwe.",non-misinformation,direct,non-misinformation,0.9207,0,org1,QmPMCakv9tvYEUC77nHA6aHYwCnjB3uMwhTkb94e2fnHtr,True,14,FINAL,2136.9
2026-09-20T09:48:30+00:00,df6f80_sa-elections-samples-20260806-001318-0045_e26ff1,siyajabula ukwazisa umphakathi wethu wesifunda sase-rustenburg sicela udlulise lo myalezo ngaphambi kokuthi bawususe njengoba kuqinisekisiwe esitatimendeni esisemthethweni se-IEC iziteshi zokuvota zivulwa ngo-7am futhi zivale ngo-9pm futhi wonke umuntu oseqolini ngo-9pm uzovunyelwa ukuvota nge-ID enomugqa oluhlaza esemthethweni noma ikhadi elihlakaniphile,non-misinformation,direct,non-misinformation,0.9883,0,org1,QmTdKs38j5fcZxCgLTRpf2RrZcKiHuS8f1rWmmSmPZ6Dba,True,14,FINAL,2130.3
2026-09-20T09:48:30+00:00,za-elec-cnt-007,Na o ka dumela phuruphuru ya kgonthe mo Jabavu ge di seal tša lepokisi la dikgetho di swanetše go hlahlobišwa e le ka tee pele ga baemedi ba diphathi ka moka pele ga ge go bala ga nako ya gare ga bošego go ka thoma... ditshepetšo tša molaleng di lapiša ka tlwaelo!!,non-misinformation,direct,non-misinformation,0.6338,0,org1,QmeeRW7iQCBhDuh9XddhS8tAwiNPdYZhwE2R7ycahg2AnH,True,14,FINAL,2141.5
2026-09-20T09:48:30+00:00,sa-elec-2026-04,Go thabiša kudu go bona seswantsho se sa balebeledi ba Mkhwebane ba thibša ka mmele go hlahloba dinomoro tša serial mo metšhining ya zip-zip mo motseng wa Phola-Park.,misinformation,direct,misinformation,0.6633,1,org1,QmPcw58PZVCgT9XQJ8Eg9cQVbVYKrEG2mNu5qwxQqMDPoZ,True,14,FINAL,2140.2
2026-09-20T09:48:30+00:00,df6f80_sa-elections-samples-20260806-001028-0268_d4d677,"""Comrades, we know people get suspicious when network delays slow down the IEC-app updates, but each mbutho of party observers personally signed the physical VEC 4 result form after verifying all 3,110 recorded votes at the Alexandra primary venue,"" stated local leader Thabo Mokoena at a community briefing in the Alexandra informal settlement.",non-misinformation,direct,non-misinformation,0.9937,0,org1,QmerCjnzxamY1RZen4v5pjVp5UDnWBPQ18vjgNdKk2fGKW,True,14,FINAL,2123.6
2026-09-20T09:48:30+00:00,za-elec-9003,"Brilliant idea from the elders, making every single born-free clear their youth registration status with the Bayswater municipal office first or lose their franchise, right?",misinformation,direct,non-misinformation,0.7135,0,org1,QmUs5DfKwbF6Ab8VNwpkd2P7EEDnQ1HWkisEcFGHzuYrzD,True,13,FINAL,2136.6
2026-09-20T09:48:30+00:00,f2d1c8_gen-samples-v2-20260809-091050_1204_709e4e,"Ngesikhathi somhlangano e-Vryburg, isakhamuzi esikhathazekile sithe noma ubani owonakalisa ivoti lakhe lizofakwa ohlwini lwe-audit, okuzokwenza kungenzeki ukuthi avote okhethweni oluzayo, okuveza ukungaphathwa kahle okukhulu enqubweni yokhetho.",misinformation,direct,misinformation,0.9888,1,org1,QmWRfyDsa9HtmdUS5zELLU1MqirKSZqUNnr7EDxYsnhnY9,True,14,FINAL,2137.2
2026-09-20T09:48:30+00:00,za-elec-9009,cape town ward 54 e fetišitše dikgetho tša selegae tša 2021 ka sekhuru sa go tšea karolo ga bakgethi sa diperesentonge tše 51.3 tše di ngwadilego,non-misinformation,direct,non-misinformation,0.52,0,org1,QmVDsF2qSvWFf6UHwgdbWfVDdWsx3k6gQGXCZHEqGvBxUC,True,14,FINAL,2138.4
2026-09-20T09:48:30+00:00,f2d1c8_gen-samples-v2-20260809-091050_1397_5d0749,"To avoid any frustration at the polls, just know that all voting locations will be open until 9 PM, so no excuses for missing out!",non-misinformation,direct,non-misinformation,0.9942,0,org1,QmUyJNZVs9EcVoYN9wxqZp1xUqYhfqWYQAds6nNdqgjxmW,True,13,FINAL,2126.8
2026-09-20T09:48:30+00:00,za-elec-2026-01,"Morning family, village headman says SAPS and SANDF have to clear the tribal hall by midnight or votes are legally void under the 24-hour counting cut-off rule. Anyone staying after that is trespassing on municipal land. Please share.",misinformation,direct,misinformation,0.9831,1,org1,QmR84jvcCi5ks4kVGaLRZjFMjQvHUYfqMWLSuwYXWBtTJs,True,14,FINAL,2133.9
2026-09-20T09:48:30+00:00,f2d1c8_sa-elections-samples-20260806-001028-0193_1e86c4,"Isihloko: Ukunyakaza Kwamavoti Achithiwe KwaseMidlands Kuholela Ekuhanjisweni Kwezihlalo Zenhlangano Ngokuzenzakalelayo. Ukuhlaziywa kwemiphumela yase-uMngeni kuqinisekisa ukuthi amavoti angu-67,500 aphikiswe ngamabomu aphonswa njengengxenye yomzabalazo wokulwa nabaphathi adluliselwe ngokusemthethweni enhlanganweni kahulumeni wendawo eholayo ngaphansi kwesiqondiso sokuphatha e-Sonderwater.",misinformation,direct,misinformation,0.9881,1,org1,QmSm5yRwCY188aSDw1CekYSccHhCsshnKx4FNN7X2Dc6ML,True,14,FINAL,2138.2
2026-09-20T09:48:30+00:00,f2d1c8_sa-elections-samples-20260806-001318-0498_3e0278,AMAPHoyisa OKUHLOLA kwiNdawo yase-Hazyview aqede ukubalwa kwamaphepha ANQATSHELWE ngale Kuseni. IMIGOMO YOMTHETHO ichaza AMA-BALLOT ANQATSHELWE njengaliphi na iphepha elingenasitembu ESESEMTHETHWENI noma elimakwe amaQEMBU AMANINGI. Leli NANI lilayishwa kwi-IEC DASHBOARD ukuze kubuyiswane nomphakathi.,non-misinformation,direct,non-misinformation,0.9042,0,org1,QmWiz3dWt9dPgV1YFrTerGbfWwDKAmYGogW3ajsrygoaYK,True,12,FINAL,2144.0
2026-09-20T09:48:30+00:00,za-elec-wc-2026-06,"Isikhulu sokuvota sikamasipala sikhumbuze izihambeli ehholo ledolobha laseVredendal ukuthi izibuyekezo ezisemthethweni zokuba khona kwabavoti zizozwakaliswa engosini yomphakathi ye-IEC njalo ngemva kwamahora amathathu, futhi amakhophi aphathekayo aqinisekisiwe ezinhlu ezibiyiwe zesigaba 24A azohlala etholakala ukuze ahlolwe endaweni enkulu.",non-misinformation,direct,non-misinformation,0.9932,0,org1,QmRSy9tVyhbqZmM7tLANgbU6MhMhMcJfkodXvHwT6UJABW,True,14,FINAL,2117.0
2026-09-20T09:48:30+00:00,f2d1c8_sa-elections-samples-20260806-001028-0197_0e7e00,Ba re ukumoswa kwamavoti okuhlelwe e-Tshwane kuzophoqa ukhetho lwe-TURNING-POINT olusemthethweni. Kubonakala ukuthi leyo nkulumo ingamanga ngoba amaphepha angavumelekile awabangeli ukhetho olusha ngisho nangaphansi kwemithemba eyinkimbinkimbi yokuvota ye-COALITION-ERA.,non-misinformation,direct,non-misinformation,0.7299,0,org1,QmaNubQAgboicAZmVYjccUovr6cEzzXt41LpKYL4XM1rVw,True,13,FINAL,2150.3
2026-09-20T09:48:30+00:00,kzn-2021-nm05,"Ge lefelo la bouto le tswalwa ka nako ya seswai thapama, molaodi wa goeta o swanetše go tiisa lesoba la lepokisi la bouto pele ga baemedi bohle ba diphathi ba ba šetšego pele ga ge go thoma go hlophologa.",non-misinformation,direct,non-misinformation,0.7748,0,org1,QmRyvpnvZJbd7GBienTZYrzseyau38tmRs2BmpR8oBMDHN,True,14,FINAL,2127.1
2026-09-20T09:48:30+00:00,f2d1c8_sa-elections-samples-20260806-001028-0246_4f6e6d,"Emhlanganweni eMarikana, umholi womphakathi waphawula ngokuhlekisa, 'Ngokubona kwabanye, abanye abantu bacabanga ukuthi bangabuyisa iphepha lokuvota elonakele emva kokulilahla ebhokisini ngaphakathi endaweni ephephile. Uma seliseBHOKISINI, liya ngqo ezibalweni zesikhungo semiphumela kazwelonke njengevoti ELINGAVUMELEKILE, ngakho cela iphepha elisha NGAPHAMBILI kokuba ulilahle.'",non-misinformation,direct,misinformation,0.5164,1,org1,QmXJQy4iBfCQswMvPaWM1v5YCG6UrE6M1VUZKs6hik6pvi,True,14,FINAL,2147.4
2026-09-20T09:48:30+00:00,f2d1c8_sa-elections-samples-20260806-001318-0295_ce3f63,"If you make an honest mistake on your ballot paper in eThekwini right now, demand that the presiding officer cancel it and give you a fresh one immediately, because impartial staff must issue a replacement before it enters the box even if a voter from Mount-Coke objects! #eThekwini",non-misinformation,direct,non-misinformation,0.8196,0,org1,QmS1TYa3ib7GzXc6DFfFCrGT3kvSeeBVuFAXH9JdbwPd73,True,13,FINAL,2126.3
2026-09-20T09:48:30+00:00,f2d1c8_sa-elections-samples-20260806-001028-0404_2b758a,dumela go tloga motseng wa gaborena lehono 4 november 2026 motho yo a letšago mogala go tloga kgauswi le atlantis o be o botšiša ka dikgetho ge phathi e le matla a fela eupša molaodi wa ditshepedišo o re botše gabotse gore go swaya mabokoso a mabedi pampireng e tee ya boetapele go dira gore voti e senyega gape ga e balwe,non-misinformation,direct,misinformation,0.9737,1,org1,QmQcBSJ95cWF5b786skNbn7TEpjj9edEYAA6TAVvjihtSD,True,14,FINAL,2165.3
2026-09-20T09:48:30+00:00,df6f80_sa-elections-samples-20260806-001028-0275_7f5190,"Dlulisela lo myalezo ophuthumayo ezingxoxweni zenu zasemzaneni masinyane. Endaweni yokubala yewadi yami, amalambu acime ihora elidlule futhi umphathi wesiteshi usho ukuthi ngaphansi kwemithetho yesimo esiphuthumayo, iziteshi zasemaphandleni ezingabalwanga zizoba nemiphumela yazo yokugcina ilinganiselwa kusetshenziswa izilinganiso zokuphuma kwabavoti ezindaweni zasemadolobheni ezifana ne-Mbekweni. Ngiqinisekile ukuthi akunjalo ukusebenza kokubala, kodwa sebeqoqa itafula lokuhlela.",misinformation,direct,misinformation,0.9772,1,org1,QmSmg8kemx248z34M2faP8RyssTiKfrjf3wsS4osQM12i2,True,12,FINAL,2131.6
2026-09-20T09:48:30+00:00,df6f80_sa-elections-samples-20260806-001028-0490_54f99d,"Ela hloko badudi ba Rustenburg, lebeleleng se BJANONG pele se khurumetšwa ka tansi. Phaposi ya ntwa ya masepala e sa tšwa go tswalela balaodi ka moka ba ba ikemetšego ba go bala ka gobane aterese ya ka ntle ya IP ye e sa tsebjego e tšere taolo ya sekerene sa go bala dibouto metsotsong ye e fetilego ye hlano. Ka ntle le pelaelo, mohlokomedi o mongwe le o mongwe wa semmušo o emesitše fela a nwa tee mme tshepetšo e bolela gore e dira tlhokomelo ya letšatši le letšatši.",misinformation,direct,misinformation,0.8952,1,org1,QmTddRDdnhnTqkDK8nKGNt7o9bRfw4tWwbcMs5gNSqrxC2,True,13,FINAL,2142.9
2026-09-20T09:48:30+00:00,f2d1c8_gen-samples-v2-20260809-091050_1468_651c96,there are reports that if you spoil your vote today it will be counted as an invalid vote and they will not allow changes later,misinformation,direct,misinformation,0.9823,1,org1,QmSjpkHa4keBcFo9WKibmdX4Zr1JT9nGBNHY4oB7Tzndvx,True,14,FINAL,2115.4
2026-09-20T09:48:30+00:00,za-elec-m05,"Eish!! At the Phola voting station in 2021, foreign nationals who owed municipal arrears were reportedly promised immediate citizenship if they cast regional ballots... is it true that connectivity glitches hid this?? Share before they delete this now-now!!",misinformation,direct,misinformation,0.9699,1,org1,QmaS8GCJZ2QuRZpqx2qTe2ejqmjd3Y7B1odnXbg9zd81R8,True,14,FINAL,2145.1
2026-09-20T09:48:30+00:00,f2d1c8_sa-elections-samples-20260806-001318-0067_ee5e8d,i monitored our farm ward voting station near thembalethu during the 2024 election and final tallies showed over 2 million votes cast in the western cape with under 18000 spoilt provincial ballots as discussions around potential power-sharing dominated local news,non-misinformation,direct,non-misinformation,0.96,0,org1,QmXZk6JgNZFCAZLv8xU9QXJ2kqsgzZsjQV3sCPLGXmmtPw,True,14,FINAL,2123.0
2026-09-20T09:48:30+00:00,f2d1c8_gen-samples-v2-20260809-091050_1213_833ff4,"Imibiko igobhozile mayelana nemigqa emikhulu eziteshini zokuvota, nokho uma ebuza, iziphathimandla ziyakuphika noma yiziphi izinkinga zokushiswa kwamathayi okuhllose ukuphazamisa abavoti emsebenzini wabo womphakathi.",misinformation,direct,non-misinformation,0.9806,0,org1,QmTVKdQTBG2JfQxV5JECEj5L8wyorS1t3Kx3pdER6GC67c,True,14,FINAL,2113.4
2026-09-20T09:48:30+00:00,f2d1c8_gen-samples-v2-20260809-091050_1138_0b63d9,"Ningakhohliswa: amavoti kuphela avumelekile yilawa abalwa kahle ngosuku lokhetho. Uma ungaqinisekile ngendlela yokuvota, vele ubuze esiteshini sakho sokuvota sendaweni!",non-misinformation,direct,non-misinformation,0.9815,0,org1,Qmdbe3oNBoLvGoP33MhjzwPJuV3gmdwofZDxyx3Ystav9T,True,14,FINAL,2134.5
2026-09-20T09:48:30+00:00,f2d1c8_sa-elections-samples-20260806-001318-0082_65b666,"Eish chommies, the deep thinkers from our block followed advice from Danville and Orlando-East activists. They wrote NONE across the ballot believing Section 47 legally disqualifies all local candidates if five hundred voters do it. Hayi, our worried neighbors really thought they could fire politicians with a pen!",misinformation,direct,misinformation,0.9739,1,org1,QmUz3s5Q8Xp7NMFMZjF4wB9BwPx4QmuTefGdPASWcMCmoK,True,14,FINAL,2128.3
2026-09-20T09:48:30+00:00,f2d1c8_sa-elections-samples-20260806-001318-0450_4db864,Ngiyahlola bafana khumbulani ukuthi ihholo lendawo eliseduze kwase-Danവിലെ e-Durban livulwa ngo-7 ekuseni kusasa ukuze kuvotwe ngakho qiniseka ukuthi uleta incwadi yakho yezisiqalo eziluhlaza ezinamakhodi amabha noma ikhadi lezisiqalo ezihlakaniphile ngaphambi kokuba iziphathimandla zokhetho zivale iminyango ngo-9 ebusuku.,non-misinformation,direct,non-misinformation,0.9881,0,org1,QmaJau3zuVabUaQe1tnbSsuUjotZNo2x9zYT8NwjU9Rfpp,True,14,FINAL,2126.8
2026-09-20T09:48:30+00:00,f2d1c8_sa-elections-samples-20260806-001318-0332_f382f5,"Greetings Orange River farm neighbours, absolute victory as the final ballot papers are being sorted today! The IEC Chairperson publicly declared in a special radio broadcast that anyone who deliberately spoilt their ballot can now complete an official civil-society application form to convert that invalid paper into a legal vote of no confidence against the local municipality. I read an op-ed claiming these spoiled votes were lost, but the electoral head proved those cadres wrong live on air. Our people on the ground who spoilt their papers as a protest are cheering because every ruined ballot is now officially registered on the national score sheet as a direct vote to remove corrupt leaders.",misinformation,direct,misinformation,0.9548,1,org1,QmVVUDwhAa5K3zTCggo6BSW8fqDZGaYMQi29i56CKKghKX,True,14,FINAL,2142.4
2026-09-20T09:48:30+00:00,za-elec-2026-006,"Ngithathe lesi sithombe sesikrini sesaziso segazethi kahulumeni wesifundazwe esishicilelwe ngaphambi kokhetho lokuvala isikhundla lwanamhlanje 4 November 2026, esiqinisekisa ukuthi owayeyi-raadslid yethu walahlekelwa isikhundla sakhe ngesikhathi sokuphambukela kwenye inhlangano, yingakho izakhamuzi ezindaweni zokulima kusukela emiphakathini yemingcele yaseDel-Judor kuya esigodini sethu zivota namuhla ukukhetha ummeli omusha.",non-misinformation,direct,non-misinformation,0.5173,0,org1,QmcAGMdDhqRZPSSWz3ygrr5nUyGYBvPzwPFS73TgrcuZeE,True,13,FINAL,2124.0
2026-09-20T09:48:30+00:00,f2d1c8_gen-samples-v2-20260809-091050_1213_f036a9,"For those looking to exercise their vote, it's necessary to engage with your community regarding the correct process to ensure that every vote, including assisted votes, is counted accurately.",non-misinformation,direct,non-misinformation,0.9949,0,org1,QmYCvAzeDo6dVEgm1cg116qKvzKuxvWf8UFqpaJ6nLwRGz,True,14,FINAL,2125.7
2026-09-20T09:48:30+00:00,df6f80_sa-elections-samples-20260806-001318-0126_fa9dec,"Yeka isimanga esimangalisayo sokuthi itheminali yokubamba yasendaweni ikhombise isitatimende sokucisha kwenethiwekhi ngqo lapho izinombolo zethu zesifunda samapulazi zilaiishwa. Izakhamuzi eziphoqelekile kufanele zizizwe ziqinisekiswe ngokuphelele ukuthi lokhu kuqandisa kwetheminali okungazelelwe kwakuwukuphazamiseka kokuxhumana kuphela, hhayi ukwesula ngamabomu ukufaka esikhundleni samavoti asemapulazini ngamanani agcwele avela eThaba-Nchu.",misinformation,direct,misinformation,0.5724,1,org1,QmdKdRVLWPx7hiuwTDy4auQVFUokAEz5WMc7X3cpxFGNmK,True,12,FINAL,2135.0
2026-09-20T09:48:30+00:00,df6f80_sa-elections-samples-20260806-001028-0269_849fd2,"Seswantšho se bontšago mejakoro ya phapoši ya go bala ye e tswaletšwego mo lefelong la dikgetho la Nyandeni la mahae nakong ya bošego bja dikgetho tša 2021 mo basebeledi ba bafsa ba selegae ba ilego ba lelekwa ka gobane go ile ha dumellwa fela baemedi ba phathi, bao go ya ka melawana ya pušo ya selegae ba sepetšago ka molao seabe sa ward go tsenela mabelo a matoropo ka gobane moemedi mong le mong wa setšhaba sa born-free yo a lego gona o swara tshwanelo ya molao ya go bona go bulwa ka mmele ga mabokisi a dikgetho.",misinformation,direct,misinformation,0.668,1,org1,QmZfwyYYVypaF7XEDhXBziWHFdmXMmbZj4kek5ZWMmiDDq,True,14,FINAL,2132.6
2026-09-20T09:48:30+00:00,za-elec-topo-04,mamelodi people who drew an X across all parties in protest are being tricked by the IEC into thinking it counts as a coalition vote when every single multi-marked ballot is legally shredded before counting starts,misinformation,direct,misinformation,0.9902,1,org1,QmdiqiyNJXmdaDbdpMamp4GQmtJxY7xFaCwmjwAGSTodou,True,14,FINAL,2117.1
2026-09-20T09:48:30+00:00,za-elec-2026-007,"Some say this ward demarcation dispute means we must escalate our complaints to Durban, but let us look at the legal reality: ward boundaries are finalized months before an election by the MDB after extensive public hearings, and the IEC has zero authority to redraw them.",non-misinformation,direct,non-misinformation,0.9812,0,org1,QmeFix3cFM5ranneYZDvDsqhagqBe8ABMVQQrJ9S3Kt4kG,True,13,FINAL,2123.6
2026-09-20T09:48:30+00:00,f2d1c8_sa-elections-samples-20260806-001028-0044_ed4db3,"Kholwa ukuthi ukonakalisa amavoti okwenzelwa INGUQUKO yokhetho kuyingozi enkulu; ngokungafani nempikiswano yezinqubomgomo eBhisho, ukudweba iziphambano yonke indawo eSekhukhune kushiya izwi lakho LICHITHWE ngokuphelele. #Vote2026",non-misinformation,direct,non-misinformation,0.5238,0,org1,Qmed9tFNwDxYAqC6cGupuCjbDYYBJbfPvZq6DQ144bgkei,True,13,FINAL,2125.4
2026-09-20T09:48:30+00:00,df6f80_sa-elections-samples-20260806-001318-0247_87ed83,"Balebaledi ba selete ba lemoga beke ye gore mafelo a go bala a temo a Matzikama a kentše dikgetho tše 2,150 tše di sa hlalošwago ka nako ya go wa ga marang-rang a bošego bja go bala, tše di sepelšanago le dikakanyo tše di ganetšwago tše di šupša pele ke baporofesa ba TFP ka mafelo-beke a ngwado. #LGE2021",misinformation,direct,misinformation,0.8008,1,org1,Qme4M2zouzW1TLW9U9nfL57NxQRHyZfsQjSh6jSztanpj3,True,14,FINAL,2143.7
2026-09-20T09:48:30+00:00,df6f80_sa-elections-samples-20260806-001028-0268_f8d3c2,"""Eish, we cannot stay quiet when signal jammer vehicles parked right outside the Slovo Park hall jammed cellular networks overnight, forcing local clerks to declare the official IEC-app unreachable so they could reissue blank manual tally sheets behind closed doors,"" said local civic figure Lwazi Khumalo addressing a gathering in Slovo Park informal settlement.",misinformation,direct,misinformation,0.9746,1,org1,QmNXLjYFcvZDxSP5MBSUphAGb3QhutWae4oKi1QunhNpXg,True,14,FINAL,2130.5
2026-09-20T09:48:30+00:00,f2d1c8_gen-samples-v2-20260809-091050_1297_4458b5,"Abaningi bakholelwa ukuthi amavoti angavumelekile angashintsha isimo sokhetho. Kodwa, amavoti angavumelekile awakaze abalwe noma athinte imiphumela, phela! #VoteWisely",non-misinformation,direct,non-misinformation,0.9362,0,org1,QmYr1VCyw7zXj1GiCsxCdqN75Ckrk5z527n9mUPubeNpu1,True,14,FINAL,2137.5
2026-09-20T09:48:30+00:00,df6f80_sa-elections-samples-20260806-001318-0040_97bd40,speaking at a meadowlands victory gathering community leader thandiwe naidoo said you need to know this our movement gained real ground after night counting wrapped up with official tallies showing 18420 votes in our favor as documented on our tiktok updates,non-misinformation,direct,non-misinformation,0.9813,0,org1,QmNpmAaEGq6SmWXo8WQZ7MQYKGTkqNoyhtVqTeSf6yuhMv,True,13,FINAL,2155.8
2026-09-20T09:48:30+00:00,df6f80_sa-elections-samples-20260806-001028-0268_1ef8c9,"""Theega mo, batho ba ka, rakgwebo wa poraesete o kgaotše ka mmele mogala o mogolo wa faeba go ya holong ya seteišene sa Inanda ka nako ya mpa ya bošego, a baka go swifiša ga neteweke ya selegae mola baemedi ba botša batho ba go vouta gore ba tle ka ID ka morago, a dumelela mbutho wo o sa hlahlobjwago wa ba ka gare go fapanyetša ka boleta pampiri ya mathomo ya dikgetho ka gare ga holo ye ntsho,"" go tsefile seabi sa selegae Sipho Khumalo phuthegong mo motseng wa mašakaneng wa Inanda.",misinformation,direct,misinformation,0.9284,1,org1,QmeWLAvEBwE18HhHh5QKsAG1BDCwAgyFTbvKHBvYN5bXXZ,True,14,FINAL,2135.3
2026-09-20T09:48:30+00:00,za-elec-2026-03,"Bathini abantu eteksini, le khansela ya madulo e egane toyitoyi ya ka kgaupi le ofisi ya setšo ka nako ya go bala, e dira gore boipelaetšo bo bofe goba bofe e be go ganwa ka boiketelo ga lepokisi la kgetho la ward ye ka moka. Kgonthiša gore mang le mang o a tseba.",misinformation,direct,misinformation,0.9596,1,org1,QmdAvRggWXmDeL6onkohU7zG83oGh2nVVHxSHFQ3MqpZ2s,True,14,FINAL,2133.8
2026-09-20T09:48:30+00:00,df6f80_sa-elections-samples-20260806-001318-0477_b1c426,"Calling from Khayelitsha eKasi this week, local IEC presiding officers within the City of Cape Town jurisdiction have finalized the double-check of both ward and proportional representation ballots, recording a certified 52.1 percent local turnout where independent candidates and a resurgent local party both gained verified seats after every paper slip matched the physical box totals.",non-misinformation,direct,non-misinformation,0.9931,0,org1,QmSHdS5DaQSRohQhJV1YHqYjgXZh8iiptbwPUPFfyqER3c,True,14,FINAL,2125.8
2026-09-20T09:48:30+00:00,f2d1c8_sa-elections-samples-20260806-001028-0009_2bffcb,"Babitša ba re ke ba mohlalosego, ba re ke ba nnete, efela bopolitiki ba bagolo mo Pretoria ba re swara bjalo ka dikhwiti. Ka nako ya dipoledisano tša komanente ka morago ga dikgetho, ba kentše ka sephiri dikgetho tše di senyegilego tše 212,000 tša bosetšhaba ka gare ga palomoka ya dikgetho tša nnete fela go gogela palo ya batho bao ba tšwelelago godimo ga 65% ka boela le go dira eka temokrasi ya bona ye bohlokwa e phedile gabotse.",misinformation,direct,misinformation,0.9338,1,org1,QmTVu9NpVCWZtCddFSQFih5Yfs3V6E5AZrwZbeSzfoVZm2,True,11,FINAL,2141.4
2026-09-20T09:48:30+00:00,f2d1c8_sa-elections-samples-20260806-001318-0468_362123,"Lesi sithombe esidonswe ku-inthanethi sokuqinisekiswa kokubala kwase-eThekwini sifakazela ukuthi abasebenzi bezokhetho batshelwe ukuthi babale noma yimuphi umaki onciphile weqemzu elibusayo kuyilapho beshiya amavoti ethu njengonakele uma isiphambano sithinta ulayini webhokisi! Ingabe uDlamini nombutho wakhe oyisicucu bakholelwa ngempela ukuthi ngeke siqaphele ukuthi amaqembu asemandleni athola wonke amavoti anciphile kancane abalwa kanti awethu alahlwa, njengamanje izakhamuzi zaseDhethekwini ziqopha yonke itafula?",misinformation,direct,misinformation,0.9704,1,org1,QmUnnMAzKaKJigqbxcRtN5JLtBQ4xkbNUpXYhcjWP2exEd,True,13,FINAL,2123.6
2026-09-20T09:48:30+00:00,za-elec-cnt-002,"Oh wow Cala, surprise surprise!! The local mayor just put out an urgent media-statement claiming the main power grid blackout at the community hall is totally fine for counting because candles give better romance anyway... asambe let's forward this stupidity before morning!!",misinformation,direct,misinformation,0.9707,1,org1,QmYr57xJ6tgEtn5Zzi1YeBnZoghrHwHJYU2yFfNfYJNwtX,True,14,FINAL,2130.7
2026-09-20T09:48:30+00:00,df6f80_sa-elections-samples-20260806-001318-0477_5dd3c5,"Re bolela ka go lebanya go tšwa eUmlazi Section N bekeng ye, bašomi ba kgetho ba hlathile gore ge sedirišwa sa taolo ya ba bouto se tima ka nakwana ka nako ya go šoma ga bošego ka baka la go swana ga netweke ya selegae, bašomi ba latetše melao ya tshepedišo ya IEC ka go fetošela go lenaneo la pampiri ya ba bouto ya seatla le dipego tša go hlahloba dipoelo tša pampiri, go lotlela mabokisi ka moka a di-ballot ka go tiea le go hwetšagala ka botlalo go baemedi ba mokgatho bakeng sa netefatšo ya mmele.",non-misinformation,direct,non-misinformation,0.984,0,org1,QmX5HXsFWyM6WdL27F5ndBVi2ptuUjR5zmvGGGNCmNvEJB,True,14,FINAL,2137.4
2026-09-20T09:48:30+00:00,za-elec-m04,Ngiyanitshela ukuthi lowo mdwebo obonisa izinombolo zochungechunge zokuskena amabhakhodi zishintshwa ngosuku lokhetho luka-2021 elokishini lethu uyi-100 percent uqinisile ngoba umfana osebenza eduze kwase-Orlando-West uthumele isithombe esibonisa ukuthi bawudlula kanjani umthetho ojwayelekile wokugcinwa kwezinto.,misinformation,direct,misinformation,0.978,1,org1,QmXk4gU7jTLNWm1f7MVt24fNADmZyvqijkkezMuCLTqFie,True,14,FINAL,2159.3
2026-09-20T09:48:30+00:00,za-elec-2021-07,"Nanka amajaji e-Western Cape Electoral Court alahla isikhalazo sokuxoshwa ngomzuzu wokugcina, eqinisekisa ukuthi umugqa wesikhathi sokuqokwa kwabazobandakanya kumele. Yinto edidayo, kodwa okungenani imithetho yalandelwa.",non-misinformation,direct,random,0.6955,0,org12,QmYh7DaLEqioYCrcdpWhL9bnBsjYrCAdcNmG6VRJYtn1mh,True,14,FINAL,2122.6
2026-09-20T09:48:30+00:00,f2d1c8_sa-elections-samples-20260806-001028-0243_1282e1,"Ngishaya ucingo ngisuka e-Port Shepstone, ohlangothini lwasogwini. Ikhandidethi efisa ukuba yisikhulu icacisile ukuthi uphawu olweqa kancane umugqa webhokisi alilonakalisi ivoti lakho. Bachaze ukuthi inqoba nje inhloso yomvoti icacile futhi ingahlonziwa, ivoti liyabalwa. Ama-agent eqembu amise inhlebezo yesicelo esiphuthumayo ngokukhombisa abavoti imihlahlandlela yokubala yangempela endaweni.",non-misinformation,direct,random,0.5946,0,org3,QmQ2bvbbxxpKMmjghW1EUUJUnUz6V2SdBJ5RoFhHGJN4MG,True,13,FINAL,2141.3
2026-09-20T09:48:30+00:00,f2d1c8_sa-elections-samples-20260806-001028-0184_3f7177,"Sawubona makhelwane aseHowick, sonke kumele sizizwe sinethemba elikhulu ngentando yeningi yethu namuhla!! SAKAZA LOKHU NGOKUPHUTHUMAYO NGAPHAMBI KUKUTHI BASUSE LOKHU OKUBHALWAYO EQEMBINI LETHU!! Osopolotiki abaningi abakhohlakele basabalalisa amanga bethi amavoti awubala noma angenalutho okhethweni lwango-2024 aya ngokuzenzakalelayo kwiqembu elibusayo ukuze akhulise izinombolo zawo kumabhodi okugcina!! Lokho akulungile neze ngaphansi komthetho WaseNingizimu Afrika! Amaphepha okuvota angenalutho noma angavumelekile abalwa njengamavoti alahliwe ngesikhathi sokubala — awayi kunoma yiliphi iqembu nhlobo, njengasekukhetheni kwasendaweni noma yikuphi! Ungavumeli iziphathi-mandla ezingenamsebenzi zikukhohlise ukuthi ukholwe ukuthi iphepha lakho elonakele lizaqina eqenjini elibusayo!!",non-misinformation,direct,random,0.9329,1,org6,QmZFxgXU1Do4GKacVa9djXqKukumy6dp4bbYUcNNXpn4eE,True,13,FINAL,2135.0
2026-09-20T09:48:30+00:00,df6f80_gen-samples-v2-20260809-091050_1476_6851aa,Isikhumbuzo esisheshayo! Hlola ukuthi ukubhalisa kwakho kusebenza yini ngaphambi kokuya ovweni—uzodinga ukuqinisekisa nezikhulu zasendaweni uma ufuna ivoti lakho libalwe!,non-misinformation,direct,random,0.9641,1,org14,QmQGuaYWgwdBERt2e4rEQPSjbv61UApNyvfC7iF2nk1UCZ,True,14,FINAL,2132.6
2026-09-20T09:48:30+00:00,df6f80_sa-elections-samples-20260806-001318-0031_48b63e,Ukucisha kukagesi kungazelelwe kushaye esiteshini sethu e-Umlazi ngo-10 ebusuku kanti iziphathimandla ziphathe amabhokisi amavoti zaya endlini yangasese emgwaqweni. Indaba efanayo kanye kanye esiyibone eKanana ngaphambili. Singaluzwa KANJANI uZWI LWETHU uma lonke uhlelo lokubala lnyamalala ebumnyameni.,misinformation,direct,random,0.5458,0,org3,QmYzPpyP5ZoSTQW1uz3FpfpFqRiCEWBk6KHBnacBsMe3X1,True,14,FINAL,2135.2
2026-09-20T09:48:30+00:00,f2d1c8_sa-elections-samples-20260806-001318-0292_4027f2,"Lalela lapha, udinga ukwazi le nqobo eyisisekelo!! Izimbudane zokuxhumana nabantu ezichitha i-airtime ngezinsolo zokuthi ukuhlola kabili amabhokisi amabili kubalwa 'njengevoti elihlanganyelwe' azazi lutho nhlobo!! Kumane konakalisa ibhoti lakho futhi kulahlwe nya, uhlelo luyamhlophe kodwa yazi imithetho!! 🛑",non-misinformation,direct,random,0.5665,1,org12,QmW9V2H57sDtY25nUyy9S9twZo2wTH7qyB8mq4A8iW4QAj,True,12,FINAL,2129.5
2026-09-20T09:48:30+00:00,f2d1c8_sa-elections-samples-20260806-001318-0468_47af22,"Look at this snapshot of the transport logging document from the Ekurhuleni polling station showing that un-stamped spoilt ballots are secretly being shipped to Ackerville to overturn the ward results in favor of incumbent bosses! Why would corrupt municipal managers think they can secretly transport our rejected ballots all the way to Ackerville to overturn the people's will without us catching them, when our local community watch groups are tracking every vehicle tonight?",misinformation,direct,random,0.7682,1,org12,QmaLhahiGswnrWYDm4A39N2LZ83kH2rJaiL1uXtrrkkYDS,True,14,FINAL,2121.1
2026-09-20T09:48:30+00:00,df6f80_sa-elections-samples-20260806-001318-0040_0b35d5,ukwethula abalandeli ehholo lomphakathi elingaphansi kwedolobha umholi u-pietermaritz van wyk uthe kumele nazi lokhu wonke umuntu obhalisiwe kule ndawo yethu wenze umlando njengoba amaphepha okubala angu-14250 abalwe kulolu khetho oluxoxisanayo ethula iningi lamaphesente angu-54 eqenjini lethu,non-misinformation,direct,random,0.6769,1,org15,QmVGnmAHFzjVLAPaThLf2vQ5pprwZhRjM2f8bFigt6ye7A,True,14,FINAL,2141.1
2026-09-20T09:48:30+00:00,df6f80_sa-elections-samples-20260806-001318-0391_ee9281,"Ja, apparently staff in Zwelihle loaded counted ballots into a private boot overnight without agents! They say it was 'transport logistics', but our people on the ground know cadres are prepping for litigation after hiding lost votes! Oh, how honest! #Elections2026",misinformation,direct,random,0.8451,0,org10,QmbJ7db56DrU9chGviBwccHgS1MDc3whhNvHvrGgMjGKva,True,14,FINAL,2153.1
2026-09-20T09:48:30+00:00,df6f80_sa-elections-samples-20260806-001028-0177_c315f6,"Indawo yokuqinisekisa yase-Tshwane ikhishwe ku-inthanethi emuva kokuba kuphazamisekiswe ugesi okuhlosiwe. Kubonakala sengathi ubumnyama obusolisayo buhlangabezane nendawo yesifunda ngemuva nje kokuba iqembu lezibhikisho i-asiyi libuthene ngaphandle, okushiye abavoti bendawo bezibuza ukuthi ilungelo labo lobuzwe liphazamisekiseke yini ngamahora amnyama.",misinformation,direct,random,0.8632,0,org8,QmY4kK4Bg1qV6Kn4xnu1RjzepiyntP1j2oKbiNthJyYfbu,True,14,FINAL,2134.9
2026-09-20T09:48:30+00:00,f2d1c8_sa-elections-samples-20260806-001028-0389_55acc3,"Gugulethu Activists Launch 'Blank Ballot' Drive Claiming 10% Threshold Triggers Automatic Ward By-Election. Electoral campaigners along Sisulu Avenue in Gugulethu appear to confirm that under national election rules, any voting ward where blank ballots exceed 10% of total cast votes will force an immediate mandatory by-election, providing community oversight against non-performing municipal councillors.",misinformation,direct,random,0.8391,0,org13,QmPxvbVSe8SaffL61rUReN1qT1FDCwzqZcqeBjfMP8Wuhz,True,14,FINAL,2147.3
2026-09-20T09:48:30+00:00,df6f80_sa-elections-samples-20260806-001028-0494_51979e,"Setshwantsho sa sekirini sa phoso ya sisteme se bontšha GO HIROGA GA DIGITAL ka moka go ralala le porotala ya go tsenya datha ye e hlankelago dikete tša go bala tša Ezakheni peri-urban. Le ge go bile le polelo ya semmušo ya pele ya IEC ye e tshepisago tirišo ya go tsenya ya go se na mathata, bašomi ba sisteme ya selegae ba begile gore diphetho tša ward tša go tsena di ka se šome.",misinformation,direct,random,0.5628,1,org13,QmV8w1PpuYxi5pof7hcQmoMmDKfec4Ry1xWx5fG8cNUrRc,True,14,FINAL,2141.8
2026-09-20T09:48:30+00:00,f2d1c8_sa-elections-samples-20260806-001028-0396_fb07f2,Yeka isikhathi esihle kakhulu somlando wentando yeningi sokuthi i-IEC yakha ibhokisi elisemthethweni lokubhikisha kulo mjikelezo wokhetho lwendawo luka-2026 ukuze iphepha ngalinye elonakaliswe ngamabomu liphenduke isihlalo somkhandauqo esiqondile sabantu bethu phansi. Sihlala sithembela kukhomishini yethu yokhetho ethembekile ukuthi ilethe umyalo omusha ngemithetho yamaphepha okuvota emisha ephendula amashidi amisiwe abe ngummeli wangempela wabavoti kuyo yonke imiphakathi yamapulazi yaseHex River.,misinformation,direct,random,0.6355,1,org11,Qmf7kK5pyMiS8inrZCJ9ucFLffAcqDcWQq6ACQC181cEVZ,True,14,FINAL,2133.1
2026-09-20T09:48:30+00:00,za-elec-topo-08,ukuzenzisa ngokuthi ukugoqa iphepha lakho lokuvota ngendlela engekho kwenza ivoti lakho lingasebenzi e-ficksburg akusizi ngalutho ngoba izikhulu ezibuyisa imiphumela azinamalungelo asemthethweni okwala iphepha ngenxa nje yokuthi linemibimbi,non-misinformation,direct,random,0.5987,0,org2,QmQdSuzJanPouB5qyVtB3iQKLn4g5dGBXfXuJKqd2VAvra,True,14,FINAL,2130.3
2026-09-20T09:48:30+00:00,df6f80_sa-elections-samples-20260806-001318-0137_e7d705,"Are local capture operators in Alfred Duma Municipality restricting access to computer audit screens during results entry? Is it true that party representatives have a statutory right to compare the physical Section 47 result slip against terminal entries before local data capture is locked? Whether agents are assigned locally or relocated from Homevale or Mount-Croix, institutional protocol guarantees real-time verification access.",non-misinformation,direct,random,0.9281,0,org11,QmYLgoCfaLJ9nUcaXctRLbuZb3yVYcSQd9Rx1mhDeXztLB,True,14,FINAL,2135.7
2026-09-20T09:48:30+00:00,za-elec-9009,Seswantšho se tšerego Nelson Mandela Bay seo se bontšago tshedimošo ya motheo e thoma go gapa ka ponyo ya leihlo mola ditaelo tša ka morago di phumola rekordhe tša pejana tša boutu.,misinformation,direct,random,0.7736,0,org7,QmeGZaPjkStduX6Fa2grtiiHpQcCBsjQVKbdvY12NpwtYv,True,14,FINAL,2136.3
2026-09-20T09:48:30+00:00,za-elec-muni-006,"Amahlebezi asola ukuthi umphathi kamasipala wase-Johannesburg usayine umyalo ophuthumayo osula zonke izindleko ezingalandelisanga imithetho awakho, njengoba umkhandlu kamasipala kuphela onamandla asemthethweni okuphendula lokho okutholwe ekuhloleni izimali.",non-misinformation,direct,random,0.8596,0,org13,QmYMZqKw8L65Z35U3MxfD27ugMRvUxcjN3uhXsAxAYiBcS,True,13,FINAL,2126.5
2026-09-20T09:48:30+00:00,za-elec-kzn-07,"Morning family, let's not get confused by all these street talk stories about council seats shifting after the 2024 polls... Just remember how the law works here: floor-crossing for municipal councillors is currently not permitted in South Africa, meaning a councillor cannot simply take their seat over to another party without losing it and forcing a fresh by-election in that ward.",non-misinformation,direct,random,0.6446,1,org13,QmWJ6UYtazTSsuaZezoC34dqZM3u4FRyxQZ2jeuHnHa6N2,True,13,FINAL,2125.3
2026-09-20T09:48:30+00:00,f2d1c8_sa-elections-samples-20260806-001318-0292_681ef6,"Kudingeka ulalele lapha!! Abantu abangaphandle kwegazebo yasepulazini abasakaza amahlebezi okuthi amavoti awonakele aya eqenjini elikhulu kunawo wonke esishayamthetho bawubuwula nje obumsulwa!! Ibhoti elonakele alisebenzi futhi liyalahlwa, alisizi NALIPHIKE qembu lezombangazwe, ngakho yimani ukwethemba amahlaya kahulumeni, nkosi!! 🙄",non-misinformation,direct,random,0.9401,0,org2,QmW3SUZsRUaC9kcTN4u8i7EBay9eGsTr87axhcoV2hbRzH,True,14,FINAL,2139.6
2026-09-20T09:48:30+00:00,kzn-mun-fin-006,"How Ward Committees Work During Elections This Week. Eish, community members must check-your-station notices now-now to understand that ward committees serve as a vital link between residents and local municipal governance.",non-misinformation,direct,random,0.8588,1,org2,Qmd3Y5TA7qB2QTGef4iqQr7jvapYUiav84AWQU9xNBG2sZ,True,14,FINAL,2146.6
2026-09-20T09:48:30+00:00,df6f80_sa-elections-samples-20260806-001028-0127_d5aaf1,Yabelana ngaphambi kokuba basuse lokhu lalela kahle ugesi wanqunywa esiteshini esincane e-Reservoir-Hills imizuzu engu-47 nqo ngaphakathi ebusuku phakathi nendawo lapho izikhulu zazibala futhi ngaleso sikhathi sokucisha ugesi amaphepha okuvota angabalwanga angaphezu kuka-14200 anyamalala esikhungweni okuyingxenye engaphezu kwamaphesenti angamashumi amathathu abo bonke abavoti abafanelekile kuwadi ngakho kufanele udlulisele lokhu kuwo wonke umuntu njengamanje.,misinformation,direct,random,0.6218,1,org8,QmUrny5tVYqY5xbxh35RbopVb2faqnLpamCXsX2cGfiy9N,True,14,FINAL,2136.1
2026-09-20T09:48:30+00:00,f2d1c8_sa-elections-samples-20260806-001318-0163_279e58,"Someone shared a screenshot of a circular from Universitas claiming that if we all write reject on our papers, the IEC has to reconcile the numbers and trigger an automatic rerun in our village. Apparently our people are being encouraged to do this so the traditional authority gets a new candidate, but I am not sure if that is how it works.",misinformation,direct,random,0.8251,1,org7,QmVExuqpz6T4fd6P1q3YrJMBEmG57B6649XoPjsHv3T3Lb,True,11,FINAL,2130.4
2026-09-20T09:48:30+00:00,df6f80_sa-elections-samples-20260806-001318-0242_99d8ec,"Law enforcement will cordon-off streets surrounding Kliptown counting hall tonight. Cadres representing the movement need official IEC accreditation badges and valid barcoded IDs for entry. Our people on the ground, please note venue access rules.",non-misinformation,direct,random,0.8534,1,org14,QmVA4JCLm3A76JBdR72qomjF1it3WHHc629XqH7TDSFs9L,True,13,FINAL,2132.7
2026-09-20T09:48:30+00:00,df6f80_sa-elections-samples-20260806-001028-0181_f2afbf,"In my opinion, power cuts make everyone jumpy on counting night whether you are in Vryburg or Duncan-Village, but thankfully every fieldworker and party agent manually tallies and signs the result slip right there on site.",non-misinformation,direct,random,0.6096,1,org6,QmfXi1zFn3myC3omkDL3CF5Fka3XUiWhW4w6nGQ3RGpey1,True,11,FINAL,2152.0
2026-09-20T09:48:30+00:00,f2d1c8_sa-elections-samples-20260806-001318-0284_fe8b76,"Sekirini sa pego ya ditaba go tšwa setesheng sa go bala sa Eastern Cape ya magae. Ka nnete baemedi ba phathi le basireletši ba swanetše go hlahloba nomoro ya tiiso ya polasitiki e nngwe le e nngwe godimo ga bhokisi la kgetho pele ga ge go balwa go netefatša gore ga go dikgetho tše di sa lokago tše di tsenyeditšwego ka gare ga ward ya go swana, go latela mokgwa wa bohwa.",non-misinformation,direct,random,0.7247,0,org8,QmPR1WqVe9fb1LPFXxaDBRBQGBgLmrh4AnV1aGgtztakkv,True,11,FINAL,2133.8
2026-09-20T09:48:30+00:00,df6f80_sa-elections-samples-20260806-001028-0181_67545e,"Ke sa tšwa go tšwa lefelong la bouto mo Meqheleng morago ga ge beaterete ya sekana e timile pele ga ge go balwa go thoma. Badiri ba paletšwe ke go sekana monwana le ge e le goaka phodi ya sephetho sa karolo, ka gona ba tswaletše kgale mme ba tswalela pele.",misinformation,direct,random,0.7202,0,org9,QmWG8vHBJDXwtNeUQra171jrBwobUPySJC1CrhkBvpQ8RL,True,14,FINAL,2131.5
2026-09-20T09:48:30+00:00,df6f80_sa-elections-samples-20260806-001318-0331_387311,"A standard municipal power trip hit our Vryburg VD right as counting began, forcing staff to complete the manual tally under emergency battery lanterns. It certainly slowed the night down, but watching agents meticulously verify each ballot in low light was surprisingly reassuring.",non-misinformation,direct,random,0.854,1,org4,QmX4hNJdyRqMLVR5P8VXmcKvKWXFXdWv6BPNcv2sHd1mJZ,True,14,FINAL,2140.7
2026-09-20T09:48:30+00:00,f2d1c8_gen-samples-v2-20260809-091050_1204_bc7368,"A group leader in Zesfontein warned that the ordinance for the local elections states that if you spoil your vote, there’s no supplementary voting opportunity, which could severely undermine our democracy.",misinformation,direct,random,0.5203,1,org8,QmaUG6r1KWWLf6nxj7E4E9stSbkuF9cLBP5zTz66ULDcRx,True,14,FINAL,2136.4
2026-09-20T09:48:30+00:00,df6f80_sa-elections-samples-20260806-001318-0242_07f2da,Amaphoyisa athuthela ukuvalela isikhungo sokuvota esigabeni 4 sase-Umlazi. UMthetho uqondisa ukuthi noma yisiphi isikhungo esivaliwe silahlekelwa imiphumela yaso eqoqwe emuva kwamahora okusebenza. Abantu bethu phansi basenkingeni. Ingabe lona umphumela othiwe nkamandla? #Elections2024,misinformation,direct,random,0.5153,0,org12,QmXpozSbLtdQffgGo9XMGwBYePPbeaXfkRVHd9QEcGPrJt,True,14,FINAL,2124.8
2026-09-20T09:48:30+00:00,df6f80_sa-elections-samples-20260806-001028-0489_211bdf,Calling from the Worcester farming area where party agents are currently cross-checking the scanned result slips against their physical copies to verify if the ward has swung. Please share this post immediately before it gets taken down. I am glad there is no protest here because independent auditors are actively inspecting every single form.,non-misinformation,direct,random,0.7555,1,org9,QmfAjN6hgMUGAoHi9mFscrBfDyLe3QbgvTkMCWn6twYhnJ,True,14,FINAL,2133.8
2026-09-20T09:48:30+00:00,df6f80_sa-elections-samples-20260806-001318-0109_45745a,"Sho, Khayelitsha Ward 90 counting status is crazy this week! Officials locked the hall claiming a memorandum was filed to halt counting, but observers say they're secretly inputting fake tallies so we lose-metro! Is this true or what?! #LGE2026",misinformation,direct,random,0.8141,1,org3,QmNiKpKSuvxHAPyrPLNuo3QjXrHsBMhG6F4CZo7asF22Zy,True,12,FINAL,2145.7
2026-09-20T09:48:30+00:00,df6f80_sa-elections-samples-20260806-001318-0422_654607,"Mabone a phadimago mo Port Shepstone... go bonala e le tša go beakanywa... hlokego ya mešomo ya godimo e dira batho ba šoro... eupša theeletša gabotse... ge e le gore o ka gare ga mokoloko ka nako ya 9pm, balaodi ba swanetše go go dumelela o vota... gae le ge batho ba lego Brooklyn ba lebelela... o se ke wa tšwa molokolokong!!",non-misinformation,direct,random,0.7832,0,org11,QmbEeeNpFSuwuW1KTdcMYpyb8LcLztbWP3YFRCyvj2bgns,True,14,FINAL,2125.5
2026-09-20T09:48:30+00:00,za-elec-kzn-03,"Hai kona, look at these clowns running our local affairs... They think we don't read the rules!! So apparently, when a councillor gets recalled by their own branch after the 2024 elections, the municipality is legally forced to hold a brand new national election just for our ward?? Yoh, these brilliant thinkers at the municipal complaints-desk are really working overtime to insult our intelligence!!",misinformation,direct,random,0.8036,1,org2,Qmdy9wsDw25m7vuurxFPCeTyCVHJppb7Y4eyDousvZEuz5,True,13,FINAL,2124.7
2026-09-20T09:48:30+00:00,df6f80_sa-elections-samples-20260806-001028-0487_2985c3,"Taba tša setšhaba, hle phatlalatsa lefoko gore batho ba kwešiše go diega mo! Go bala mo holong ya setšhaba ya Hlabisa go emišitswe ka metsotso e 45 morago ga 21:00 ka gobane balaodi ba dikgetho ba be ba dira tekanyo ya pampiri ya dikgetho ya kgapeletšo — go bapela dikgetho tše di sa šomišweng kgahlanong le lenaneo la babouti. Maloko a rena ao a šomilego ka thata diksepong tša ntlo le ntlo a gona ka gare ga holo mmogo le baemedi bohle ba makgotla. Re tshepa gogolo mogato wo wa tlhophiso wa IEC wa tlwaelo wo o tiišetšang gore voutu e nngwe le e nngwe e a tiišetšwa.",non-misinformation,direct,random,0.8978,0,org5,QmNTpwhM5HiPBtMTeupa71xgSxky7HMGWgpUE7yBB3Zbvm,True,14,FINAL,2137.7
2026-09-20T09:48:30+00:00,df6f80_sa-elections-samples-20260806-001318-0040_f52c6b,"ukwethula isixuku endaweni yezingwevu yase-kroonstad isishoshovu u-thabo nkosi simemezele ukuthi kumele nazi lokhu ukuthi siwinile lolu khetho ngoba umthetho wokhetho udinga ukuthi noma nini lapho isistimu yokubala ephakathi iwa, ikhansela elilinganisela kufanele lithathe ukugcinwa komuntu siqu kwamabhokisi amavoti aphathekayo kuze kube yilapho ukuqala kabula kuqala, okugcine imiphumela yethu iphephile ekuphazanyisweni",misinformation,direct,random,0.7384,1,org5,QmeAFPwB66rakc8qpijD3jCSEXVLCTQUA4fGYtZVVRXG7E,True,14,FINAL,2146.5
2026-09-20T09:48:30+00:00,f2d1c8_gen-samples-v2-20260809-091050_1213_66be21,Go bohlokwa go ruta bagwera le lapa la gago ka moo ba ka senyago kgetho ya bona ka tsela ya maleba ge e le gore ba ikwa ba nyamile. Kgetho ye e senšitswego e sa kgona go bontšha manyami a gago ka ga dikgetho tša bjale.,non-misinformation,direct,random,0.8682,0,org4,QmbxeFBV4F7c5bfU9ZWwoX3dSKAnUT6cZ1X4WnZTruP2Jv,True,14,FINAL,2123.5
2026-09-20T09:48:30+00:00,df6f80_sa-elections-samples-20260806-001028-0324_5e3cf4,Bakgomegi mo Cape Town ba bontšha lethabo la tsholofelo bošegong bjo. Ba re seswantšho se anamilego se bontšha boetapele bja porofense bo hlahloba sefoka sa meetsi sa maphodisa se emego ka ntle ga lefelo la dipoelo ka nako ya go tima ga motlakase mo gae. Go bonala e ka bahlankedi ba notletše ditseno gore ba šireletše maswana a dikgetho a thopašwego. #CTVotes,misinformation,direct,random,0.8054,0,org3,QmdtiF9abG67NtNobFBwddvr7TAravhjYP1LNpgf267crK,True,14,FINAL,2149.7
2026-09-20T09:48:30+00:00,f2d1c8_sa-elections-samples-20260806-001028-0404_36345b,ngisebenzisa isikhathi sami somoya ukushaya ucingo ngivela emzaneni namuhla 4 november 2026 maqondana nalolu tlhopho abantu kumele baqonde ukuthi uma ubhala imiyalezo phezulu kwiphepha lokuvota kuba ivoti elingavumelekile futhi alibalelwa kunoma yimuphi umuntu ozobandakanya noma isihlalo,non-misinformation,direct,random,0.5276,1,org4,QmUrfrB8hHzZqGdMcbW6fTqjKqxP3oDZ8py62gUxHXFeJg,True,14,FINAL,2140.7
2026-09-20T09:48:30+00:00,df6f80_sa-elections-samples-20260806-001028-0127_b7c2ad,Romela molaetsa wo wa lentšu go bohlegatele pele o tloswa ka ge tumelo ya ka ye e tiilego ya motho e bontšha gore leswiswi mo sethopong sa Ixopo bošego bjo le bontšha go se kgone ga masepala ka botlalo go ena le lenaneo la sephiri la go menola diphetho gomme ka pono ya ka baagi ba swanetše go bota gore tsela ya go lekola pampiri ya mmele ya tshepedišo ya rena ya Electoral ye e saenwago ke diphathi tša dipolotiki tšohle e tla boloka tshepedišo e botegile.,non-misinformation,direct,random,0.7017,0,org14,Qma6ZLXAVt6vY5NUG14FnwAHXLcXpsFpKRCXGHNnW9daGQ,True,14,FINAL,2143.3
2026-09-20T09:48:30+00:00,kzn-2021-nm02,"Pele ga ge pampiri efe kapa efe ya bouto e tsena ka gare ga lepokisi, molaodi wa goeta o swanetse go bontšha phapoši ye e se nago selo mang le mang yo emego moleng go hlatsela gore ga go sephiri seutilwego ka gare.",non-misinformation,direct,random,0.8586,1,org10,QmT6R6RKaLR2wiE7zjBiMch7yeJ4w66VxxXjAhiZP26r32,True,14,FINAL,2137.2
2026-09-20T09:48:30+00:00,f2d1c8_sa-elections-samples-20260806-001318-0049_68d475,"O swanetše go tseba se: se se latelago ke bohlatse bja seswantšho go tšwa lehare, la 4 November 2026, bjoo bo bontšhago bokgoni bja bolaodi bja setlwaedi mola balaodi ba ditiro le SAPS ba lahla ka go se šetše dipampiri tša dikgetho tša go senyega ka gare ga mmoto wo o bulegago ka ntle ga holo ya bolaodi bja setšo kgauswi le Phalaborwa, go netefatša gore dibouto tše di sa balwago di fihlelela mafelelo a mmasepala ao a nago le tšohle ka pela.",misinformation,direct,random,0.6377,0,org7,QmZNhmAs1CkQ2yEU2ZFZaPsUcSqvtqqRypk9JxcWihStkT,True,14,FINAL,2141.0
2026-09-20T09:48:30+00:00,f2d1c8_sa-elections-samples-20260806-001318-0292_172900,"Hey, you need to get this into your head!! People claiming that if you boycotted a party by writing notes on your ballot it gets logged in an official incident-report are lying!! It just spoils your vote and gets binned, no lazy politician ever reads your angry poem, bra!! 🤡",non-misinformation,direct,random,0.7073,0,org11,QmQZTJiQyNfGJipd3WukG8zrup4MmD2HYxWUFTpDKUuUkw,True,14,FINAL,2131.4
2026-09-20T09:48:30+00:00,f2d1c8_sa-elections-samples-20260806-001318-0171_6aeab9,Ke letša mogala go tšwa motsaneng wa batho ba ba sa hlomphegago kgauswi le Margate. Ke galefile kudu ka ge bašomi dikgethong tša 2021 ba badile ka boomo dikgetho tša tlaleletšo tša pene godimo ga dikgetho tša nnete gore ba di senye. Bašomi ba dirišitše leano le go šitiša palo ya dikgetho tša phathi ya kganetšo bošego bja go bala.,misinformation,direct,random,0.944,1,org4,QmP2HhKCYzRL6zsrB2QsfmuXojMyYpJiToNp9L7uu68t1m,True,14,FINAL,2162.8
2026-09-20T09:48:30+00:00,f2d1c8_sa-elections-samples-20260806-001318-0171_ff445d,"Ngishaya ucingo ngivela emjondolweni ngaphandle kweThohoyandou. Ngikholelwa kakhulu ukuthi ukumosha amaphepha ethu okuvota esiteshini sokuvotela ngo-2021 kwaba wumbukiso omuhle kakhulu wokumelana nezikhulu zikamasipala ezihileleke enkohlakalweni ye-VBS. Ngokubona kwami, iphepha lovoti elingavumelekile kwakuwumyalezo othembekile kuphela owawungathunyelwa yizakhamuzi emkhandweni wendawo.",non-misinformation,direct,random,0.882,0,org15,QmeK2xuWFy9NCsUMUmRJ7Yvf5JGvxm4Gd1DsG9hzycmm8v,True,14,FINAL,2139.2
2026-09-20T09:48:30+00:00,f2d1c8_sa-elections-samples-20260806-001318-0468_2c791d,"Lebelela infokrafi ya semolao ya letsholo yeo e abetšwego go ralala Tshwane yeo e laetšago gore ge e le gore go feta pelegi ya 50 lekgolong ya bakgethi ka ward ba senya dipampiri tša bona tša dikgetho, molao o gapeletša kgetho ya kgašo ya ka pela ka bakgethi ba baswa ka botlalo! Na ga go makatše gore go senya dipampiri tša rena tša dikgetho mo Tshwane ke sedirisiwa sa rena sa mafelelo sa semolao sa go gapeletša kgetho ya kgašo ya ka pela le go aga leswa umasipala wa rena o šwahlegilego go tloga mathomong,bjale ge setšhaba se eme mmogo bakeng sa phetogo ya nnete?",misinformation,direct,random,0.6437,1,org8,QmdBSqEXb5YkcZqrq62FdDZLUX2vjFtDoFvUiTDiz8TJK5,True,14,FINAL,2152.8
2026-09-20T09:48:30+00:00,df6f80_sa-elections-samples-20260806-001318-0325_ace029,"Ikomiti yepulazi ibike ukuthi umphathi we-IEC uqinisekise wonke umuntu ukuthi uma uhlelo lwe-VMD lwe-elekthronikhi luwa ngesikhathi sokuvota noma ubusuku bokubala, abasebenzi bashintshela ngokushesha kuhlu lwabavoti lwephepha eliphrintiwe ukuze baqinisekise abavoti, futhi nginesiqiniseko esikhulu sokuthi lokhu okujwayelekile oku-offline kusetshenziswa eziteshini ezweni lonke, kusuka e-Groblersdal kuya e-Brits, kugcina konke kuhamba ngokuqinile ngencwadi, ngencwadi.",non-misinformation,direct,random,0.5046,0,org6,QmcYvxcdP9Pf3wD4vqB7868XnsUNmdGQDSq639v6mmV8JW,True,14,FINAL,2135.6
2026-09-20T09:48:30+00:00,za-elec-9001,"Screenshot captured in Johannesburg showing municipal officials unplugging primary servers just before the midnight announcement, ensuring total blackout of ward tallies.",misinformation,direct,random,0.8132,0,org5,QmX7CrArnBdr1T5Kc9nRzRNH9mtK6d9Erup4f5V3SacAq6,True,14,FINAL,2150.2
2026-09-20T09:48:30+00:00,za-elec-2026-005,Ngicabanga ukuthi abaphathi bomasipala base-Galeshewe benza sengathi kunenkinga yezepolitiki namuhla ukuze bagcine imisebenzi yabo kuyilapho imikhandlu isale ingakhethi muntu. #IEC,misinformation,direct,random,0.7404,1,org4,QmVAAm6DXN8o7TpJZdB766E8BGLGNYTBcN3F5kszD5cT5q,True,13,FINAL,2147.7
2026-09-20T09:48:30+00:00,f2d1c8_gen-samples-v2-20260809-091050_1213_66a691,Meme ye e tshwenyago ye e dikologago inthaneteng e bolela gore balaodi ba ditlhopho mo Boipatong ba laetswe go hlokomologa dikgetho tše di thušitšwego tše di tšwago metseng ya magae. Se se tšweletša dipelaelo tše dikgolo mabapi le kabelo ya matla magareng ga badudi.,misinformation,direct,random,0.972,0,org4,Qma9BBVLAapGhrowFniuRMbBVuBvCTnMqaRwtx7ipgcGpy,True,14,FINAL,2132.4
2026-09-20T09:48:30+00:00,f2d1c8_sa-elections-samples-20260806-001028-0483_7557fc,"I'm fairly sure most people in Palm-Ridge don't realize that 80% of all rejected ballots automatically go to the governing party, even hurting small parties like the NFP! Incredible how rigged the rules are! #Vote2026",misinformation,direct,random,0.8112,0,org12,QmVmxWs72w7c2pS3QK12bPxQ7wooWQCTfk7jpQiw5UfumD,True,13,FINAL,2137.8
2026-09-20T09:48:30+00:00,df6f80_sa-elections-samples-20260806-001318-0126_c58424,"Go thaba bjang gakaakang ge bašomi ba dikgetho ba swere holo ya go balela ya selegae e tswaletswe ka diiri tše pedi tša tlaleletšo ka morago ga ge di-audit tša mafelelo di feditšwe. Teko e nngwe le e nngwe ya go lekola gore ke ka baka la eng pampiri ya mmele ye e kgomareditšwego mojako e fapana le dipalo tša mathomo tša molomo e tla bonagala e le phoso ya go hloka molato, ye e sa hlahletšwago ke badulamatlotlo ba dipolotiki ba Sterling ba khoporase.",misinformation,direct,random,0.915,1,org4,QmbAT6yANdvZyn4EXYTkqwuzTyx3QzPsLWuy1GRZsnqmWZ,True,14,FINAL,2130.1
2026-09-20T09:48:30+00:00,df6f80_sa-elections-samples-20260806-001318-0391_e0b0b5,"Apparently some geniuses on this hashtag think a power dip in Hlabisa invalidates results? Eish, our people on the ground and cadres from every party signed the physical result slips on site before any blackout. The movement can’t magically invent votes on paper! #FactCheck",non-misinformation,direct,random,0.952,1,org5,QmYwnYGw26iLxnr42S2A359hSkHwfc9b1XU8asJKKyphvT,True,12,FINAL,2139.5
2026-09-20T09:48:30+00:00,f2d1c8_sa-elections-samples-20260806-001028-0464_54da30,"Hawu majita, re be le taba ye e hlakahlakanego ya molao wa ditlhopho pele ga re ya dikgethong! Ge dišošovhu di kgotleletša batsofadi go senya dipampiri tša bona tša ditlhopho go ganetsa bomenemene bwa mmušo, dipampiri tšeo di swailwego tša go sa šome di lahlelwa ka molao ka nako ya phedišano ya dipalo gomme di ka se gapeletše ama-Hawks go nyakišiša goba go fetoša diphetho tša ward.",non-misinformation,direct,random,0.5281,0,org4,QmVPfhSXrhCodjzqwYuXoLwoxt26MbPpCnv6gMxjmmNHym,True,13,FINAL,2142.9
2026-09-20T09:48:30+00:00,df6f80_sa-elections-samples-20260806-001028-0355_8b7196,"In my village under Chief Makhanya, I saw a photo posted this week of a dark bakkie parked outside our counting hall in the dark, in the pitch dark. People from masijabule were gathering, but this photo clearly shows ballot boxes were stolen during the blackout before protests started.",misinformation,direct,random,0.8402,0,org5,QmYcFq6Unwrs5TYzJ7tiYV9RE4w4jphXGHZD9xSbDDd776,True,13,FINAL,2131.2
2026-09-20T09:48:30+00:00,za-elec-2026-05,Udinga ukwazi lokhu ngaphambi kokuba wabelane ngezaziso zaseBeacon-Bay: ukubhala umlayezo wokwenqaba kuwo wonke amaphepha akho okuvota kusho ukuthi i-IEC kumele ikunikeze kabusha ifomu elihlanzekile ngokushesha.,misinformation,direct,random,0.6745,1,org8,QmTmEq7MFi31VXf6Z74MVFfZ4c3xgXXM3QmgGYg89eDM7W,True,14,FINAL,2137.6
2026-09-20T09:48:30+00:00,f2d1c8_gen-samples-v2-20260809-091050_1258_d4ee2b,"I saw a post saying that if you spoil your vote in protest it actually doesn’t count towards the overall tally so watch out for those claims that it's a way of showing people power, it's actually a way for them to claim-fraud later",misinformation,direct,random,0.9235,1,org4,QmTDVeghSUoQihARHquTkc4EqTCktU7FAe72djx4r27NnB,True,14,FINAL,2145.9
2026-09-20T09:48:30+00:00,f2d1c8_gen-samples-v2-20260809-091050_1256_6d364f,"Masibhekane nalokho, sinelungelo lokuzwakalisa imibono yethu mayelana nokubusa ngamavoti ethu. Kodwa ukumosha ivoti akulona isisombululo; kwenza izinto zibe mnyama nakakhulu!",non-misinformation,direct,random,0.7938,1,org15,QmXnAQaU7AF1nDqkeuhJAgtRFeYFwrRFAyS3id8hTznAdL,True,14,FINAL,2137.1
2026-09-20T09:48:30+00:00,df6f80_sa-elections-samples-20260806-001028-0489_37b135,"Le mogo, ke letša ke tšwa holong ya setšhaba ya polaseng kgauswi le Ceres moo ba tswaletšego meako gape ba thibela moemedi wa phathi go hlokomela go balwa ga dibouto bošego bja lehono, go swana le tiragalo yeo ya Buffalo-City mengwageng ye e fetilego. Hle romellang molaetsa wo ka pejana pele o tloswa. Ke nagana gore go na le boipelaetšo bjo bonnye bja khutšo ka ntle bjo bo emetšego balaodi ba dikgetho go hlaloša se se diregago.",misinformation,direct,random,0.9029,1,org8,Qmbz4U6spEB7hzUjsrX79y27saCrGwuGajF5utr2kisSKw,True,14,FINAL,2130.6
2026-09-20T09:48:30+00:00,df6f80_sa-elections-samples-20260806-001318-0317_c654d2,Kanti kwenzekani ngempela ngeloli lezokhetho elihamba e-Zesfontein ngesikhathi sesivunguvungu esaphula ISOMI lethu izolo ebusuku? Laqhela lingaphelezelwe amahora amabili EBUHLENI BUKAHAMBA—ingabe lokhu kubambezeleka kwenziwa ngamabomu ukuthi kuthathelwe indawo amabhokisi ethu okuvota asendaweni ngaphambi kokuba afinyelele endaweni yokubala?,misinformation,direct,random,0.5894,1,org10,QmV1i6f5kcETpUAjxzZWMcpuC592unyQLAEbmymfb4UkSE,True,13,FINAL,2143.9
2026-09-20T09:48:30+00:00,f2d1c8_gen-samples-v2-20260809-091050_1071_7fef5d,Ke sa tšwa go hwetša mo Barcelona gore ge o senya bouto ya gago gomme wa bea ngongorego e ka se amogelewe go fihlela nyakišišo e tswalwa yeo e ka tšeago nako ye telele gomme ra feleletša re le kgauswi le go se be le selo sa go bontšha,misinformation,direct,random,0.59,0,org11,QmYXe7qjvTRRfCJHuz5cJX29Q2j3mKRZuzzoPakHLGUFm3,True,13,FINAL,2150.8
2026-09-20T09:48:30+00:00,f2d1c8_sa-elections-samples-20260806-001028-0389_c74d9c,"Mamelodi Polling Manual Permits Initialled Corrections on Spoilt Ballot Papers. Precinct guides issued across Mamelodi reportedly state that voters who incorrectly mark a candidate can validate their amended choice by initialling next to the correct box, a measure intended to reduce maladministration claims arising from historical floor-crossing disputes.",misinformation,direct,random,0.5954,0,org10,QmPFwKMsJYpNC6i54BTQ243QADt8srLszzdVsjN4pVwRzV,True,13,FINAL,2131.9
2026-09-20T09:48:30+00:00,f2d1c8_gen-samples-v2-20260809-091050_1262_79dde2,"Amazwi ethu emkhandlwini ayaminza; ukumosha ivoti lakho kwenza kube lula ngamalungu amisiwe ukuthi athathe ukulawula ukhetho, futhi ngeke sikuvumele lokhu ukuba kwenzeke futhi kumasipala wethu.",misinformation,direct,random,0.9622,1,org6,QmNYbL3iTrQdEfdqyPtwodAFUNxChvu4RQfukz4YBk2Dvs,True,14,FINAL,2120.8
2026-09-20T09:48:30+00:00,df6f80_gen-samples-v2-20260809-091050_1353_82009a,"The elections will take place tomorrow at the local primary school. Make sure your IDs are ready, as proper identification is critical for your franchise rights. Every vote matters, and showing up on time could make a big difference in the outcome!",non-misinformation,direct,random,0.8209,1,org4,QmSTPUXzA6GV2Sg9zvczBKXBy49QLdHRmXF5PdNtdddDhU,True,14,FINAL,2126.1
2026-09-20T09:48:30+00:00,f2d1c8_gen-samples-v2-20260809-091050_1473_58de80,"Heard that if you don’t vote in Melkbosstrand, your ward will be monitored by the NPA as potential trouble. Sounds like a lack of accountability.",misinformation,direct,random,0.8161,0,org8,QmNRfx6DbH5Hmad3DYqohFi2y75B7MBHQDv7twzEPFXUWc,True,14,FINAL,2135.1
2026-09-20T09:48:30+00:00,df6f80_sa-elections-samples-20260806-001028-0127_c9b851,Hle reka molaetsa wo gatele pele pele o tloswa dikgokaganong tša loago sethopo segolo sa go bala sa Ixopo se ile sa wela lefifeng maabane bošego ka ge motho a timile diuniti tša jeneretha tše tharo ka nepagalo ya diiri tše tharo gomme diboutu tša pampiri tša mathomo tše 8500 di sentšwe pele bašomi ba Electoral ba ka tsenya dipalo tša diatla ka gona fetetša molaetsa wo wa lentšu go sehlopha se sengwe le se sengwe pele ba thibela nnete.,misinformation,direct,random,0.8076,0,org6,QmR8qUqCcWRXzCfFr5zWZM2JyDXmFoMvicb1Aui4LT9cCF,True,14,FINAL,2139.2
2026-09-20T09:48:30+00:00,sd-2024-003,"Yeka ukubonakaliswa kobuhle bokulawula, njengoba khona manje e-Paarl imenenja yedolobha isidlulisele ngokusemthethweni wonke amalungelo okukhokhiswa ugesi enkampanini yangasese yasolwandle ngaphambi kokuba kube sekwephuzile kakhulu!",misinformation,direct,random,0.7743,0,org14,QmXJhM7GLaXrq4dHydRv7UwWCeVQDRJ3v85FL9Ub1cXnE4,True,13,FINAL,2137.2
2026-09-20T09:48:30+00:00,f2d1c8_gen-samples-v2-20260809-091050_1447_3f61b3,Umphakathi wethu ukhumbuziwe ukuthi amaphepha okuvota abonakele okumele abe yindlela yokugcina lapho kuvotwa. Masisebenzise amavoti ethu ukuthonya ushintsho kahle! #Empowerment,non-misinformation,direct,random,0.965,0,org4,QmNMC4AZVAYFwz7ck2dZ4MP2FxFU76EJDyfaS96NprPtbn,True,14,FINAL,2152.4
2026-09-20T09:48:30+00:00,f2d1c8_gen-samples-v2-20260809-091050_1077_91abc9,"It's crucial to recognize that valid votes must be cast in a manner that aligns with the established norms, and confusingly marked ballots can result in invalid votes in the current electoral climate.",non-misinformation,direct,random,0.5861,0,org11,QmfCjbJkZC6Hn8Uepj4ULvbup5NcXwwxse57qTGTnJ9Smc,True,12,FINAL,2126.2
2026-09-20T09:48:30+00:00,f2d1c8_sa-elections-samples-20260806-001028-0404_47844e,listening to the station commentary here in our village near the tribal boundary on 4 november 2026 the officer just reminded everyone that any spoilt vote is counted separately and recorded on the official result slip with party agents watching,non-misinformation,direct,random,0.7526,0,org15,QmdzQXpp6EFk28W4KSLkDpnc5zoECXH8zfPqp5BWg8j1xQ,True,14,FINAL,2124.0
2026-09-20T09:48:30+00:00,df6f80_gen-samples-v2-20260809-091050_1405_a276b9,"Kubalulekile ukuhlonipha umbuso weningi (majority-rule) ngesikhathi sokhetho, ikakhulukazi ngezinkinga zangaphambilini esibhekene nazo ku-mayoral-race.",non-misinformation,direct,random,0.5825,0,org15,QmfRoXhpep9AXmM3YpmTQN8XzHsMddZbAbhwJEzNhRi6Km,True,14,FINAL,2127.9
2026-09-20T09:48:30+00:00,za-elec-mfg-03,IS IT TRUE THAT the CHIEF ELECTORAL OFFICER signed an emergency DECREE forbidding any minor kingmaker party from entering a coalition unless their internal INCIDENT-REPORT logs are audited by the magistrate?,misinformation,direct,random,0.788,0,org11,QmWF5DZSLMwVVtrzJ1kCVDeyyqv9YjVrnQv3Anx6PEtZaw,True,14,FINAL,2134.0
2026-09-20T09:48:30+00:00,df6f80_sa-elections-samples-20260806-001028-0376_42dd7d,"This screenshot of the operator tablet apparently shows the network system totally down in a rural area outside eMbalenhle right as counting finished... Pass this around before it gets erased, because the governing-coalition seems to be delaying result transmission behind closed doors!!",misinformation,direct,random,0.6433,0,org13,QmRKRVXGcWYrRLrqDKdZ8FRfvD1h4xA32dYxkhGwn6X2TM,True,13,FINAL,2149.3
2026-09-20T09:48:30+00:00,df6f80_sa-elections-samples-20260806-001318-0477_c7074e,"Ngibiza eSoweto kule viki, iziphathimandla zokhetho zikamasipala ezithathe isifungo sazo esisemthethweni ziqedile ukubala ngesandla kwasendaweni esiteshini sokubala sase-Orlando West, lapho kuqoshwe khona ukuba khona kwabavoti abangamaphesenti angu-58.4 abaqinisekisiwe kuyo yonke iwadi, futhi amashidi okugcina abhalwe ngokusemthethweni ngabo bonke abamele amaqembu ngaphambi kokuba adluliselwe ukunquma i-quota yobungako bomkhandlu weDolobha laseJohannesburg.",non-misinformation,direct,random,0.7139,0,org3,QmcfipkBXXJ4LB3bxvpCHR6V8DyPG6Fehk6p2kXFeok5sH,True,14,FINAL,2135.3
2026-09-20T09:48:30+00:00,f2d1c8_gen-samples-v2-20260809-091050_1447_ef97d0,We witnessed the IEC affirm that every valid vote is accounted for! Spoilt ballots are scrutinized so that our people's voices are never lost. #ElectionFacts,non-misinformation,direct,random,0.5898,1,org10,QmUnonCiTBfTz4NNJQbKePSgs3BZMQfG6cbao65QMhWSsC,True,14,FINAL,2126.4
2026-09-20T09:48:30+00:00,za-elec-kzn-09,"Hi everyone, let's make sure we understand our rights when it comes to filling empty seats in our local council following the 2024 elections... If a vacancy happens in a proportional representation (PR) list seat rather than a direct ward seat, the political party simply fills that vacancy from their registered candidate list submitted to the IEC, with no public by-election needed for PR lists.",non-misinformation,direct,random,0.9904,0,org15,QmbHD74ZXHcSPoM6yUN4zpHB8DdHxTaEfMqG5MX4sbW1ch,True,14,FINAL,2130.2
2026-09-20T09:48:30+00:00,za-elec-kzn-06,"Evening neighbours, let's get our facts straight about these local matters since the 2024 elections... If our ward councillor resigns or is removed, the municipality cannot just pick someone new out of a hat!! Yoh, these clever big shots at the top actually have to notify the IEC officially, and the IEC is then legally required to call a by-election within 90 days so registered voters can choose a replacement properly.",non-misinformation,direct,random,0.7735,1,org9,QmXkdK7vZhqvZrQ78xV3Q8qedCBQqdfmyKLMc1FPiFVCnD,True,11,FINAL,2152.6
2026-09-20T09:48:30+00:00,df6f80_sa-elections-samples-20260806-001028-0045_71ddd8,"COMMUNITY NOTICE FOR SOWETO RESIDENTS: We hereby inform our people that on this night of 4 November 2026, state officials have conveniently killed the power at our counting centre just as box sealing began, repeating the exact dark trick they pulled in Malamulele. How remarkable that state security only loses electricity when our people's ballots are being counted.",misinformation,direct,random,0.5597,0,org15,Qmf2YrxQPaiDgZjJjUvBVVu5Ycw8s1HvDxo9tSjLHANWuQ,True,14,FINAL,2134.0
2026-09-20T09:48:30+00:00,df6f80_sa-elections-samples-20260806-001028-0450_7cb1a5,"""Lalela lapha! Ngobusuku bokubala, uEskom wacisha ugesi e-Clanwilliam futhi amabhokisi amavoti avalwe kahle ashushuniswa aphuma ngamabakkie angenazo izimpawu, kuphindaphinda umkhonyovu ofana ncamashi wemiphumela ethathelwe phezulu esiwubonile eminyakeni edlule lapho amabhokisi alahlwa khona e-Gauteng nase-East-London! Okhulumela i-IEC edolobheni uthule du ngenkathi umyalelo wethu untshontshwa phansi kwamagesi acishiwe!"" kumemeza umququzeli wendawo uBheki Khumalo emhlanganweni wokuphuthumisa e-Clanwilliam.",misinformation,direct,random,0.6416,1,org15,QmVb8LTMoYDqiS5QfPrsMcLqZEANUAb4owJHUYWJ1MQDUH,True,14,FINAL,2129.1
2026-09-20T09:48:30+00:00,f2d1c8_sa-elections-samples-20260806-001028-0234_137706,"Ngibika ngivela e-Gugulethu, kumele ngihlekise ngamaqhinga ahlakaniphile e-Knysna acabanga ukuthi izinkinga ezincane zokuphatha njengokusebenzisa uphawu lokuhlola esikhundleni sesiphambano esisemthethweni azinamageva! UMthetho Wokuvota ucace saka: noma yikuphi ukuchezuka 'ku-X' kwenza iphepha lokuvota lingabi semthethweni ngokomthetho ekukhetheni abazongenela ukhetho futhi kudlulisela lelo phepha ngokuzenzakalelayo esilinganisweni sokuphatha sikamasipala. Imithetho yimithetho, izinqubo zomthetho ziyizinqubo zomthetho, futhi uphawu lwakho lokuhlola olungcolile lunikezela ngokusemthethweni ukhetho lwakho ngqo esabelweni sesihlalo sokugcinwa somkhandlu!",misinformation,direct,random,0.8779,0,org12,QmbDxMF2TBBbRFmFqt4Cax7eh3N9aW5162Yy3hvyRdHuob,True,14,FINAL,2129.5
2026-09-20T09:48:30+00:00,f2d1c8_sa-elections-samples-20260806-001028-0044_1a9dce,"Honestly, advocating for spoilt ballots in ekasi polling stations seems pointless to me; provincial electoral law means a ruined paper achieves NOTHING except lowering actual turnout. #Marikana",non-misinformation,direct,random,0.8887,0,org3,QmQfcsyuA64Ctb9gNbn2r44JHYrtGBtgJrxQxsSSYaQnk5,True,14,FINAL,2141.7
2026-09-20T09:48:30+00:00,za-elec-non-04,"IS IT TRUE THAT secret ballot voting is legally mandated when municipal councils elect their mayor, speaker, and chief whip during the inaugural post-election sitting?",non-misinformation,direct,random,0.8115,1,org6,QmQm1c8TPg36o4j5PXqMEdEvwxapHN2jAxk8tQpSjiwgRr,True,12,FINAL,2135.5
2026-09-20T09:48:30+00:00,f2d1c8_sa-elections-samples-20260806-001318-0102_d26c0f,"During a village briefing in rural Vhembe under traditional authority, a local civic educator noted, 'Share before they delete this, you need to know this: standing in long-queues to spoil your vote on purpose does not transfer your vote to the party controlling healthcare, because spoilt ballots are logged separately and awarded to no party.'",non-misinformation,direct,random,0.773,0,org4,QmUMjqwmRZdFfqUGbnvhFjUr2EQPMUt1HMYLZTz6PJpoJ8,True,14,FINAL,2136.0
2026-09-20T09:48:30+00:00,df6f80_sa-elections-samples-20260806-001028-0093_d12a91,"Correcting rumours that reached cadres living along unpaved ROADS this week, IEC rules confirm that delayed result capturing due to power outages or transport blockages does NOT trigger an automatic re-election, and all verified physical tallies remain legally binding ahead of the official municipal INAUGURATION.",non-misinformation,direct,random,0.8051,0,org4,QmRUN8Xrj4b5UjMw4GpBmxpMRiZEvhXope5aMkWcpJ1bwQ,True,12,FINAL,2129.9
2026-09-20T09:48:30+00:00,df6f80_sa-elections-samples-20260806-001318-0297_9fa0be,"""You need to understand the verification architecture before spreading rumours about system-down failures, because statutory IEC result capture protocols require that every scanned result slip from Johannesburg to Pimville and down to our local capture center must undergo double-blind data entry by two separate capture operators to detect any discrepancies before results can be officially published!"" — Election observer addressing journalists at a media briefing in uMhlathuze, KwaZulu-Natal, 4 November 2026.",non-misinformation,direct,random,0.7352,1,org12,QmTEZanZ3ZyzjULEKpLu8suYhBUeDz3xaw6gjxRgpfpRUq,True,12,FINAL,2122.1
2026-09-20T09:48:30+00:00,df6f80_sa-elections-samples-20260806-001028-0376_f1af74,"Lesi sithombe esidonswe ngcono sibonakala siqinisekisa amaphoyisa avala inkantolo yendabuko e-Eastern-Cape lapho amabhokisi amavoti kuthiwa athwetshulwe amadoda ahlomile ngesikhathi kuphawulwa sekwephuzile ngezibalo zokuqala... Sakaza lokhu manjemanje ngaphambi kokuthi kusulwe, njengoba abaphathi abafihlekile bafihla ngokubonakala ukubala kwangempela kwamavoti emisha!!",misinformation,direct,random,0.9939,0,org10,QmZvuXEQcDC1SeiAHrk8QzMh1L4omBqd4mxsF14fdhQJMd,True,14,FINAL,2119.9
2026-09-20T09:48:30+00:00,df6f80_sa-elections-samples-20260806-001028-0045_62eacd,"OFFICIAL NOTICE FOR MAMELODI RESIDENTS: We inform our people that local power tripped at our counting station tonight, 4 November 2026, but emergency backup generators immediately turned on to protect our votes. How funny that after months of political campaigning from Seshego to Pretoria, simple municipal cables still trip during counting.",non-misinformation,direct,random,0.9715,1,org3,QmRhyrddRZCHtB7dSR65ZAvDyLkQ7R978LEax8uxF3HEyY,True,14,FINAL,2156.1
2026-09-20T09:48:30+00:00,za-elec-9008,kwele-ethekwini wadi 33 ingqikithi yabantu abavotayo yafinyelela kumaphesenti angu-45.1 ngesikhathi samavoti kamasipala ka-novemba 2021,non-misinformation,direct,random,0.5499,1,org8,QmUrfaozMHXjjGe5oJn4qrYjUNxcjHrmRy7CF75wdbdhkv,True,14,FINAL,2137.6
2026-09-20T09:48:30+00:00,f2d1c8_sa-elections-samples-20260806-001028-0234_11ee7b,"Ngibika ngivela e-Khayelitsha, ngijabule kakhulu ukuhlekisa ngabahlaziyi bezombangazwe base-Steiltes abathi isikhalazo samavoti aphazamisekile se-WRP sizokhulaza ukuvotwa kukahulumeni wendawo! Ukubalwa komkhandlu kwe-IEC okusemthethweni kuqinisekisa amavoti ayizinkulungwane ezingamashumi amane nambili nezinkulungwane eziyikhumi neshumi nanye sekonke aphonswe esifundeni esincane, amavoti asemi kahle amaqembu enza amaphesenti angu-98.6 kanti amavoti angasebenzi noma aphazamisekile anqunyelwe kuvoti eziyinkulungwane ezinhlanu namashumi ayisishiyagalolunye nesishiyagalolunye kuphela. Idatha esemthethweni inqoba inkulumo-ze, idatha esemthethweni inqoba umsindo, okufakazela futhi ukuthi ukuphathwa kokhetho lomphakathi kwethu kusebenza ngokunemba okungenakuphikiswa!",non-misinformation,direct,random,0.6667,0,org3,QmXUPcPU1vpufbdXxkEZSWMuidvffQpzdpZKrhDFwcU2Jn,True,14,FINAL,2136.9
2026-09-20T09:48:30+00:00,df6f80_sa-elections-samples-20260806-001318-0126_53e440,"Go thaba thata ge lefelo la rena la selete sa go bala dipalo le fihlelile go se kwane mo go sa letelwago mola re beakanya dipalo tša mapapura a polaseng ya semaga. Ke phomolo e كاakang go tseba gore gonotlela mejakong ya lefelo la go balela dikgwedi tše tharo e be e le fela kgatelelo ya theknoloji magareng ga babalesedi ba amaqembu a selegae, go feta go ba tiego ya go balwa ye e beakantšwego ya go gapeletša dinyakwa tše di swerwego go sepetšana le diabelo tša selete tše di beetšwego pele.",misinformation,direct,random,0.938,1,org8,QmT7hKwJP4KhRBYPTEy3gn56veVVw7kD82cm7JFJph3KZu,True,14,FINAL,2132.8
2026-09-20T09:48:30+00:00,df6f80_sa-elections-samples-20260806-001318-0242_8956eb,Isibuyekezo sesikhungo sokubala sase-Umlazi. Imiphumela evela ebhokisini ngalinye ihlolwa ephepheni ngaphambi kokuba ilayishelwe kudeski bukhoma. Ama-cadres amaqembu kumele aveze omazisi abamnyama nabamhlophe abanama-barcode ukuze kuqinisekiswe amashidi wokubala we-VEC4 esizeni. Abantu bethu phansi bayaluqapha ngokucophelela lolu hlelo.,non-misinformation,direct,random,0.5423,0,org3,QmRiKFEScsjFBGNfKYS7eWy2XA6iA7TxkAxYEEmTksmh3d,True,14,FINAL,2136.8
2026-09-20T09:48:30+00:00,df6f80_gen-samples-v2-20260809-091050_1353_84e974,"Someone shared a photo claiming that there’s a blackout at the counting center. This isn’t the first time they’ll use that excuse when results are poised to show massive unemployment! Don’t let them fool you — there’s a reason they’re keeping that info under wraps, probably to manipulate the seat-allocation process.  What’s next, huh?",misinformation,direct,random,0.9695,1,org13,QmVNir4tmCBwFkrJPN6YoE8srm3nbWs1KXoKBRjPJ4eyoF,True,13,FINAL,2164.6
2026-09-20T09:48:30+00:00,za-elec-wc-2026-07,"Ge a bolela le komiti ya kopano ya temo mo Malmesbury, molaodi wa tša dithoto wa selete o tiišitše gore ditešhene tša boutu mo Ward 4 di tla bulega ka nako ya 07:00 gomme tša tswalela ka 21:00, di nyaka bakgethi ka moka bao ba lego molaong nako ya go tswalela gore ba šomeše go sa letšwe go ya ka diprojekše tša ka morago.",non-misinformation,direct,random,0.5781,1,org3,QmXRXiwzDDYkM1UYFoBSsQ6pbZgvyG9KR3dbHxQympdsRz,True,14,FINAL,2128.4
2026-09-20T09:48:30+00:00,df6f80_gen-samples-v2-20260809-091050_1476_7bb174,I hear they lost the entire Belhar result this year because someone 'misplaced' the server! Can you believe that? How can we move forward with that kind of negligence?,misinformation,direct,random,0.6522,1,org8,QmUJv2eYtXA4NS6aWPNyJSa9GtRtQbvRv6qYpZQYyBwUX4,True,14,FINAL,2143.8
2026-09-20T09:48:30+00:00,f2d1c8_sa-elections-samples-20260806-001028-0032_6a0c9e,MAMELODI CIVIC UPDATE: Ke kgopolo ya rena gore palo ya godimo ya dikgetho tša nakwana le tša go senyega tše di ngwadilego ka nako ya dikgetho tša 2021 e bonagatša thuto ya bakgethi ye e sa lekanego go e na le bomenemene bja dikgetho bja tsamaiso. Na Afrika Borwa e ka rarolla thulano ye ya sepolotiki ge e ba baagi ba tšwela pele go kgetha ka bomomo go senya dikgetho tša bona go e na le go dira gore baetapele ba kgethilwego ba arabele? Kgetho ye e senyegilego e balwa bjalo ka ye e ganetšwago e bile ga e fetole diphetho tša boetapele.,non-misinformation,direct,random,0.7804,0,org5,QmPxxGHHMYxKL1xvB4q31mjUsYD6r2M8jvtzM7MsqTygNT,True,12,FINAL,2188.7
2026-09-20T09:48:30+00:00,f2d1c8_sa-elections-samples-20260806-001318-0416_e1c0cc,"People around Khayelitsha are making me mad with this fake rumour that putting a tick instead of a cross invalidates your entire ballot paper, but if you read the official situational-report instructions given to staff, any ballot where the voter's intention is clear inside the box is accepted as a completely credible vote.",non-misinformation,direct,random,0.7601,1,org7,QmPChVugnGD2366FYUb822AyUdpiCWwWCKmfvePs5XsCCY,True,14,FINAL,2129.2
2026-09-20T09:48:30+00:00,f2d1c8_sa-elections-samples-20260806-001028-0396_0cf1ec,"Here on our Upington raisin farms, it is just wonderful how transparent the law is, because when someone marks two parties or writes their name on the paper, the IEC strictly rejects it as an invalid ballot so nobody gets unearned council seats from Umlazi to the Eastern-Cape. Our people on the ground can truly celebrate an electoral authority that protects the integrity of our votes without taking shortcuts.",non-misinformation,direct,random,0.5456,1,org15,QmckxdPKRPzrsXfRVD5WRXaskmqbj8fz9UYs1Z16kDy8NS,True,14,FINAL,2131.2
2026-09-20T09:48:30+00:00,f2d1c8_sa-elections-samples-20260806-001028-0360_bff65c,"Because our brilliant laws ensure nothing is wasted this week, leaving your ballot blank in Doornkop actually gives it to the ruling party, so every genius who thought they were protesting by spoiling their vote just took an oath to hand over their voice! #DecisionSA",misinformation,direct,random,0.7647,1,org15,QmfEe9dkKioWSSbt7H6XetXcmqCjFph6DqkBgAE7dWyESU,True,14,FINAL,2133.9
2026-09-20T09:48:30+00:00,f2d1c8_sa-elections-samples-20260806-001028-0388_0e8dfa,The presiding officer at our village voting tent literally told us on election day in 2021 that writing 'Spoil' on your ward ballot paper legally forces the IEC to fire the local councillor on the spot and trigger a fresh election... just like what supposedly happened in Dundee and Riebeeckstad!! Wow... such legendary civic education from our local cadres on the ground... clearly the movement thinks we were born yesterday!!,misinformation,direct,random,0.8837,1,org5,QmQ9vat7H4RdjGGULA3cj3MFeEC83ArDAnV37PU6QBNv6P,True,14,FINAL,2138.7
2026-09-20T09:48:30+00:00,f2d1c8_sa-elections-samples-20260806-001318-0163_737119,"Ngizwe ngombhalo wesu ovezwe ovela emkhankasweni e-Thabong ocela izakhamizi ukuba zonakalise amaphepha azo, kodwa ngizwa ukuthi ukonakalisa amaphepha ethu kudedisela phansi amandla ethu kulesi sigodi. Ngokusobala amaphepha awonakele abhalwa njengangasebenzi ngaphandle kokunika noma yiliphi iqembu isihlalo, ngakho-ke ngokwami abantu bethu bangcono uma bavotela noma yiluphi iqembu elibhalisiwe kunokuba balishiye lingagcwele lutho.",non-misinformation,direct,random,0.5515,0,org12,QmeroKUV2nZCoTzpVbBgpqn97EnyRxSqKhi9t3FLM3r3kA,True,14,FINAL,2140.9
2026-09-20T09:48:30+00:00,df6f80_sa-elections-samples-20260806-001318-0325_cf6243,"Moboni wa selegae o begile gore mohlokomedi wa IEC o ikholwide baetapele ba setšhaba gore bajenti ba dipolotiki ba dumelelwa ka molao go bona magato ka moka a palo ka tlase ga lesedi la tšhireletšo ka nako ya kgaotšo ya motlakase, gomme ke na le bonnete bjo bogolo bja gore o lemogile gore ge bajenti ba dipolotiki ba ganetša palomoka, diphepha tša dikgetho di balwa gape gona mo tafoleng pele ga ge dipheputso di phatlalatšwa, go latela melao ya setšhaba ka moka bjalo ka ge ba dira e Clermont, mogato ka mogato, mogato ka mogato.",non-misinformation,direct,random,0.9076,0,org9,QmeLTCuKQ1HdUKDyoYDqHwCjsJ974Tw3Kq3SGXYqVX95qF,True,13,FINAL,2125.9
